config_id,split,path,n_cells,is_perturbation,perturbation_type
base_000000,train,train/base_000000.npz,173,False,
base_000001,train,train/base_000001.npz,45,False,
base_000002,train,train/base_000002.npz,262,False,
base_000003,train,train/base_000003.npz,177,False,
base_000004,train,train/base_000004.npz,359,False,
base_000005,train,train/base_000005.npz,41,False,
base_000006,train,train/base_000006.npz,416,False,
base_000007,train,train/base_000007.npz,216,False,
base_000008,train,train/base_000008.npz,332,False,
base_000009,train,train/base_000009.npz,64,False,
base_000010,train,train/base_000010.npz,63,False,
base_000011,train,train/base_000011.npz,45,False,
base_000012,train,train/base_000012.npz,41,False,
base_000013,train,train/base_000013.npz,260,False,
base_000014,train,train/base_000014.npz,45,False,
base_000015,train,train/base_000015.npz,433,False,
base_000016,train,train/base_000016.npz,85,False,
base_000017,train,train/base_000017.npz,40,False,
base_000018,train,train/base_000018.npz,64,False,
base_000019,train,train/base_000019.npz,183,False,
base_000020,train,train/base_000020.npz,183,False,
base_000021,train,train/base_000021.npz,216,False,
base_000022,train,train/base_000022.npz,357,False,
base_000023,train,train/base_000023.npz,255,False,
base_000024,train,train/base_000024.npz,366,False,
base_000025,train,train/base_000025.npz,116,False,
base_000026,train,train/base_000026.npz,63,False,
base_000027,train,train/base_000027.npz,138,False,
base_000028,train,train/base_000028.npz,477,False,
base_000029,train,train/base_000029.npz,193,False,
base_000030,train,train/base_000030.npz,418,False,
base_000031,train,train/base_000031.npz,63,False,
base_000032,train,train/base_000032.npz,359,False,
base_000033,train,train/base_000033.npz,367,False,
base_000034,train,train/base_000034.npz,63,False,
base_000035,train,train/base_000035.npz,232,False,
base_000036,train,train/base_000036.npz,461,False,
base_000037,train,train/base_000037.npz,68,False,
base_000038,train,train/base_000038.npz,332,False,
base_000039,train,train/base_000039.npz,261,False,
base_000040,train,train/base_000040.npz,216,False,
base_000041,train,train/base_000041.npz,64,False,
base_000042,train,train/base_000042.npz,150,False,
base_000043,train,train/base_000043.npz,367,False,
base_000044,train,train/base_000044.npz,40,False,
base_000045,train,train/base_000045.npz,182,False,
base_000046,train,train/base_000046.npz,320,False,
base_000047,train,train/base_000047.npz,59,False,
base_000048,train,train/base_000048.npz,138,False,
base_000049,train,train/base_000049.npz,41,False,
base_000050,train,train/base_000050.npz,216,False,
base_000051,train,train/base_000051.npz,118,False,
base_000052,train,train/base_000052.npz,471,False,
base_000053,train,train/base_000053.npz,160,False,
base_000054,train,train/base_000054.npz,174,False,
base_000055,train,train/base_000055.npz,41,False,
base_000056,train,train/base_000056.npz,180,False,
base_000057,train,train/base_000057.npz,85,False,
base_000058,train,train/base_000058.npz,232,False,
base_000059,train,train/base_000059.npz,232,False,
base_000060,train,train/base_000060.npz,63,False,
base_000061,train,train/base_000061.npz,304,False,
base_000062,train,train/base_000062.npz,366,False,
base_000063,train,train/base_000063.npz,232,False,
base_000064,train,train/base_000064.npz,232,False,
base_000065,train,train/base_000065.npz,366,False,
base_000066,train,train/base_000066.npz,149,False,
base_000067,train,train/base_000067.npz,116,False,
base_000068,train,train/base_000068.npz,216,False,
base_000069,train,train/base_000069.npz,150,False,
base_000070,train,train/base_000070.npz,41,False,
base_000071,train,train/base_000071.npz,174,False,
base_000072,train,train/base_000072.npz,109,False,
base_000073,train,train/base_000073.npz,45,False,
base_000074,train,train/base_000074.npz,59,False,
base_000075,train,train/base_000075.npz,120,False,
base_000076,train,train/base_000076.npz,45,False,
base_000077,train,train/base_000077.npz,415,False,
base_000078,train,train/base_000078.npz,262,False,
base_000079,train,train/base_000079.npz,232,False,
base_000080,train,train/base_000080.npz,92,False,
base_000081,train,train/base_000081.npz,121,False,
base_000082,train,train/base_000082.npz,255,False,
base_000083,train,train/base_000083.npz,150,False,
base_000084,train,train/base_000084.npz,304,False,
base_000085,train,train/base_000085.npz,92,False,
base_000086,train,train/base_000086.npz,359,False,
base_000087,train,train/base_000087.npz,60,False,
base_000088,train,train/base_000088.npz,304,False,
base_000089,train,train/base_000089.npz,262,False,
base_000090,train,train/base_000090.npz,138,False,
base_000091,train,train/base_000091.npz,121,False,
base_000092,train,train/base_000092.npz,60,False,
base_000093,train,train/base_000093.npz,64,False,
base_000094,train,train/base_000094.npz,490,False,
base_000095,train,train/base_000095.npz,64,False,
base_000096,train,train/base_000096.npz,177,False,
base_000097,train,train/base_000097.npz,85,False,
base_000098,train,train/base_000098.npz,85,False,
base_000099,train,train/base_000099.npz,68,False,
base_000100,train,train/base_000100.npz,118,False,
base_000101,train,train/base_000101.npz,116,False,
base_000102,train,train/base_000102.npz,41,False,
base_000103,train,train/base_000103.npz,318,False,
base_000104,train,train/base_000104.npz,262,False,
base_000105,train,train/base_000105.npz,173,False,
base_000106,train,train/base_000106.npz,121,False,
base_000107,train,train/base_000107.npz,359,False,
base_000108,train,train/base_000108.npz,421,False,
base_000109,train,train/base_000109.npz,85,False,
base_000110,train,train/base_000110.npz,366,False,
base_000111,train,train/base_000111.npz,138,False,
base_000112,train,train/base_000112.npz,92,False,
base_000113,train,train/base_000113.npz,474,False,
base_000114,train,train/base_000114.npz,232,False,
base_000115,train,train/base_000115.npz,367,False,
base_000116,train,train/base_000116.npz,232,False,
base_000117,train,train/base_000117.npz,120,False,
base_000118,train,train/base_000118.npz,320,False,
base_000119,train,train/base_000119.npz,182,False,
base_000120,train,train/base_000120.npz,63,False,
base_000121,train,train/base_000121.npz,149,False,
base_000122,train,train/base_000122.npz,45,False,
base_000123,train,train/base_000123.npz,320,False,
base_000124,train,train/base_000124.npz,85,False,
base_000125,train,train/base_000125.npz,173,False,
base_000126,train,train/base_000126.npz,216,False,
base_000127,train,train/base_000127.npz,232,False,
base_000128,train,train/base_000128.npz,40,False,
base_000129,train,train/base_000129.npz,175,False,
base_000130,train,train/base_000130.npz,91,False,
base_000131,train,train/base_000131.npz,276,False,
base_000132,train,train/base_000132.npz,64,False,
base_000133,train,train/base_000133.npz,149,False,
base_000134,train,train/base_000134.npz,366,False,
base_000135,train,train/base_000135.npz,116,False,
base_000136,train,train/base_000136.npz,149,False,
base_000137,train,train/base_000137.npz,461,False,
base_000138,train,train/base_000138.npz,45,False,
base_000139,train,train/base_000139.npz,118,False,
base_000140,train,train/base_000140.npz,216,False,
base_000141,train,train/base_000141.npz,64,False,
base_000142,train,train/base_000142.npz,120,False,
base_000143,train,train/base_000143.npz,182,False,
base_000144,train,train/base_000144.npz,120,False,
base_000145,train,train/base_000145.npz,64,False,
base_000146,train,train/base_000146.npz,59,False,
base_000147,train,train/base_000147.npz,91,False,
base_000148,train,train/base_000148.npz,91,False,
base_000149,train,train/base_000149.npz,255,False,
base_000150,train,train/base_000150.npz,181,False,
base_000151,train,train/base_000151.npz,180,False,
base_000152,train,train/base_000152.npz,260,False,
base_000153,train,train/base_000153.npz,85,False,
base_000154,train,train/base_000154.npz,255,False,
base_000155,train,train/base_000155.npz,85,False,
base_000156,train,train/base_000156.npz,63,False,
base_000157,train,train/base_000157.npz,138,False,
base_000158,train,train/base_000158.npz,304,False,
base_000159,train,train/base_000159.npz,60,False,
base_000160,train,train/base_000160.npz,118,False,
base_000161,train,train/base_000161.npz,63,False,
base_000162,train,train/base_000162.npz,183,False,
base_000163,train,train/base_000163.npz,116,False,
base_000164,train,train/base_000164.npz,366,False,
base_000165,train,train/base_000165.npz,183,False,
base_000166,train,train/base_000166.npz,149,False,
base_000167,train,train/base_000167.npz,158,False,
base_000168,train,train/base_000168.npz,40,False,
base_000169,train,train/base_000169.npz,91,False,
base_000170,train,train/base_000170.npz,60,False,
base_000171,train,train/base_000171.npz,85,False,
base_000172,train,train/base_000172.npz,432,False,
base_000173,train,train/base_000173.npz,91,False,
base_000174,train,train/base_000174.npz,304,False,
base_000175,train,train/base_000175.npz,232,False,
base_000176,train,train/base_000176.npz,259,False,
base_000177,train,train/base_000177.npz,175,False,
base_000178,train,train/base_000178.npz,216,False,
base_000179,train,train/base_000179.npz,255,False,
base_000180,train,train/base_000180.npz,92,False,
base_000181,train,train/base_000181.npz,64,False,
base_000182,train,train/base_000182.npz,40,False,
base_000183,train,train/base_000183.npz,216,False,
base_000184,train,train/base_000184.npz,118,False,
base_000185,train,train/base_000185.npz,45,False,
base_000186,train,train/base_000186.npz,368,False,
base_000187,train,train/base_000187.npz,63,False,
base_000188,train,train/base_000188.npz,304,False,
base_000189,train,train/base_000189.npz,216,False,
base_000190,train,train/base_000190.npz,216,False,
base_000191,train,train/base_000191.npz,41,False,
base_000192,train,train/base_000192.npz,116,False,
base_000193,train,train/base_000193.npz,275,False,
base_000194,train,train/base_000194.npz,320,False,
base_000195,train,train/base_000195.npz,40,False,
base_000196,train,train/base_000196.npz,175,False,
base_000197,train,train/base_000197.npz,121,False,
base_000198,train,train/base_000198.npz,368,False,
base_000199,train,train/base_000199.npz,150,False,
base_000200,train,train/base_000200.npz,182,False,
base_000201,train,train/base_000201.npz,150,False,
base_000202,train,train/base_000202.npz,366,False,
base_000203,train,train/base_000203.npz,173,False,
base_000204,train,train/base_000204.npz,368,False,
base_000205,train,train/base_000205.npz,60,False,
base_000206,train,train/base_000206.npz,109,False,
base_000207,train,train/base_000207.npz,63,False,
base_000208,train,train/base_000208.npz,116,False,
base_000209,train,train/base_000209.npz,320,False,
base_000210,train,train/base_000210.npz,262,False,
base_000211,train,train/base_000211.npz,471,False,
base_000212,train,train/base_000212.npz,216,False,
base_000213,train,train/base_000213.npz,183,False,
base_000214,train,train/base_000214.npz,118,False,
base_000215,train,train/base_000215.npz,60,False,
base_000216,train,train/base_000216.npz,149,False,
base_000217,train,train/base_000217.npz,91,False,
base_000218,train,train/base_000218.npz,138,False,
base_000219,train,train/base_000219.npz,120,False,
base_000220,train,train/base_000220.npz,421,False,
base_000221,train,train/base_000221.npz,367,False,
base_000222,train,train/base_000222.npz,304,False,
base_000223,train,train/base_000223.npz,490,False,
base_000224,train,train/base_000224.npz,116,False,
base_000225,train,train/base_000225.npz,45,False,
base_000226,train,train/base_000226.npz,63,False,
base_000227,train,train/base_000227.npz,138,False,
base_000228,train,train/base_000228.npz,63,False,
base_000229,train,train/base_000229.npz,320,False,
base_000230,train,train/base_000230.npz,121,False,
base_000231,train,train/base_000231.npz,41,False,
base_000232,train,train/base_000232.npz,91,False,
base_000233,train,train/base_000233.npz,85,False,
base_000234,train,train/base_000234.npz,216,False,
base_000235,train,train/base_000235.npz,116,False,
base_000236,train,train/base_000236.npz,359,False,
base_000237,train,train/base_000237.npz,304,False,
base_000238,train,train/base_000238.npz,62,False,
base_000239,train,train/base_000239.npz,261,False,
base_000240,train,train/base_000240.npz,366,False,
base_000241,train,train/base_000241.npz,85,False,
base_000242,train,train/base_000242.npz,116,False,
base_000243,train,train/base_000243.npz,276,False,
base_000244,train,train/base_000244.npz,45,False,
base_000245,train,train/base_000245.npz,421,False,
base_000246,train,train/base_000246.npz,160,False,
base_000247,train,train/base_000247.npz,45,False,
base_000248,train,train/base_000248.npz,255,False,
base_000249,train,train/base_000249.npz,175,False,
base_000250,train,train/base_000250.npz,85,False,
base_000251,train,train/base_000251.npz,182,False,
base_000252,train,train/base_000252.npz,276,False,
base_000253,train,train/base_000253.npz,85,False,
base_000254,train,train/base_000254.npz,216,False,
base_000255,train,train/base_000255.npz,255,False,
base_000256,train,train/base_000256.npz,85,False,
base_000257,train,train/base_000257.npz,416,False,
base_000258,train,train/base_000258.npz,59,False,
base_000259,train,train/base_000259.npz,182,False,
base_000260,train,train/base_000260.npz,276,False,
base_000261,train,train/base_000261.npz,158,False,
base_000262,train,train/base_000262.npz,63,False,
base_000263,train,train/base_000263.npz,85,False,
base_000264,train,train/base_000264.npz,121,False,
base_000265,train,train/base_000265.npz,261,False,
base_000266,train,train/base_000266.npz,432,False,
base_000267,train,train/base_000267.npz,85,False,
base_000268,train,train/base_000268.npz,45,False,
base_000269,train,train/base_000269.npz,63,False,
base_000270,train,train/base_000270.npz,276,False,
base_000271,train,train/base_000271.npz,490,False,
base_000272,train,train/base_000272.npz,41,False,
base_000273,train,train/base_000273.npz,64,False,
base_000274,train,train/base_000274.npz,182,False,
base_000275,train,train/base_000275.npz,59,False,
base_000276,train,train/base_000276.npz,45,False,
base_000277,train,train/base_000277.npz,471,False,
base_000278,train,train/base_000278.npz,160,False,
base_000279,train,train/base_000279.npz,62,False,
base_000280,train,train/base_000280.npz,91,False,
base_000281,train,train/base_000281.npz,64,False,
base_000282,train,train/base_000282.npz,216,False,
base_000283,train,train/base_000283.npz,63,False,
base_000284,train,train/base_000284.npz,216,False,
base_000285,train,train/base_000285.npz,433,False,
base_000286,train,train/base_000286.npz,64,False,
base_000287,train,train/base_000287.npz,359,False,
base_000288,train,train/base_000288.npz,40,False,
base_000289,train,train/base_000289.npz,68,False,
base_000290,train,train/base_000290.npz,421,False,
base_000291,train,train/base_000291.npz,366,False,
base_000292,train,train/base_000292.npz,60,False,
base_000293,train,train/base_000293.npz,85,False,
base_000294,train,train/base_000294.npz,304,False,
base_000295,train,train/base_000295.npz,118,False,
base_000296,train,train/base_000296.npz,45,False,
base_000297,train,train/base_000297.npz,121,False,
base_000298,train,train/base_000298.npz,138,False,
base_000299,train,train/base_000299.npz,366,False,
base_000300,train,train/base_000300.npz,183,False,
base_000301,train,train/base_000301.npz,158,False,
base_000302,train,train/base_000302.npz,366,False,
base_000303,train,train/base_000303.npz,359,False,
base_000304,train,train/base_000304.npz,182,False,
base_000305,train,train/base_000305.npz,367,False,
base_000306,train,train/base_000306.npz,62,False,
base_000307,train,train/base_000307.npz,92,False,
base_000308,train,train/base_000308.npz,160,False,
base_000309,train,train/base_000309.npz,232,False,
base_000310,train,train/base_000310.npz,216,False,
base_000311,train,train/base_000311.npz,138,False,
base_000312,train,train/base_000312.npz,367,False,
base_000313,train,train/base_000313.npz,416,False,
base_000314,train,train/base_000314.npz,173,False,
base_000315,train,train/base_000315.npz,41,False,
base_000316,train,train/base_000316.npz,41,False,
base_000317,train,train/base_000317.npz,85,False,
base_000318,train,train/base_000318.npz,474,False,
base_000319,train,train/base_000319.npz,150,False,
base_000320,train,train/base_000320.npz,64,False,
base_000321,train,train/base_000321.npz,367,False,
base_000322,train,train/base_000322.npz,85,False,
base_000323,train,train/base_000323.npz,160,False,
base_000324,train,train/base_000324.npz,232,False,
base_000325,train,train/base_000325.npz,421,False,
base_000326,train,train/base_000326.npz,60,False,
base_000327,train,train/base_000327.npz,261,False,
base_000328,train,train/base_000328.npz,116,False,
base_000329,train,train/base_000329.npz,305,False,
base_000330,train,train/base_000330.npz,182,False,
base_000331,train,train/base_000331.npz,367,False,
base_000332,train,train/base_000332.npz,175,False,
base_000333,train,train/base_000333.npz,45,False,
base_000334,train,train/base_000334.npz,41,False,
base_000335,train,train/base_000335.npz,41,False,
base_000336,train,train/base_000336.npz,276,False,
base_000337,train,train/base_000337.npz,59,False,
base_000338,train,train/base_000338.npz,62,False,
base_000339,train,train/base_000339.npz,418,False,
base_000340,train,train/base_000340.npz,63,False,
base_000341,train,train/base_000341.npz,262,False,
base_000342,train,train/base_000342.npz,91,False,
base_000343,train,train/base_000343.npz,183,False,
base_000344,train,train/base_000344.npz,471,False,
base_000345,train,train/base_000345.npz,232,False,
base_000346,train,train/base_000346.npz,490,False,
base_000347,train,train/base_000347.npz,120,False,
base_000348,train,train/base_000348.npz,68,False,
base_000349,train,train/base_000349.npz,261,False,
base_000350,train,train/base_000350.npz,175,False,
base_000351,train,train/base_000351.npz,64,False,
base_000352,train,train/base_000352.npz,64,False,
base_000353,train,train/base_000353.npz,60,False,
base_000354,train,train/base_000354.npz,91,False,
base_000355,train,train/base_000355.npz,180,False,
base_000356,train,train/base_000356.npz,416,False,
base_000357,train,train/base_000357.npz,304,False,
base_000358,train,train/base_000358.npz,367,False,
base_000359,train,train/base_000359.npz,261,False,
base_000360,train,train/base_000360.npz,116,False,
base_000361,train,train/base_000361.npz,121,False,
base_000362,train,train/base_000362.npz,320,False,
base_000363,train,train/base_000363.npz,367,False,
base_000364,train,train/base_000364.npz,91,False,
base_000365,train,train/base_000365.npz,45,False,
base_000366,train,train/base_000366.npz,160,False,
base_000367,train,train/base_000367.npz,85,False,
base_000368,train,train/base_000368.npz,116,False,
base_000369,train,train/base_000369.npz,433,False,
base_000370,train,train/base_000370.npz,318,False,
base_000371,train,train/base_000371.npz,91,False,
base_000372,train,train/base_000372.npz,477,False,
base_000373,train,train/base_000373.npz,45,False,
base_000374,train,train/base_000374.npz,304,False,
base_000375,train,train/base_000375.npz,85,False,
base_000376,train,train/base_000376.npz,92,False,
base_000377,train,train/base_000377.npz,160,False,
base_000378,train,train/base_000378.npz,320,False,
base_000379,train,train/base_000379.npz,216,False,
base_000380,train,train/base_000380.npz,45,False,
base_000381,train,train/base_000381.npz,260,False,
base_000382,train,train/base_000382.npz,41,False,
base_000383,train,train/base_000383.npz,359,False,
base_000384,train,train/base_000384.npz,116,False,
base_000385,train,train/base_000385.npz,116,False,
base_000386,train,train/base_000386.npz,182,False,
base_000387,train,train/base_000387.npz,64,False,
base_000388,train,train/base_000388.npz,60,False,
base_000389,train,train/base_000389.npz,262,False,
base_000390,train,train/base_000390.npz,262,False,
base_000391,train,train/base_000391.npz,63,False,
base_000392,train,train/base_000392.npz,63,False,
base_000393,train,train/base_000393.npz,490,False,
base_000394,train,train/base_000394.npz,175,False,
base_000395,train,train/base_000395.npz,232,False,
base_000396,train,train/base_000396.npz,232,False,
base_000397,train,train/base_000397.npz,416,False,
base_000398,train,train/base_000398.npz,60,False,
base_000399,train,train/base_000399.npz,255,False,
base_000400,train,train/base_000400.npz,216,False,
base_000401,train,train/base_000401.npz,45,False,
base_000402,train,train/base_000402.npz,366,False,
base_000403,train,train/base_000403.npz,118,False,
base_000404,train,train/base_000404.npz,121,False,
base_000405,train,train/base_000405.npz,262,False,
base_000406,train,train/base_000406.npz,433,False,
base_000407,train,train/base_000407.npz,359,False,
base_000408,train,train/base_000408.npz,63,False,
base_000409,train,train/base_000409.npz,216,False,
base_000410,train,train/base_000410.npz,150,False,
base_000411,train,train/base_000411.npz,85,False,
base_000412,train,train/base_000412.npz,216,False,
base_000413,train,train/base_000413.npz,120,False,
base_000414,train,train/base_000414.npz,40,False,
base_000415,train,train/base_000415.npz,64,False,
base_000416,train,train/base_000416.npz,173,False,
base_000417,train,train/base_000417.npz,85,False,
base_000418,train,train/base_000418.npz,476,False,
base_000419,train,train/base_000419.npz,477,False,
base_000420,train,train/base_000420.npz,41,False,
base_000421,train,train/base_000421.npz,216,False,
base_000422,train,train/base_000422.npz,116,False,
base_000423,train,train/base_000423.npz,91,False,
base_000424,train,train/base_000424.npz,160,False,
base_000425,train,train/base_000425.npz,85,False,
base_000426,train,train/base_000426.npz,116,False,
base_000427,train,train/base_000427.npz,91,False,
base_000428,train,train/base_000428.npz,85,False,
base_000429,train,train/base_000429.npz,262,False,
base_000430,train,train/base_000430.npz,320,False,
base_000431,train,train/base_000431.npz,367,False,
base_000432,train,train/base_000432.npz,120,False,
base_000433,train,train/base_000433.npz,432,False,
base_000434,train,train/base_000434.npz,63,False,
base_000435,train,train/base_000435.npz,138,False,
base_000436,train,train/base_000436.npz,432,False,
base_000437,train,train/base_000437.npz,177,False,
base_000438,train,train/base_000438.npz,121,False,
base_000439,train,train/base_000439.npz,63,False,
base_000440,train,train/base_000440.npz,45,False,
base_000441,train,train/base_000441.npz,177,False,
base_000442,train,train/base_000442.npz,261,False,
base_000443,train,train/base_000443.npz,433,False,
base_000444,train,train/base_000444.npz,45,False,
base_000445,train,train/base_000445.npz,216,False,
base_000446,train,train/base_000446.npz,368,False,
base_000447,train,train/base_000447.npz,477,False,
base_000448,train,train/base_000448.npz,160,False,
base_000449,train,train/base_000449.npz,41,False,
base_000450,train,train/base_000450.npz,40,False,
base_000451,train,train/base_000451.npz,305,False,
base_000452,train,train/base_000452.npz,176,False,
base_000453,train,train/base_000453.npz,366,False,
base_000454,train,train/base_000454.npz,40,False,
base_000455,train,train/base_000455.npz,357,False,
base_000456,train,train/base_000456.npz,116,False,
base_000457,train,train/base_000457.npz,63,False,
base_000458,train,train/base_000458.npz,64,False,
base_000459,train,train/base_000459.npz,45,False,
base_000460,train,train/base_000460.npz,116,False,
base_000461,train,train/base_000461.npz,477,False,
base_000462,train,train/base_000462.npz,262,False,
base_000463,train,train/base_000463.npz,60,False,
base_000464,train,train/base_000464.npz,276,False,
base_000465,train,train/base_000465.npz,138,False,
base_000466,train,train/base_000466.npz,85,False,
base_000467,train,train/base_000467.npz,45,False,
base_000468,train,train/base_000468.npz,160,False,
base_000469,train,train/base_000469.npz,121,False,
base_000470,train,train/base_000470.npz,421,False,
base_000471,train,train/base_000471.npz,416,False,
base_000472,train,train/base_000472.npz,332,False,
base_000473,train,train/base_000473.npz,180,False,
base_000474,train,train/base_000474.npz,150,False,
base_000475,train,train/base_000475.npz,41,False,
base_000476,train,train/base_000476.npz,232,False,
base_000477,train,train/base_000477.npz,432,False,
base_000478,train,train/base_000478.npz,275,False,
base_000479,train,train/base_000479.npz,91,False,
base_000480,train,train/base_000480.npz,150,False,
base_000481,train,train/base_000481.npz,471,False,
base_000482,train,train/base_000482.npz,149,False,
base_000483,train,train/base_000483.npz,332,False,
base_000484,train,train/base_000484.npz,216,False,
base_000485,train,train/base_000485.npz,320,False,
base_000486,train,train/base_000486.npz,173,False,
base_000487,train,train/base_000487.npz,138,False,
base_000488,train,train/base_000488.npz,216,False,
base_000489,train,train/base_000489.npz,64,False,
base_000490,train,train/base_000490.npz,490,False,
base_000491,train,train/base_000491.npz,85,False,
base_000492,train,train/base_000492.npz,64,False,
base_000493,train,train/base_000493.npz,149,False,
base_000494,train,train/base_000494.npz,109,False,
base_000495,train,train/base_000495.npz,59,False,
base_000496,train,train/base_000496.npz,121,False,
base_000497,train,train/base_000497.npz,262,False,
base_000498,train,train/base_000498.npz,216,False,
base_000499,train,train/base_000499.npz,41,False,
base_000500,train,train/base_000500.npz,490,False,
base_000501,train,train/base_000501.npz,118,False,
base_000502,train,train/base_000502.npz,276,False,
base_000503,train,train/base_000503.npz,160,False,
base_000504,train,train/base_000504.npz,150,False,
base_000505,train,train/base_000505.npz,490,False,
base_000506,train,train/base_000506.npz,41,False,
base_000507,train,train/base_000507.npz,320,False,
base_000508,train,train/base_000508.npz,63,False,
base_000509,train,train/base_000509.npz,150,False,
base_000510,train,train/base_000510.npz,359,False,
base_000511,train,train/base_000511.npz,68,False,
base_000512,train,train/base_000512.npz,175,False,
base_000513,train,train/base_000513.npz,121,False,
base_000514,train,train/base_000514.npz,261,False,
base_000515,train,train/base_000515.npz,366,False,
base_000516,train,train/base_000516.npz,216,False,
base_000517,train,train/base_000517.npz,158,False,
base_000518,train,train/base_000518.npz,60,False,
base_000519,train,train/base_000519.npz,432,False,
base_000520,train,train/base_000520.npz,261,False,
base_000521,train,train/base_000521.npz,149,False,
base_000522,train,train/base_000522.npz,120,False,
base_000523,train,train/base_000523.npz,177,False,
base_000524,train,train/base_000524.npz,160,False,
base_000525,train,train/base_000525.npz,320,False,
base_000526,train,train/base_000526.npz,473,False,
base_000527,train,train/base_000527.npz,91,False,
base_000528,train,train/base_000528.npz,304,False,
base_000529,train,train/base_000529.npz,92,False,
base_000530,train,train/base_000530.npz,490,False,
base_000531,train,train/base_000531.npz,432,False,
base_000532,train,train/base_000532.npz,64,False,
base_000533,train,train/base_000533.npz,60,False,
base_000534,train,train/base_000534.npz,116,False,
base_000535,train,train/base_000535.npz,401,False,
base_000536,train,train/base_000536.npz,471,False,
base_000537,train,train/base_000537.npz,173,False,
base_000538,train,train/base_000538.npz,64,False,
base_000539,train,train/base_000539.npz,59,False,
base_000540,train,train/base_000540.npz,304,False,
base_000541,train,train/base_000541.npz,63,False,
base_000542,train,train/base_000542.npz,259,False,
base_000543,train,train/base_000543.npz,232,False,
base_000544,train,train/base_000544.npz,160,False,
base_000545,train,train/base_000545.npz,216,False,
base_000546,train,train/base_000546.npz,92,False,
base_000547,train,train/base_000547.npz,150,False,
base_000548,train,train/base_000548.npz,357,False,
base_000549,train,train/base_000549.npz,149,False,
base_000550,train,train/base_000550.npz,232,False,
base_000551,train,train/base_000551.npz,91,False,
base_000552,train,train/base_000552.npz,150,False,
base_000553,train,train/base_000553.npz,92,False,
base_000554,train,train/base_000554.npz,92,False,
base_000555,train,train/base_000555.npz,121,False,
base_000556,train,train/base_000556.npz,120,False,
base_000557,train,train/base_000557.npz,182,False,
base_000558,train,train/base_000558.npz,261,False,
base_000559,train,train/base_000559.npz,216,False,
base_000560,train,train/base_000560.npz,216,False,
base_000561,train,train/base_000561.npz,182,False,
base_000562,train,train/base_000562.npz,45,False,
base_000563,train,train/base_000563.npz,85,False,
base_000564,train,train/base_000564.npz,41,False,
base_000565,train,train/base_000565.npz,85,False,
base_000566,train,train/base_000566.npz,45,False,
base_000567,train,train/base_000567.npz,320,False,
base_000568,train,train/base_000568.npz,91,False,
base_000569,train,train/base_000569.npz,45,False,
base_000570,train,train/base_000570.npz,261,False,
base_000571,train,train/base_000571.npz,85,False,
base_000572,train,train/base_000572.npz,216,False,
base_000573,train,train/base_000573.npz,232,False,
base_000574,train,train/base_000574.npz,150,False,
base_000575,train,train/base_000575.npz,176,False,
base_000576,train,train/base_000576.npz,60,False,
base_000577,train,train/base_000577.npz,62,False,
base_000578,train,train/base_000578.npz,85,False,
base_000579,train,train/base_000579.npz,63,False,
base_000580,train,train/base_000580.npz,421,False,
base_000581,train,train/base_000581.npz,182,False,
base_000582,train,train/base_000582.npz,109,False,
base_000583,train,train/base_000583.npz,41,False,
base_000584,train,train/base_000584.npz,182,False,
base_000585,train,train/base_000585.npz,366,False,
base_000586,train,train/base_000586.npz,63,False,
base_000587,train,train/base_000587.npz,116,False,
base_000588,train,train/base_000588.npz,45,False,
base_000589,train,train/base_000589.npz,158,False,
base_000590,train,train/base_000590.npz,173,False,
base_000591,train,train/base_000591.npz,232,False,
base_000592,train,train/base_000592.npz,85,False,
base_000593,train,train/base_000593.npz,45,False,
base_000594,train,train/base_000594.npz,183,False,
base_000595,train,train/base_000595.npz,175,False,
base_000596,train,train/base_000596.npz,320,False,
base_000597,train,train/base_000597.npz,64,False,
base_000598,train,train/base_000598.npz,150,False,
base_000599,train,train/base_000599.npz,121,False,
base_000600,train,train/base_000600.npz,149,False,
base_000601,train,train/base_000601.npz,92,False,
base_000602,train,train/base_000602.npz,175,False,
base_000603,train,train/base_000603.npz,63,False,
base_000604,train,train/base_000604.npz,367,False,
base_000605,train,train/base_000605.npz,64,False,
base_000606,train,train/base_000606.npz,116,False,
base_000607,train,train/base_000607.npz,262,False,
base_000608,train,train/base_000608.npz,118,False,
base_000609,train,train/base_000609.npz,160,False,
base_000610,train,train/base_000610.npz,180,False,
base_000611,train,train/base_000611.npz,320,False,
base_000612,train,train/base_000612.npz,91,False,
base_000613,train,train/base_000613.npz,85,False,
base_000614,train,train/base_000614.npz,232,False,
base_000615,train,train/base_000615.npz,120,False,
base_000616,train,train/base_000616.npz,63,False,
base_000617,train,train/base_000617.npz,276,False,
base_000618,train,train/base_000618.npz,490,False,
base_000619,train,train/base_000619.npz,41,False,
base_000620,train,train/base_000620.npz,216,False,
base_000621,train,train/base_000621.npz,261,False,
base_000622,train,train/base_000622.npz,320,False,
base_000623,train,train/base_000623.npz,120,False,
base_000624,train,train/base_000624.npz,60,False,
base_000625,train,train/base_000625.npz,490,False,
base_000626,train,train/base_000626.npz,91,False,
base_000627,train,train/base_000627.npz,232,False,
base_000628,train,train/base_000628.npz,305,False,
base_000629,train,train/base_000629.npz,275,False,
base_000630,train,train/base_000630.npz,120,False,
base_000631,train,train/base_000631.npz,261,False,
base_000632,train,train/base_000632.npz,216,False,
base_000633,train,train/base_000633.npz,232,False,
base_000634,train,train/base_000634.npz,356,False,
base_000635,train,train/base_000635.npz,173,False,
base_000636,train,train/base_000636.npz,63,False,
base_000637,train,train/base_000637.npz,421,False,
base_000638,train,train/base_000638.npz,320,False,
base_000639,train,train/base_000639.npz,118,False,
base_000640,train,train/base_000640.npz,276,False,
base_000641,train,train/base_000641.npz,116,False,
base_000642,train,train/base_000642.npz,276,False,
base_000643,train,train/base_000643.npz,359,False,
base_000644,train,train/base_000644.npz,255,False,
base_000645,train,train/base_000645.npz,320,False,
base_000646,train,train/base_000646.npz,121,False,
base_000647,train,train/base_000647.npz,41,False,
base_000648,train,train/base_000648.npz,150,False,
base_000649,train,train/base_000649.npz,216,False,
base_000650,train,train/base_000650.npz,85,False,
base_000651,train,train/base_000651.npz,367,False,
base_000652,train,train/base_000652.npz,120,False,
base_000653,train,train/base_000653.npz,150,False,
base_000654,train,train/base_000654.npz,262,False,
base_000655,train,train/base_000655.npz,91,False,
base_000656,train,train/base_000656.npz,320,False,
base_000657,train,train/base_000657.npz,138,False,
base_000658,train,train/base_000658.npz,45,False,
base_000659,train,train/base_000659.npz,63,False,
base_000660,train,train/base_000660.npz,304,False,
base_000661,train,train/base_000661.npz,232,False,
base_000662,train,train/base_000662.npz,432,False,
base_000663,train,train/base_000663.npz,149,False,
base_000664,train,train/base_000664.npz,262,False,
base_000665,train,train/base_000665.npz,276,False,
base_000666,train,train/base_000666.npz,261,False,
base_000667,train,train/base_000667.npz,173,False,
base_000668,train,train/base_000668.npz,149,False,
base_000669,train,train/base_000669.npz,120,False,
base_000670,train,train/base_000670.npz,182,False,
base_000671,train,train/base_000671.npz,121,False,
base_000672,train,train/base_000672.npz,175,False,
base_000673,train,train/base_000673.npz,262,False,
base_000674,train,train/base_000674.npz,63,False,
base_000675,train,train/base_000675.npz,368,False,
base_000676,train,train/base_000676.npz,149,False,
base_000677,train,train/base_000677.npz,149,False,
base_000678,train,train/base_000678.npz,91,False,
base_000679,train,train/base_000679.npz,320,False,
base_000680,train,train/base_000680.npz,276,False,
base_000681,train,train/base_000681.npz,41,False,
base_000682,train,train/base_000682.npz,120,False,
base_000683,train,train/base_000683.npz,109,False,
base_000684,train,train/base_000684.npz,92,False,
base_000685,train,train/base_000685.npz,304,False,
base_000686,train,train/base_000686.npz,261,False,
base_000687,train,train/base_000687.npz,85,False,
base_000688,train,train/base_000688.npz,232,False,
base_000689,train,train/base_000689.npz,120,False,
base_000690,train,train/base_000690.npz,216,False,
base_000691,train,train/base_000691.npz,116,False,
base_000692,train,train/base_000692.npz,319,False,
base_000693,train,train/base_000693.npz,320,False,
base_000694,train,train/base_000694.npz,60,False,
base_000695,train,train/base_000695.npz,320,False,
base_000696,train,train/base_000696.npz,359,False,
base_000697,train,train/base_000697.npz,173,False,
base_000698,train,train/base_000698.npz,45,False,
base_000699,train,train/base_000699.npz,177,False,
base_000700,train,train/base_000700.npz,41,False,
base_000701,train,train/base_000701.npz,109,False,
base_000702,train,train/base_000702.npz,471,False,
base_000703,train,train/base_000703.npz,91,False,
base_000704,train,train/base_000704.npz,416,False,
base_000705,train,train/base_000705.npz,63,False,
base_000706,train,train/base_000706.npz,262,False,
base_000707,train,train/base_000707.npz,92,False,
base_000708,train,train/base_000708.npz,118,False,
base_000709,train,train/base_000709.npz,116,False,
base_000710,train,train/base_000710.npz,121,False,
base_000711,train,train/base_000711.npz,45,False,
base_000712,train,train/base_000712.npz,91,False,
base_000713,train,train/base_000713.npz,64,False,
base_000714,train,train/base_000714.npz,40,False,
base_000715,train,train/base_000715.npz,41,False,
base_000716,train,train/base_000716.npz,63,False,
base_000717,train,train/base_000717.npz,40,False,
base_000718,train,train/base_000718.npz,138,False,
base_000719,train,train/base_000719.npz,60,False,
base_000720,train,train/base_000720.npz,63,False,
base_000721,train,train/base_000721.npz,158,False,
base_000722,train,train/base_000722.npz,476,False,
base_000723,train,train/base_000723.npz,232,False,
base_000724,train,train/base_000724.npz,68,False,
base_000725,train,train/base_000725.npz,60,False,
base_000726,train,train/base_000726.npz,121,False,
base_000727,train,train/base_000727.npz,60,False,
base_000728,train,train/base_000728.npz,216,False,
base_000729,train,train/base_000729.npz,91,False,
base_000730,train,train/base_000730.npz,180,False,
base_000731,train,train/base_000731.npz,85,False,
base_000732,train,train/base_000732.npz,216,False,
base_000733,train,train/base_000733.npz,261,False,
base_000734,train,train/base_000734.npz,216,False,
base_000735,train,train/base_000735.npz,490,False,
base_000736,train,train/base_000736.npz,138,False,
base_000737,train,train/base_000737.npz,261,False,
base_000738,train,train/base_000738.npz,41,False,
base_000739,train,train/base_000739.npz,85,False,
base_000740,train,train/base_000740.npz,63,False,
base_000741,train,train/base_000741.npz,320,False,
base_000742,train,train/base_000742.npz,182,False,
base_000743,train,train/base_000743.npz,41,False,
base_000744,train,train/base_000744.npz,260,False,
base_000745,train,train/base_000745.npz,91,False,
base_000746,train,train/base_000746.npz,116,False,
base_000747,train,train/base_000747.npz,416,False,
base_000748,train,train/base_000748.npz,138,False,
base_000749,train,train/base_000749.npz,175,False,
base_000750,train,train/base_000750.npz,432,False,
base_000751,train,train/base_000751.npz,85,False,
base_000752,train,train/base_000752.npz,232,False,
base_000753,train,train/base_000753.npz,109,False,
base_000754,train,train/base_000754.npz,138,False,
base_000755,train,train/base_000755.npz,91,False,
base_000756,train,train/base_000756.npz,85,False,
base_000757,train,train/base_000757.npz,262,False,
base_000758,train,train/base_000758.npz,366,False,
base_000759,train,train/base_000759.npz,477,False,
base_000760,train,train/base_000760.npz,121,False,
base_000761,train,train/base_000761.npz,138,False,
base_000762,train,train/base_000762.npz,91,False,
base_000763,train,train/base_000763.npz,116,False,
base_000764,train,train/base_000764.npz,45,False,
base_000765,train,train/base_000765.npz,85,False,
base_000766,train,train/base_000766.npz,150,False,
base_000767,train,train/base_000767.npz,91,False,
base_000768,train,train/base_000768.npz,109,False,
base_000769,train,train/base_000769.npz,121,False,
base_000770,train,train/base_000770.npz,150,False,
base_000771,train,train/base_000771.npz,490,False,
base_000772,train,train/base_000772.npz,138,False,
base_000773,train,train/base_000773.npz,150,False,
base_000774,train,train/base_000774.npz,41,False,
base_000775,train,train/base_000775.npz,68,False,
base_000776,train,train/base_000776.npz,476,False,
base_000777,train,train/base_000777.npz,109,False,
base_000778,train,train/base_000778.npz,45,False,
base_000779,train,train/base_000779.npz,45,False,
base_000780,train,train/base_000780.npz,320,False,
base_000781,train,train/base_000781.npz,91,False,
base_000782,train,train/base_000782.npz,63,False,
base_000783,train,train/base_000783.npz,366,False,
base_000784,train,train/base_000784.npz,120,False,
base_000785,train,train/base_000785.npz,63,False,
base_000786,train,train/base_000786.npz,421,False,
base_000787,train,train/base_000787.npz,359,False,
base_000788,train,train/base_000788.npz,92,False,
base_000789,train,train/base_000789.npz,149,False,
base_000790,train,train/base_000790.npz,366,False,
base_000791,train,train/base_000791.npz,150,False,
base_000792,train,train/base_000792.npz,85,False,
base_000793,train,train/base_000793.npz,45,False,
base_000794,train,train/base_000794.npz,421,False,
base_000795,train,train/base_000795.npz,60,False,
base_000796,train,train/base_000796.npz,85,False,
base_000797,train,train/base_000797.npz,149,False,
base_000798,train,train/base_000798.npz,304,False,
base_000799,train,train/base_000799.npz,320,False,
base_000800,train,train/base_000800.npz,60,False,
base_000801,train,train/base_000801.npz,64,False,
base_000802,train,train/base_000802.npz,473,False,
base_000803,train,train/base_000803.npz,216,False,
base_000804,train,train/base_000804.npz,92,False,
base_000805,train,train/base_000805.npz,150,False,
base_000806,train,train/base_000806.npz,366,False,
base_000807,train,train/base_000807.npz,63,False,
base_000808,train,train/base_000808.npz,109,False,
base_000809,train,train/base_000809.npz,432,False,
base_000810,train,train/base_000810.npz,45,False,
base_000811,train,train/base_000811.npz,85,False,
base_000812,train,train/base_000812.npz,41,False,
base_000813,train,train/base_000813.npz,63,False,
base_000814,train,train/base_000814.npz,232,False,
base_000815,train,train/base_000815.npz,275,False,
base_000816,train,train/base_000816.npz,92,False,
base_000817,train,train/base_000817.npz,216,False,
base_000818,train,train/base_000818.npz,359,False,
base_000819,train,train/base_000819.npz,41,False,
base_000820,train,train/base_000820.npz,366,False,
base_000821,train,train/base_000821.npz,304,False,
base_000822,train,train/base_000822.npz,138,False,
base_000823,train,train/base_000823.npz,40,False,
base_000824,train,train/base_000824.npz,63,False,
base_000825,train,train/base_000825.npz,85,False,
base_000826,train,train/base_000826.npz,332,False,
base_000827,train,train/base_000827.npz,232,False,
base_000828,train,train/base_000828.npz,45,False,
base_000829,train,train/base_000829.npz,490,False,
base_000830,train,train/base_000830.npz,176,False,
base_000831,train,train/base_000831.npz,92,False,
base_000832,train,train/base_000832.npz,150,False,
base_000833,train,train/base_000833.npz,116,False,
base_000834,train,train/base_000834.npz,68,False,
base_000835,train,train/base_000835.npz,45,False,
base_000836,train,train/base_000836.npz,91,False,
base_000837,train,train/base_000837.npz,356,False,
base_000838,train,train/base_000838.npz,304,False,
base_000839,train,train/base_000839.npz,415,False,
base_000840,train,train/base_000840.npz,320,False,
base_000841,train,train/base_000841.npz,116,False,
base_000842,train,train/base_000842.npz,45,False,
base_000843,train,train/base_000843.npz,232,False,
base_000844,train,train/base_000844.npz,173,False,
base_000845,train,train/base_000845.npz,85,False,
base_000846,train,train/base_000846.npz,116,False,
base_000847,train,train/base_000847.npz,416,False,
base_000848,train,train/base_000848.npz,232,False,
base_000849,train,train/base_000849.npz,418,False,
base_000850,train,train/base_000850.npz,63,False,
base_000851,train,train/base_000851.npz,120,False,
base_000852,train,train/base_000852.npz,85,False,
base_000853,train,train/base_000853.npz,41,False,
base_000854,train,train/base_000854.npz,216,False,
base_000855,train,train/base_000855.npz,366,False,
base_000856,train,train/base_000856.npz,116,False,
base_000857,train,train/base_000857.npz,262,False,
base_000858,train,train/base_000858.npz,60,False,
base_000859,train,train/base_000859.npz,121,False,
base_000860,train,train/base_000860.npz,116,False,
base_000861,train,train/base_000861.npz,261,False,
base_000862,train,train/base_000862.npz,421,False,
base_000863,train,train/base_000863.npz,41,False,
base_000864,train,train/base_000864.npz,150,False,
base_000865,train,train/base_000865.npz,320,False,
base_000866,train,train/base_000866.npz,177,False,
base_000867,train,train/base_000867.npz,45,False,
base_000868,train,train/base_000868.npz,59,False,
base_000869,train,train/base_000869.npz,60,False,
base_000870,train,train/base_000870.npz,149,False,
base_000871,train,train/base_000871.npz,116,False,
base_000872,train,train/base_000872.npz,41,False,
base_000873,train,train/base_000873.npz,183,False,
base_000874,train,train/base_000874.npz,366,False,
base_000875,train,train/base_000875.npz,85,False,
base_000876,train,train/base_000876.npz,261,False,
base_000877,train,train/base_000877.npz,40,False,
base_000878,train,train/base_000878.npz,216,False,
base_000879,train,train/base_000879.npz,85,False,
base_000880,train,train/base_000880.npz,320,False,
base_000881,train,train/base_000881.npz,461,False,
base_000882,train,train/base_000882.npz,183,False,
base_000883,train,train/base_000883.npz,276,False,
base_000884,train,train/base_000884.npz,158,False,
base_000885,train,train/base_000885.npz,85,False,
base_000886,train,train/base_000886.npz,60,False,
base_000887,train,train/base_000887.npz,63,False,
base_000888,train,train/base_000888.npz,116,False,
base_000889,train,train/base_000889.npz,116,False,
base_000890,train,train/base_000890.npz,85,False,
base_000891,train,train/base_000891.npz,85,False,
base_000892,train,train/base_000892.npz,41,False,
base_000893,train,train/base_000893.npz,63,False,
base_000894,train,train/base_000894.npz,477,False,
base_000895,train,train/base_000895.npz,121,False,
base_000896,train,train/base_000896.npz,85,False,
base_000897,train,train/base_000897.npz,182,False,
base_000898,train,train/base_000898.npz,85,False,
base_000899,train,train/base_000899.npz,85,False,
base_000900,train,train/base_000900.npz,366,False,
base_000901,train,train/base_000901.npz,150,False,
base_000902,train,train/base_000902.npz,368,False,
base_000903,train,train/base_000903.npz,216,False,
base_000904,train,train/base_000904.npz,120,False,
base_000905,train,train/base_000905.npz,92,False,
base_000906,train,train/base_000906.npz,149,False,
base_000907,train,train/base_000907.npz,359,False,
base_000908,train,train/base_000908.npz,116,False,
base_000909,train,train/base_000909.npz,332,False,
base_000910,train,train/base_000910.npz,232,False,
base_000911,train,train/base_000911.npz,60,False,
base_000912,train,train/base_000912.npz,92,False,
base_000913,train,train/base_000913.npz,193,False,
base_000914,train,train/base_000914.npz,63,False,
base_000915,train,train/base_000915.npz,150,False,
base_000916,train,train/base_000916.npz,149,False,
base_000917,train,train/base_000917.npz,121,False,
base_000918,train,train/base_000918.npz,304,False,
base_000919,train,train/base_000919.npz,109,False,
base_000920,train,train/base_000920.npz,41,False,
base_000921,train,train/base_000921.npz,359,False,
base_000922,train,train/base_000922.npz,320,False,
base_000923,train,train/base_000923.npz,232,False,
base_000924,train,train/base_000924.npz,150,False,
base_000925,train,train/base_000925.npz,91,False,
base_000926,train,train/base_000926.npz,158,False,
base_000927,train,train/base_000927.npz,332,False,
base_000928,train,train/base_000928.npz,45,False,
base_000929,train,train/base_000929.npz,474,False,
base_000930,train,train/base_000930.npz,63,False,
base_000931,train,train/base_000931.npz,64,False,
base_000932,train,train/base_000932.npz,477,False,
base_000933,train,train/base_000933.npz,41,False,
base_000934,train,train/base_000934.npz,91,False,
base_000935,train,train/base_000935.npz,116,False,
base_000936,train,train/base_000936.npz,182,False,
base_000937,train,train/base_000937.npz,477,False,
base_000938,train,train/base_000938.npz,64,False,
base_000939,train,train/base_000939.npz,490,False,
base_000940,train,train/base_000940.npz,304,False,
base_000941,train,train/base_000941.npz,138,False,
base_000942,train,train/base_000942.npz,92,False,
base_000943,train,train/base_000943.npz,60,False,
base_000944,train,train/base_000944.npz,366,False,
base_000945,train,train/base_000945.npz,216,False,
base_000946,train,train/base_000946.npz,63,False,
base_000947,train,train/base_000947.npz,366,False,
base_000948,train,train/base_000948.npz,255,False,
base_000949,train,train/base_000949.npz,177,False,
base_000950,train,train/base_000950.npz,276,False,
base_000951,train,train/base_000951.npz,41,False,
base_000952,train,train/base_000952.npz,276,False,
base_000953,train,train/base_000953.npz,158,False,
base_000954,train,train/base_000954.npz,304,False,
base_000955,train,train/base_000955.npz,183,False,
base_000956,train,train/base_000956.npz,216,False,
base_000957,train,train/base_000957.npz,85,False,
base_000958,train,train/base_000958.npz,432,False,
base_000959,train,train/base_000959.npz,64,False,
base_000960,train,train/base_000960.npz,59,False,
base_000961,train,train/base_000961.npz,41,False,
base_000962,train,train/base_000962.npz,60,False,
base_000963,train,train/base_000963.npz,85,False,
base_000964,train,train/base_000964.npz,276,False,
base_000965,train,train/base_000965.npz,149,False,
base_000966,train,train/base_000966.npz,276,False,
base_000967,train,train/base_000967.npz,85,False,
base_000968,train,train/base_000968.npz,85,False,
base_000969,train,train/base_000969.npz,40,False,
base_000970,train,train/base_000970.npz,216,False,
base_000971,train,train/base_000971.npz,109,False,
base_000972,train,train/base_000972.npz,41,False,
base_000973,train,train/base_000973.npz,64,False,
base_000974,train,train/base_000974.npz,45,False,
base_000975,train,train/base_000975.npz,160,False,
base_000976,train,train/base_000976.npz,64,False,
base_000977,train,train/base_000977.npz,490,False,
base_000978,train,train/base_000978.npz,417,False,
base_000979,train,train/base_000979.npz,320,False,
base_000980,train,train/base_000980.npz,150,False,
base_000981,train,train/base_000981.npz,320,False,
base_000982,train,train/base_000982.npz,356,False,
base_000983,train,train/base_000983.npz,85,False,
base_000984,train,train/base_000984.npz,175,False,
base_000985,train,train/base_000985.npz,183,False,
base_000986,train,train/base_000986.npz,45,False,
base_000987,train,train/base_000987.npz,261,False,
base_000988,train,train/base_000988.npz,64,False,
base_000989,train,train/base_000989.npz,232,False,
base_000990,train,train/base_000990.npz,232,False,
base_000991,train,train/base_000991.npz,116,False,
base_000992,train,train/base_000992.npz,59,False,
base_000993,train,train/base_000993.npz,116,False,
base_000994,train,train/base_000994.npz,149,False,
base_000995,train,train/base_000995.npz,45,False,
base_000996,train,train/base_000996.npz,262,False,
base_000997,train,train/base_000997.npz,180,False,
base_000998,train,train/base_000998.npz,305,False,
base_000999,train,train/base_000999.npz,216,False,
base_001000,train,train/base_001000.npz,401,False,
base_001001,train,train/base_001001.npz,421,False,
base_001002,train,train/base_001002.npz,120,False,
base_001003,train,train/base_001003.npz,121,False,
base_001004,train,train/base_001004.npz,120,False,
base_001005,train,train/base_001005.npz,45,False,
base_001006,train,train/base_001006.npz,64,False,
base_001007,train,train/base_001007.npz,91,False,
base_001008,train,train/base_001008.npz,276,False,
base_001009,train,train/base_001009.npz,232,False,
base_001010,train,train/base_001010.npz,45,False,
base_001011,train,train/base_001011.npz,477,False,
base_001012,train,train/base_001012.npz,421,False,
base_001013,train,train/base_001013.npz,85,False,
base_001014,train,train/base_001014.npz,59,False,
base_001015,train,train/base_001015.npz,320,False,
base_001016,train,train/base_001016.npz,63,False,
base_001017,train,train/base_001017.npz,476,False,
base_001018,train,train/base_001018.npz,359,False,
base_001019,train,train/base_001019.npz,150,False,
base_001020,train,train/base_001020.npz,120,False,
base_001021,train,train/base_001021.npz,276,False,
base_001022,train,train/base_001022.npz,45,False,
base_001023,train,train/base_001023.npz,421,False,
base_001024,train,train/base_001024.npz,41,False,
base_001025,train,train/base_001025.npz,121,False,
base_001026,train,train/base_001026.npz,92,False,
base_001027,train,train/base_001027.npz,63,False,
base_001028,train,train/base_001028.npz,262,False,
base_001029,train,train/base_001029.npz,138,False,
base_001030,train,train/base_001030.npz,216,False,
base_001031,train,train/base_001031.npz,232,False,
base_001032,train,train/base_001032.npz,64,False,
base_001033,train,train/base_001033.npz,85,False,
base_001034,train,train/base_001034.npz,319,False,
base_001035,train,train/base_001035.npz,216,False,
base_001036,train,train/base_001036.npz,63,False,
base_001037,train,train/base_001037.npz,116,False,
base_001038,train,train/base_001038.npz,416,False,
base_001039,train,train/base_001039.npz,415,False,
base_001040,train,train/base_001040.npz,181,False,
base_001041,train,train/base_001041.npz,45,False,
base_001042,train,train/base_001042.npz,433,False,
base_001043,train,train/base_001043.npz,60,False,
base_001044,train,train/base_001044.npz,431,False,
base_001045,train,train/base_001045.npz,262,False,
base_001046,train,train/base_001046.npz,262,False,
base_001047,train,train/base_001047.npz,477,False,
base_001048,train,train/base_001048.npz,41,False,
base_001049,train,train/base_001049.npz,41,False,
base_001050,train,train/base_001050.npz,182,False,
base_001051,train,train/base_001051.npz,68,False,
base_001052,train,train/base_001052.npz,182,False,
base_001053,train,train/base_001053.npz,41,False,
base_001054,train,train/base_001054.npz,91,False,
base_001055,train,train/base_001055.npz,40,False,
base_001056,train,train/base_001056.npz,45,False,
base_001057,train,train/base_001057.npz,320,False,
base_001058,train,train/base_001058.npz,138,False,
base_001059,train,train/base_001059.npz,232,False,
base_001060,train,train/base_001060.npz,45,False,
base_001061,train,train/base_001061.npz,232,False,
base_001062,train,train/base_001062.npz,232,False,
base_001063,train,train/base_001063.npz,158,False,
base_001064,train,train/base_001064.npz,255,False,
base_001065,train,train/base_001065.npz,45,False,
base_001066,train,train/base_001066.npz,85,False,
base_001067,train,train/base_001067.npz,41,False,
base_001068,train,train/base_001068.npz,320,False,
base_001069,train,train/base_001069.npz,477,False,
base_001070,train,train/base_001070.npz,180,False,
base_001071,train,train/base_001071.npz,109,False,
base_001072,train,train/base_001072.npz,149,False,
base_001073,train,train/base_001073.npz,232,False,
base_001074,train,train/base_001074.npz,63,False,
base_001075,train,train/base_001075.npz,193,False,
base_001076,train,train/base_001076.npz,92,False,
base_001077,train,train/base_001077.npz,40,False,
base_001078,train,train/base_001078.npz,60,False,
base_001079,train,train/base_001079.npz,85,False,
base_001080,train,train/base_001080.npz,85,False,
base_001081,train,train/base_001081.npz,366,False,
base_001082,train,train/base_001082.npz,460,False,
base_001083,train,train/base_001083.npz,261,False,
base_001084,train,train/base_001084.npz,433,False,
base_001085,train,train/base_001085.npz,415,False,
base_001086,train,train/base_001086.npz,304,False,
base_001087,train,train/base_001087.npz,63,False,
base_001088,train,train/base_001088.npz,262,False,
base_001089,train,train/base_001089.npz,85,False,
base_001090,train,train/base_001090.npz,138,False,
base_001091,train,train/base_001091.npz,45,False,
base_001092,train,train/base_001092.npz,85,False,
base_001093,train,train/base_001093.npz,120,False,
base_001094,train,train/base_001094.npz,60,False,
base_001095,train,train/base_001095.npz,85,False,
base_001096,train,train/base_001096.npz,182,False,
base_001097,train,train/base_001097.npz,91,False,
base_001098,train,train/base_001098.npz,476,False,
base_001099,train,train/base_001099.npz,116,False,
base_001100,train,train/base_001100.npz,85,False,
base_001101,train,train/base_001101.npz,85,False,
base_001102,train,train/base_001102.npz,174,False,
base_001103,train,train/base_001103.npz,216,False,
base_001104,train,train/base_001104.npz,120,False,
base_001105,train,train/base_001105.npz,182,False,
base_001106,train,train/base_001106.npz,262,False,
base_001107,train,train/base_001107.npz,45,False,
base_001108,train,train/base_001108.npz,120,False,
base_001109,train,train/base_001109.npz,368,False,
base_001110,train,train/base_001110.npz,275,False,
base_001111,train,train/base_001111.npz,359,False,
base_001112,train,train/base_001112.npz,476,False,
base_001113,train,train/base_001113.npz,41,False,
base_001114,train,train/base_001114.npz,85,False,
base_001115,train,train/base_001115.npz,490,False,
base_001116,train,train/base_001116.npz,150,False,
base_001117,train,train/base_001117.npz,45,False,
base_001118,train,train/base_001118.npz,60,False,
base_001119,train,train/base_001119.npz,182,False,
base_001120,train,train/base_001120.npz,359,False,
base_001121,train,train/base_001121.npz,40,False,
base_001122,train,train/base_001122.npz,276,False,
base_001123,train,train/base_001123.npz,45,False,
base_001124,train,train/base_001124.npz,182,False,
base_001125,train,train/base_001125.npz,304,False,
base_001126,train,train/base_001126.npz,91,False,
base_001127,train,train/base_001127.npz,304,False,
base_001128,train,train/base_001128.npz,366,False,
base_001129,train,train/base_001129.npz,432,False,
base_001130,train,train/base_001130.npz,85,False,
base_001131,train,train/base_001131.npz,232,False,
base_001132,train,train/base_001132.npz,116,False,
base_001133,train,train/base_001133.npz,121,False,
base_001134,train,train/base_001134.npz,175,False,
base_001135,train,train/base_001135.npz,320,False,
base_001136,train,train/base_001136.npz,116,False,
base_001137,train,train/base_001137.npz,276,False,
base_001138,train,train/base_001138.npz,85,False,
base_001139,train,train/base_001139.npz,175,False,
base_001140,train,train/base_001140.npz,460,False,
base_001141,train,train/base_001141.npz,121,False,
base_001142,train,train/base_001142.npz,366,False,
base_001143,train,train/base_001143.npz,216,False,
base_001144,train,train/base_001144.npz,91,False,
base_001145,train,train/base_001145.npz,150,False,
base_001146,train,train/base_001146.npz,259,False,
base_001147,train,train/base_001147.npz,262,False,
base_001148,train,train/base_001148.npz,182,False,
base_001149,train,train/base_001149.npz,60,False,
base_001150,train,train/base_001150.npz,149,False,
base_001151,train,train/base_001151.npz,332,False,
base_001152,train,train/base_001152.npz,85,False,
base_001153,train,train/base_001153.npz,304,False,
base_001154,train,train/base_001154.npz,59,False,
base_001155,train,train/base_001155.npz,116,False,
base_001156,train,train/base_001156.npz,261,False,
base_001157,train,train/base_001157.npz,177,False,
base_001158,train,train/base_001158.npz,63,False,
base_001159,train,train/base_001159.npz,304,False,
base_001160,train,train/base_001160.npz,416,False,
base_001161,train,train/base_001161.npz,150,False,
base_001162,train,train/base_001162.npz,216,False,
base_001163,train,train/base_001163.npz,138,False,
base_001164,train,train/base_001164.npz,150,False,
base_001165,train,train/base_001165.npz,60,False,
base_001166,train,train/base_001166.npz,432,False,
base_001167,train,train/base_001167.npz,368,False,
base_001168,train,train/base_001168.npz,490,False,
base_001169,train,train/base_001169.npz,181,False,
base_001170,train,train/base_001170.npz,91,False,
base_001171,train,train/base_001171.npz,45,False,
base_001172,train,train/base_001172.npz,261,False,
base_001173,train,train/base_001173.npz,232,False,
base_001174,train,train/base_001174.npz,180,False,
base_001175,train,train/base_001175.npz,64,False,
base_001176,train,train/base_001176.npz,63,False,
base_001177,train,train/base_001177.npz,62,False,
base_001178,train,train/base_001178.npz,60,False,
base_001179,train,train/base_001179.npz,176,False,
base_001180,train,train/base_001180.npz,41,False,
base_001181,train,train/base_001181.npz,138,False,
base_001182,train,train/base_001182.npz,109,False,
base_001183,train,train/base_001183.npz,59,False,
base_001184,train,train/base_001184.npz,60,False,
base_001185,train,train/base_001185.npz,85,False,
base_001186,train,train/base_001186.npz,416,False,
base_001187,train,train/base_001187.npz,232,False,
base_001188,train,train/base_001188.npz,116,False,
base_001189,train,train/base_001189.npz,116,False,
base_001190,train,train/base_001190.npz,320,False,
base_001191,train,train/base_001191.npz,216,False,
base_001192,train,train/base_001192.npz,91,False,
base_001193,train,train/base_001193.npz,60,False,
base_001194,train,train/base_001194.npz,92,False,
base_001195,train,train/base_001195.npz,276,False,
base_001196,train,train/base_001196.npz,63,False,
base_001197,train,train/base_001197.npz,415,False,
base_001198,train,train/base_001198.npz,160,False,
base_001199,train,train/base_001199.npz,276,False,
base_001200,train,train/base_001200.npz,471,False,
base_001201,train,train/base_001201.npz,261,False,
base_001202,train,train/base_001202.npz,432,False,
base_001203,train,train/base_001203.npz,116,False,
base_001204,train,train/base_001204.npz,160,False,
base_001205,train,train/base_001205.npz,138,False,
base_001206,train,train/base_001206.npz,92,False,
base_001207,train,train/base_001207.npz,320,False,
base_001208,train,train/base_001208.npz,85,False,
base_001209,train,train/base_001209.npz,432,False,
base_001210,train,train/base_001210.npz,262,False,
base_001211,train,train/base_001211.npz,85,False,
base_001212,train,train/base_001212.npz,160,False,
base_001213,train,train/base_001213.npz,471,False,
base_001214,train,train/base_001214.npz,366,False,
base_001215,train,train/base_001215.npz,176,False,
base_001216,train,train/base_001216.npz,121,False,
base_001217,train,train/base_001217.npz,149,False,
base_001218,train,train/base_001218.npz,150,False,
base_001219,train,train/base_001219.npz,92,False,
base_001220,train,train/base_001220.npz,232,False,
base_001221,train,train/base_001221.npz,60,False,
base_001222,train,train/base_001222.npz,262,False,
base_001223,train,train/base_001223.npz,85,False,
base_001224,train,train/base_001224.npz,150,False,
base_001225,train,train/base_001225.npz,40,False,
base_001226,train,train/base_001226.npz,476,False,
base_001227,train,train/base_001227.npz,149,False,
base_001228,train,train/base_001228.npz,118,False,
base_001229,train,train/base_001229.npz,118,False,
base_001230,train,train/base_001230.npz,418,False,
base_001231,train,train/base_001231.npz,401,False,
base_001232,train,train/base_001232.npz,193,False,
base_001233,train,train/base_001233.npz,318,False,
base_001234,train,train/base_001234.npz,91,False,
base_001235,train,train/base_001235.npz,432,False,
base_001236,train,train/base_001236.npz,150,False,
base_001237,train,train/base_001237.npz,477,False,
base_001238,train,train/base_001238.npz,85,False,
base_001239,train,train/base_001239.npz,150,False,
base_001240,train,train/base_001240.npz,63,False,
base_001241,train,train/base_001241.npz,40,False,
base_001242,train,train/base_001242.npz,183,False,
base_001243,train,train/base_001243.npz,432,False,
base_001244,train,train/base_001244.npz,359,False,
base_001245,train,train/base_001245.npz,359,False,
base_001246,train,train/base_001246.npz,45,False,
base_001247,train,train/base_001247.npz,64,False,
base_001248,train,train/base_001248.npz,85,False,
base_001249,train,train/base_001249.npz,138,False,
base_001250,train,train/base_001250.npz,59,False,
base_001251,train,train/base_001251.npz,85,False,
base_001252,train,train/base_001252.npz,40,False,
base_001253,train,train/base_001253.npz,64,False,
base_001254,train,train/base_001254.npz,182,False,
base_001255,train,train/base_001255.npz,367,False,
base_001256,train,train/base_001256.npz,418,False,
base_001257,train,train/base_001257.npz,433,False,
base_001258,train,train/base_001258.npz,120,False,
base_001259,train,train/base_001259.npz,175,False,
base_001260,train,train/base_001260.npz,85,False,
base_001261,train,train/base_001261.npz,116,False,
base_001262,train,train/base_001262.npz,91,False,
base_001263,train,train/base_001263.npz,432,False,
base_001264,train,train/base_001264.npz,262,False,
base_001265,train,train/base_001265.npz,173,False,
base_001266,train,train/base_001266.npz,432,False,
base_001267,train,train/base_001267.npz,490,False,
base_001268,train,train/base_001268.npz,85,False,
base_001269,train,train/base_001269.npz,320,False,
base_001270,train,train/base_001270.npz,175,False,
base_001271,train,train/base_001271.npz,356,False,
base_001272,train,train/base_001272.npz,275,False,
base_001273,train,train/base_001273.npz,60,False,
base_001274,train,train/base_001274.npz,150,False,
base_001275,train,train/base_001275.npz,261,False,
base_001276,train,train/base_001276.npz,45,False,
base_001277,train,train/base_001277.npz,41,False,
base_001278,train,train/base_001278.npz,121,False,
base_001279,train,train/base_001279.npz,432,False,
base_001280,train,train/base_001280.npz,255,False,
base_001281,train,train/base_001281.npz,216,False,
base_001282,train,train/base_001282.npz,45,False,
base_001283,train,train/base_001283.npz,262,False,
base_001284,train,train/base_001284.npz,461,False,
base_001285,train,train/base_001285.npz,121,False,
base_001286,train,train/base_001286.npz,85,False,
base_001287,train,train/base_001287.npz,359,False,
base_001288,train,train/base_001288.npz,118,False,
base_001289,train,train/base_001289.npz,180,False,
base_001290,train,train/base_001290.npz,490,False,
base_001291,train,train/base_001291.npz,160,False,
base_001292,train,train/base_001292.npz,460,False,
base_001293,train,train/base_001293.npz,41,False,
base_001294,train,train/base_001294.npz,120,False,
base_001295,train,train/base_001295.npz,116,False,
base_001296,train,train/base_001296.npz,91,False,
base_001297,train,train/base_001297.npz,182,False,
base_001298,train,train/base_001298.npz,60,False,
base_001299,train,train/base_001299.npz,91,False,
base_001300,train,train/base_001300.npz,150,False,
base_001301,train,train/base_001301.npz,41,False,
base_001302,train,train/base_001302.npz,45,False,
base_001303,train,train/base_001303.npz,118,False,
base_001304,train,train/base_001304.npz,91,False,
base_001305,train,train/base_001305.npz,91,False,
base_001306,train,train/base_001306.npz,262,False,
base_001307,train,train/base_001307.npz,320,False,
base_001308,train,train/base_001308.npz,359,False,
base_001309,train,train/base_001309.npz,175,False,
base_001310,train,train/base_001310.npz,92,False,
base_001311,train,train/base_001311.npz,216,False,
base_001312,train,train/base_001312.npz,416,False,
base_001313,train,train/base_001313.npz,260,False,
base_001314,train,train/base_001314.npz,85,False,
base_001315,train,train/base_001315.npz,45,False,
base_001316,train,train/base_001316.npz,433,False,
base_001317,train,train/base_001317.npz,232,False,
base_001318,train,train/base_001318.npz,359,False,
base_001319,train,train/base_001319.npz,232,False,
base_001320,train,train/base_001320.npz,262,False,
base_001321,train,train/base_001321.npz,60,False,
base_001322,train,train/base_001322.npz,255,False,
base_001323,train,train/base_001323.npz,150,False,
base_001324,train,train/base_001324.npz,332,False,
base_001325,train,train/base_001325.npz,180,False,
base_001326,train,train/base_001326.npz,60,False,
base_001327,train,train/base_001327.npz,432,False,
base_001328,train,train/base_001328.npz,150,False,
base_001329,train,train/base_001329.npz,216,False,
base_001330,train,train/base_001330.npz,150,False,
base_001331,train,train/base_001331.npz,59,False,
base_001332,train,train/base_001332.npz,91,False,
base_001333,train,train/base_001333.npz,418,False,
base_001334,train,train/base_001334.npz,149,False,
base_001335,train,train/base_001335.npz,262,False,
base_001336,train,train/base_001336.npz,173,False,
base_001337,train,train/base_001337.npz,173,False,
base_001338,train,train/base_001338.npz,216,False,
base_001339,train,train/base_001339.npz,182,False,
base_001340,train,train/base_001340.npz,120,False,
base_001341,train,train/base_001341.npz,116,False,
base_001342,train,train/base_001342.npz,276,False,
base_001343,train,train/base_001343.npz,85,False,
base_001344,train,train/base_001344.npz,64,False,
base_001345,train,train/base_001345.npz,64,False,
base_001346,train,train/base_001346.npz,160,False,
base_001347,train,train/base_001347.npz,85,False,
base_001348,train,train/base_001348.npz,116,False,
base_001349,train,train/base_001349.npz,60,False,
base_001350,train,train/base_001350.npz,318,False,
base_001351,train,train/base_001351.npz,366,False,
base_001352,train,train/base_001352.npz,276,False,
base_001353,train,train/base_001353.npz,471,False,
base_001354,train,train/base_001354.npz,421,False,
base_001355,train,train/base_001355.npz,304,False,
base_001356,train,train/base_001356.npz,64,False,
base_001357,train,train/base_001357.npz,460,False,
base_001358,train,train/base_001358.npz,85,False,
base_001359,train,train/base_001359.npz,182,False,
base_001360,train,train/base_001360.npz,359,False,
base_001361,train,train/base_001361.npz,41,False,
base_001362,train,train/base_001362.npz,433,False,
base_001363,train,train/base_001363.npz,421,False,
base_001364,train,train/base_001364.npz,232,False,
base_001365,train,train/base_001365.npz,150,False,
base_001366,train,train/base_001366.npz,63,False,
base_001367,train,train/base_001367.npz,91,False,
base_001368,train,train/base_001368.npz,62,False,
base_001369,train,train/base_001369.npz,320,False,
base_001370,train,train/base_001370.npz,121,False,
base_001371,train,train/base_001371.npz,85,False,
base_001372,train,train/base_001372.npz,477,False,
base_001373,train,train/base_001373.npz,368,False,
base_001374,train,train/base_001374.npz,41,False,
base_001375,train,train/base_001375.npz,304,False,
base_001376,train,train/base_001376.npz,63,False,
base_001377,train,train/base_001377.npz,64,False,
base_001378,train,train/base_001378.npz,149,False,
base_001379,train,train/base_001379.npz,320,False,
base_001380,train,train/base_001380.npz,476,False,
base_001381,train,train/base_001381.npz,150,False,
base_001382,train,train/base_001382.npz,41,False,
base_001383,train,train/base_001383.npz,116,False,
base_001384,train,train/base_001384.npz,68,False,
base_001385,train,train/base_001385.npz,64,False,
base_001386,train,train/base_001386.npz,320,False,
base_001387,train,train/base_001387.npz,160,False,
base_001388,train,train/base_001388.npz,109,False,
base_001389,train,train/base_001389.npz,474,False,
base_001390,train,train/base_001390.npz,64,False,
base_001391,train,train/base_001391.npz,182,False,
base_001392,train,train/base_001392.npz,359,False,
base_001393,train,train/base_001393.npz,216,False,
base_001394,train,train/base_001394.npz,332,False,
base_001395,train,train/base_001395.npz,176,False,
base_001396,train,train/base_001396.npz,262,False,
base_001397,train,train/base_001397.npz,149,False,
base_001398,train,train/base_001398.npz,85,False,
base_001399,train,train/base_001399.npz,91,False,
base_001400,train,train/base_001400.npz,64,False,
base_001401,train,train/base_001401.npz,421,False,
base_001402,train,train/base_001402.npz,216,False,
base_001403,train,train/base_001403.npz,432,False,
base_001404,train,train/base_001404.npz,471,False,
base_001405,train,train/base_001405.npz,276,False,
base_001406,train,train/base_001406.npz,216,False,
base_001407,train,train/base_001407.npz,460,False,
base_001408,train,train/base_001408.npz,180,False,
base_001409,train,train/base_001409.npz,116,False,
base_001410,train,train/base_001410.npz,460,False,
base_001411,train,train/base_001411.npz,332,False,
base_001412,train,train/base_001412.npz,45,False,
base_001413,train,train/base_001413.npz,63,False,
base_001414,train,train/base_001414.npz,367,False,
base_001415,train,train/base_001415.npz,68,False,
base_001416,train,train/base_001416.npz,45,False,
base_001417,train,train/base_001417.npz,216,False,
base_001418,train,train/base_001418.npz,476,False,
base_001419,train,train/base_001419.npz,320,False,
base_001420,train,train/base_001420.npz,91,False,
base_001421,train,train/base_001421.npz,368,False,
base_001422,train,train/base_001422.npz,180,False,
base_001423,train,train/base_001423.npz,366,False,
base_001424,train,train/base_001424.npz,62,False,
base_001425,train,train/base_001425.npz,262,False,
base_001426,train,train/base_001426.npz,175,False,
base_001427,train,train/base_001427.npz,85,False,
base_001428,train,train/base_001428.npz,366,False,
base_001429,train,train/base_001429.npz,85,False,
base_001430,train,train/base_001430.npz,150,False,
base_001431,train,train/base_001431.npz,60,False,
base_001432,train,train/base_001432.npz,421,False,
base_001433,train,train/base_001433.npz,216,False,
base_001434,train,train/base_001434.npz,120,False,
base_001435,train,train/base_001435.npz,121,False,
base_001436,train,train/base_001436.npz,359,False,
base_001437,train,train/base_001437.npz,41,False,
base_001438,train,train/base_001438.npz,121,False,
base_001439,train,train/base_001439.npz,232,False,
base_001440,train,train/base_001440.npz,85,False,
base_001441,train,train/base_001441.npz,63,False,
base_001442,train,train/base_001442.npz,121,False,
base_001443,train,train/base_001443.npz,63,False,
base_001444,train,train/base_001444.npz,418,False,
base_001445,train,train/base_001445.npz,41,False,
base_001446,train,train/base_001446.npz,490,False,
base_001447,train,train/base_001447.npz,85,False,
base_001448,train,train/base_001448.npz,216,False,
base_001449,train,train/base_001449.npz,216,False,
base_001450,train,train/base_001450.npz,109,False,
base_001451,train,train/base_001451.npz,64,False,
base_001452,train,train/base_001452.npz,216,False,
base_001453,train,train/base_001453.npz,180,False,
base_001454,train,train/base_001454.npz,232,False,
base_001455,train,train/base_001455.npz,261,False,
base_001456,train,train/base_001456.npz,304,False,
base_001457,train,train/base_001457.npz,60,False,
base_001458,train,train/base_001458.npz,45,False,
base_001459,train,train/base_001459.npz,138,False,
base_001460,train,train/base_001460.npz,359,False,
base_001461,train,train/base_001461.npz,60,False,
base_001462,train,train/base_001462.npz,421,False,
base_001463,train,train/base_001463.npz,62,False,
base_001464,train,train/base_001464.npz,63,False,
base_001465,train,train/base_001465.npz,120,False,
base_001466,train,train/base_001466.npz,182,False,
base_001467,train,train/base_001467.npz,91,False,
base_001468,train,train/base_001468.npz,118,False,
base_001469,train,train/base_001469.npz,41,False,
base_001470,train,train/base_001470.npz,359,False,
base_001471,train,train/base_001471.npz,476,False,
base_001472,train,train/base_001472.npz,91,False,
base_001473,train,train/base_001473.npz,149,False,
base_001474,train,train/base_001474.npz,116,False,
base_001475,train,train/base_001475.npz,182,False,
base_001476,train,train/base_001476.npz,320,False,
base_001477,train,train/base_001477.npz,45,False,
base_001478,train,train/base_001478.npz,356,False,
base_001479,train,train/base_001479.npz,180,False,
base_001480,train,train/base_001480.npz,149,False,
base_001481,train,train/base_001481.npz,138,False,
base_001482,train,train/base_001482.npz,91,False,
base_001483,train,train/base_001483.npz,63,False,
base_001484,train,train/base_001484.npz,332,False,
base_001485,train,train/base_001485.npz,180,False,
base_001486,train,train/base_001486.npz,476,False,
base_001487,train,train/base_001487.npz,477,False,
base_001488,train,train/base_001488.npz,109,False,
base_001489,train,train/base_001489.npz,59,False,
base_001490,train,train/base_001490.npz,416,False,
base_001491,train,train/base_001491.npz,183,False,
base_001492,train,train/base_001492.npz,91,False,
base_001493,train,train/base_001493.npz,62,False,
base_001494,train,train/base_001494.npz,85,False,
base_001495,train,train/base_001495.npz,85,False,
base_001496,train,train/base_001496.npz,320,False,
base_001497,train,train/base_001497.npz,320,False,
base_001498,train,train/base_001498.npz,160,False,
base_001499,train,train/base_001499.npz,216,False,
base_001500,train,train/base_001500.npz,149,False,
base_001501,train,train/base_001501.npz,149,False,
base_001502,train,train/base_001502.npz,421,False,
base_001503,train,train/base_001503.npz,175,False,
base_001504,train,train/base_001504.npz,359,False,
base_001505,train,train/base_001505.npz,474,False,
base_001506,train,train/base_001506.npz,116,False,
base_001507,train,train/base_001507.npz,359,False,
base_001508,train,train/base_001508.npz,216,False,
base_001509,train,train/base_001509.npz,40,False,
base_001510,train,train/base_001510.npz,41,False,
base_001511,train,train/base_001511.npz,216,False,
base_001512,train,train/base_001512.npz,149,False,
base_001513,train,train/base_001513.npz,261,False,
base_001514,train,train/base_001514.npz,91,False,
base_001515,train,train/base_001515.npz,320,False,
base_001516,train,train/base_001516.npz,232,False,
base_001517,train,train/base_001517.npz,320,False,
base_001518,train,train/base_001518.npz,259,False,
base_001519,train,train/base_001519.npz,121,False,
base_001520,train,train/base_001520.npz,85,False,
base_001521,train,train/base_001521.npz,320,False,
base_001522,train,train/base_001522.npz,68,False,
base_001523,train,train/base_001523.npz,418,False,
base_001524,train,train/base_001524.npz,490,False,
base_001525,train,train/base_001525.npz,304,False,
base_001526,train,train/base_001526.npz,183,False,
base_001527,train,train/base_001527.npz,359,False,
base_001528,train,train/base_001528.npz,150,False,
base_001529,train,train/base_001529.npz,63,False,
base_001530,train,train/base_001530.npz,59,False,
base_001531,train,train/base_001531.npz,40,False,
base_001532,train,train/base_001532.npz,92,False,
base_001533,train,train/base_001533.npz,368,False,
base_001534,train,train/base_001534.npz,120,False,
base_001535,train,train/base_001535.npz,60,False,
base_001536,train,train/base_001536.npz,357,False,
base_001537,train,train/base_001537.npz,216,False,
base_001538,train,train/base_001538.npz,150,False,
base_001539,train,train/base_001539.npz,232,False,
base_001540,train,train/base_001540.npz,64,False,
base_001541,train,train/base_001541.npz,41,False,
base_001542,train,train/base_001542.npz,421,False,
base_001543,train,train/base_001543.npz,216,False,
base_001544,train,train/base_001544.npz,180,False,
base_001545,train,train/base_001545.npz,85,False,
base_001546,train,train/base_001546.npz,418,False,
base_001547,train,train/base_001547.npz,421,False,
base_001548,train,train/base_001548.npz,40,False,
base_001549,train,train/base_001549.npz,182,False,
base_001550,train,train/base_001550.npz,276,False,
base_001551,train,train/base_001551.npz,255,False,
base_001552,train,train/base_001552.npz,255,False,
base_001553,train,train/base_001553.npz,180,False,
base_001554,train,train/base_001554.npz,121,False,
base_001555,train,train/base_001555.npz,320,False,
base_001556,train,train/base_001556.npz,91,False,
base_001557,train,train/base_001557.npz,460,False,
base_001558,train,train/base_001558.npz,216,False,
base_001559,train,train/base_001559.npz,216,False,
base_001560,train,train/base_001560.npz,180,False,
base_001561,train,train/base_001561.npz,138,False,
base_001562,train,train/base_001562.npz,416,False,
base_001563,train,train/base_001563.npz,232,False,
base_001564,train,train/base_001564.npz,182,False,
base_001565,train,train/base_001565.npz,183,False,
base_001566,train,train/base_001566.npz,85,False,
base_001567,train,train/base_001567.npz,216,False,
base_001568,train,train/base_001568.npz,60,False,
base_001569,train,train/base_001569.npz,41,False,
base_001570,train,train/base_001570.npz,109,False,
base_001571,train,train/base_001571.npz,63,False,
base_001572,train,train/base_001572.npz,304,False,
base_001573,train,train/base_001573.npz,45,False,
base_001574,train,train/base_001574.npz,304,False,
base_001575,train,train/base_001575.npz,63,False,
base_001576,train,train/base_001576.npz,149,False,
base_001577,train,train/base_001577.npz,41,False,
base_001578,train,train/base_001578.npz,232,False,
base_001579,train,train/base_001579.npz,64,False,
base_001580,train,train/base_001580.npz,175,False,
base_001581,train,train/base_001581.npz,64,False,
base_001582,train,train/base_001582.npz,41,False,
base_001583,train,train/base_001583.npz,63,False,
base_001584,train,train/base_001584.npz,91,False,
base_001585,train,train/base_001585.npz,150,False,
base_001586,train,train/base_001586.npz,41,False,
base_001587,train,train/base_001587.npz,116,False,
base_001588,train,train/base_001588.npz,416,False,
base_001589,train,train/base_001589.npz,415,False,
base_001590,train,train/base_001590.npz,85,False,
base_001591,train,train/base_001591.npz,232,False,
base_001592,train,train/base_001592.npz,366,False,
base_001593,train,train/base_001593.npz,109,False,
base_001594,train,train/base_001594.npz,40,False,
base_001595,train,train/base_001595.npz,160,False,
base_001596,train,train/base_001596.npz,460,False,
base_001597,train,train/base_001597.npz,85,False,
base_001598,train,train/base_001598.npz,40,False,
base_001599,train,train/base_001599.npz,216,False,
base_001600,train,train/base_001600.npz,474,False,
base_001601,train,train/base_001601.npz,41,False,
base_001602,train,train/base_001602.npz,45,False,
base_001603,train,train/base_001603.npz,173,False,
base_001604,train,train/base_001604.npz,120,False,
base_001605,train,train/base_001605.npz,91,False,
base_001606,train,train/base_001606.npz,60,False,
base_001607,train,train/base_001607.npz,182,False,
base_001608,train,train/base_001608.npz,85,False,
base_001609,train,train/base_001609.npz,180,False,
base_001610,train,train/base_001610.npz,320,False,
base_001611,train,train/base_001611.npz,232,False,
base_001612,train,train/base_001612.npz,416,False,
base_001613,train,train/base_001613.npz,477,False,
base_001614,train,train/base_001614.npz,262,False,
base_001615,train,train/base_001615.npz,158,False,
base_001616,train,train/base_001616.npz,116,False,
base_001617,train,train/base_001617.npz,91,False,
base_001618,train,train/base_001618.npz,40,False,
base_001619,train,train/base_001619.npz,276,False,
base_001620,train,train/base_001620.npz,85,False,
base_001621,train,train/base_001621.npz,332,False,
base_001622,train,train/base_001622.npz,116,False,
base_001623,train,train/base_001623.npz,40,False,
base_001624,train,train/base_001624.npz,490,False,
base_001625,train,train/base_001625.npz,433,False,
base_001626,train,train/base_001626.npz,45,False,
base_001627,train,train/base_001627.npz,116,False,
base_001628,train,train/base_001628.npz,460,False,
base_001629,train,train/base_001629.npz,121,False,
base_001630,train,train/base_001630.npz,216,False,
base_001631,train,train/base_001631.npz,91,False,
base_001632,train,train/base_001632.npz,85,False,
base_001633,train,train/base_001633.npz,232,False,
base_001634,train,train/base_001634.npz,60,False,
base_001635,train,train/base_001635.npz,60,False,
base_001636,train,train/base_001636.npz,41,False,
base_001637,train,train/base_001637.npz,59,False,
base_001638,train,train/base_001638.npz,60,False,
base_001639,train,train/base_001639.npz,41,False,
base_001640,train,train/base_001640.npz,433,False,
base_001641,train,train/base_001641.npz,85,False,
base_001642,train,train/base_001642.npz,85,False,
base_001643,train,train/base_001643.npz,150,False,
base_001644,train,train/base_001644.npz,490,False,
base_001645,train,train/base_001645.npz,138,False,
base_001646,train,train/base_001646.npz,64,False,
base_001647,train,train/base_001647.npz,149,False,
base_001648,train,train/base_001648.npz,366,False,
base_001649,train,train/base_001649.npz,116,False,
base_001650,train,train/base_001650.npz,45,False,
base_001651,train,train/base_001651.npz,60,False,
base_001652,train,train/base_001652.npz,320,False,
base_001653,train,train/base_001653.npz,116,False,
base_001654,train,train/base_001654.npz,63,False,
base_001655,train,train/base_001655.npz,63,False,
base_001656,train,train/base_001656.npz,63,False,
base_001657,train,train/base_001657.npz,63,False,
base_001658,train,train/base_001658.npz,116,False,
base_001659,train,train/base_001659.npz,320,False,
base_001660,train,train/base_001660.npz,116,False,
base_001661,train,train/base_001661.npz,85,False,
base_001662,train,train/base_001662.npz,85,False,
base_001663,train,train/base_001663.npz,262,False,
base_001664,train,train/base_001664.npz,476,False,
base_001665,train,train/base_001665.npz,416,False,
base_001666,train,train/base_001666.npz,262,False,
base_001667,train,train/base_001667.npz,45,False,
base_001668,train,train/base_001668.npz,477,False,
base_001669,train,train/base_001669.npz,368,False,
base_001670,train,train/base_001670.npz,60,False,
base_001671,train,train/base_001671.npz,180,False,
base_001672,train,train/base_001672.npz,45,False,
base_001673,train,train/base_001673.npz,368,False,
base_001674,train,train/base_001674.npz,85,False,
base_001675,train,train/base_001675.npz,476,False,
base_001676,train,train/base_001676.npz,41,False,
base_001677,train,train/base_001677.npz,421,False,
base_001678,train,train/base_001678.npz,150,False,
base_001679,train,train/base_001679.npz,121,False,
base_001680,train,train/base_001680.npz,45,False,
base_001681,train,train/base_001681.npz,63,False,
base_001682,train,train/base_001682.npz,121,False,
base_001683,train,train/base_001683.npz,121,False,
base_001684,train,train/base_001684.npz,366,False,
base_001685,train,train/base_001685.npz,421,False,
base_001686,train,train/base_001686.npz,359,False,
base_001687,train,train/base_001687.npz,150,False,
base_001688,train,train/base_001688.npz,85,False,
base_001689,train,train/base_001689.npz,359,False,
base_001690,train,train/base_001690.npz,150,False,
base_001691,train,train/base_001691.npz,216,False,
base_001692,train,train/base_001692.npz,85,False,
base_001693,train,train/base_001693.npz,421,False,
base_001694,train,train/base_001694.npz,432,False,
base_001695,train,train/base_001695.npz,416,False,
base_001696,train,train/base_001696.npz,366,False,
base_001697,train,train/base_001697.npz,92,False,
base_001698,train,train/base_001698.npz,216,False,
base_001699,train,train/base_001699.npz,421,False,
base_001700,train,train/base_001700.npz,150,False,
base_001701,train,train/base_001701.npz,461,False,
base_001702,train,train/base_001702.npz,60,False,
base_001703,train,train/base_001703.npz,262,False,
base_001704,train,train/base_001704.npz,216,False,
base_001705,train,train/base_001705.npz,150,False,
base_001706,train,train/base_001706.npz,85,False,
base_001707,train,train/base_001707.npz,40,False,
base_001708,train,train/base_001708.npz,118,False,
base_001709,train,train/base_001709.npz,41,False,
base_001710,train,train/base_001710.npz,216,False,
base_001711,train,train/base_001711.npz,109,False,
base_001712,train,train/base_001712.npz,182,False,
base_001713,train,train/base_001713.npz,359,False,
base_001714,train,train/base_001714.npz,45,False,
base_001715,train,train/base_001715.npz,64,False,
base_001716,train,train/base_001716.npz,158,False,
base_001717,train,train/base_001717.npz,182,False,
base_001718,train,train/base_001718.npz,116,False,
base_001719,train,train/base_001719.npz,474,False,
base_001720,train,train/base_001720.npz,320,False,
base_001721,train,train/base_001721.npz,138,False,
base_001722,train,train/base_001722.npz,262,False,
base_001723,train,train/base_001723.npz,150,False,
base_001724,train,train/base_001724.npz,59,False,
base_001725,train,train/base_001725.npz,85,False,
base_001726,train,train/base_001726.npz,183,False,
base_001727,train,train/base_001727.npz,477,False,
base_001728,train,train/base_001728.npz,85,False,
base_001729,train,train/base_001729.npz,85,False,
base_001730,train,train/base_001730.npz,180,False,
base_001731,train,train/base_001731.npz,150,False,
base_001732,train,train/base_001732.npz,216,False,
base_001733,train,train/base_001733.npz,91,False,
base_001734,train,train/base_001734.npz,121,False,
base_001735,train,train/base_001735.npz,45,False,
base_001736,train,train/base_001736.npz,255,False,
base_001737,train,train/base_001737.npz,320,False,
base_001738,train,train/base_001738.npz,120,False,
base_001739,train,train/base_001739.npz,359,False,
base_001740,train,train/base_001740.npz,41,False,
base_001741,train,train/base_001741.npz,320,False,
base_001742,train,train/base_001742.npz,40,False,
base_001743,train,train/base_001743.npz,320,False,
base_001744,train,train/base_001744.npz,262,False,
base_001745,train,train/base_001745.npz,63,False,
base_001746,train,train/base_001746.npz,40,False,
base_001747,train,train/base_001747.npz,120,False,
base_001748,train,train/base_001748.npz,120,False,
base_001749,train,train/base_001749.npz,116,False,
base_001750,train,train/base_001750.npz,92,False,
base_001751,train,train/base_001751.npz,232,False,
base_001752,train,train/base_001752.npz,92,False,
base_001753,train,train/base_001753.npz,116,False,
base_001754,train,train/base_001754.npz,216,False,
base_001755,train,train/base_001755.npz,471,False,
base_001756,train,train/base_001756.npz,180,False,
base_001757,train,train/base_001757.npz,183,False,
base_001758,train,train/base_001758.npz,461,False,
base_001759,train,train/base_001759.npz,85,False,
base_001760,train,train/base_001760.npz,359,False,
base_001761,train,train/base_001761.npz,60,False,
base_001762,train,train/base_001762.npz,116,False,
base_001763,train,train/base_001763.npz,63,False,
base_001764,train,train/base_001764.npz,85,False,
base_001765,train,train/base_001765.npz,150,False,
base_001766,train,train/base_001766.npz,149,False,
base_001767,train,train/base_001767.npz,461,False,
base_001768,train,train/base_001768.npz,216,False,
base_001769,train,train/base_001769.npz,359,False,
base_001770,train,train/base_001770.npz,85,False,
base_001771,train,train/base_001771.npz,366,False,
base_001772,train,train/base_001772.npz,85,False,
base_001773,train,train/base_001773.npz,59,False,
base_001774,train,train/base_001774.npz,120,False,
base_001775,train,train/base_001775.npz,120,False,
base_001776,train,train/base_001776.npz,158,False,
base_001777,train,train/base_001777.npz,304,False,
base_001778,train,train/base_001778.npz,183,False,
base_001779,train,train/base_001779.npz,63,False,
base_001780,train,train/base_001780.npz,85,False,
base_001781,train,train/base_001781.npz,64,False,
base_001782,train,train/base_001782.npz,121,False,
base_001783,train,train/base_001783.npz,232,False,
base_001784,train,train/base_001784.npz,63,False,
base_001785,train,train/base_001785.npz,85,False,
base_001786,train,train/base_001786.npz,275,False,
base_001787,train,train/base_001787.npz,150,False,
base_001788,train,train/base_001788.npz,85,False,
base_001789,train,train/base_001789.npz,366,False,
base_001790,train,train/base_001790.npz,183,False,
base_001791,train,train/base_001791.npz,60,False,
base_001792,train,train/base_001792.npz,45,False,
base_001793,train,train/base_001793.npz,150,False,
base_001794,train,train/base_001794.npz,259,False,
base_001795,train,train/base_001795.npz,260,False,
base_001796,train,train/base_001796.npz,359,False,
base_001797,train,train/base_001797.npz,60,False,
base_001798,train,train/base_001798.npz,262,False,
base_001799,train,train/base_001799.npz,150,False,
base_001800,train,train/base_001800.npz,276,False,
base_001801,train,train/base_001801.npz,432,False,
base_001802,train,train/base_001802.npz,41,False,
base_001803,train,train/base_001803.npz,91,False,
base_001804,train,train/base_001804.npz,121,False,
base_001805,train,train/base_001805.npz,63,False,
base_001806,train,train/base_001806.npz,415,False,
base_001807,train,train/base_001807.npz,92,False,
base_001808,train,train/base_001808.npz,216,False,
base_001809,train,train/base_001809.npz,45,False,
base_001810,train,train/base_001810.npz,216,False,
base_001811,train,train/base_001811.npz,116,False,
base_001812,train,train/base_001812.npz,41,False,
base_001813,train,train/base_001813.npz,490,False,
base_001814,train,train/base_001814.npz,181,False,
base_001815,train,train/base_001815.npz,116,False,
base_001816,train,train/base_001816.npz,366,False,
base_001817,train,train/base_001817.npz,177,False,
base_001818,train,train/base_001818.npz,320,False,
base_001819,train,train/base_001819.npz,85,False,
base_001820,train,train/base_001820.npz,138,False,
base_001821,train,train/base_001821.npz,85,False,
base_001822,train,train/base_001822.npz,63,False,
base_001823,train,train/base_001823.npz,275,False,
base_001824,train,train/base_001824.npz,85,False,
base_001825,train,train/base_001825.npz,60,False,
base_001826,train,train/base_001826.npz,60,False,
base_001827,train,train/base_001827.npz,216,False,
base_001828,train,train/base_001828.npz,60,False,
base_001829,train,train/base_001829.npz,433,False,
base_001830,train,train/base_001830.npz,181,False,
base_001831,train,train/base_001831.npz,304,False,
base_001832,train,train/base_001832.npz,359,False,
base_001833,train,train/base_001833.npz,232,False,
base_001834,train,train/base_001834.npz,332,False,
base_001835,train,train/base_001835.npz,63,False,
base_001836,train,train/base_001836.npz,232,False,
base_001837,train,train/base_001837.npz,232,False,
base_001838,train,train/base_001838.npz,63,False,
base_001839,train,train/base_001839.npz,41,False,
base_001840,train,train/base_001840.npz,432,False,
base_001841,train,train/base_001841.npz,92,False,
base_001842,train,train/base_001842.npz,120,False,
base_001843,train,train/base_001843.npz,261,False,
base_001844,train,train/base_001844.npz,45,False,
base_001845,train,train/base_001845.npz,180,False,
base_001846,train,train/base_001846.npz,41,False,
base_001847,train,train/base_001847.npz,490,False,
base_001848,train,train/base_001848.npz,304,False,
base_001849,train,train/base_001849.npz,45,False,
base_001850,train,train/base_001850.npz,64,False,
base_001851,train,train/base_001851.npz,416,False,
base_001852,train,train/base_001852.npz,121,False,
base_001853,train,train/base_001853.npz,150,False,
base_001854,train,train/base_001854.npz,41,False,
base_001855,train,train/base_001855.npz,182,False,
base_001856,train,train/base_001856.npz,432,False,
base_001857,train,train/base_001857.npz,332,False,
base_001858,train,train/base_001858.npz,216,False,
base_001859,train,train/base_001859.npz,366,False,
base_001860,train,train/base_001860.npz,418,False,
base_001861,train,train/base_001861.npz,45,False,
base_001862,train,train/base_001862.npz,158,False,
base_001863,train,train/base_001863.npz,276,False,
base_001864,train,train/base_001864.npz,357,False,
base_001865,train,train/base_001865.npz,232,False,
base_001866,train,train/base_001866.npz,320,False,
base_001867,train,train/base_001867.npz,421,False,
base_001868,train,train/base_001868.npz,138,False,
base_001869,train,train/base_001869.npz,490,False,
base_001870,train,train/base_001870.npz,138,False,
base_001871,train,train/base_001871.npz,118,False,
base_001872,train,train/base_001872.npz,216,False,
base_001873,train,train/base_001873.npz,304,False,
base_001874,train,train/base_001874.npz,359,False,
base_001875,train,train/base_001875.npz,150,False,
base_001876,train,train/base_001876.npz,85,False,
base_001877,train,train/base_001877.npz,367,False,
base_001878,train,train/base_001878.npz,92,False,
base_001879,train,train/base_001879.npz,116,False,
base_001880,train,train/base_001880.npz,232,False,
base_001881,train,train/base_001881.npz,304,False,
base_001882,train,train/base_001882.npz,160,False,
base_001883,train,train/base_001883.npz,183,False,
base_001884,train,train/base_001884.npz,91,False,
base_001885,train,train/base_001885.npz,150,False,
base_001886,train,train/base_001886.npz,216,False,
base_001887,train,train/base_001887.npz,359,False,
base_001888,train,train/base_001888.npz,59,False,
base_001889,train,train/base_001889.npz,91,False,
base_001890,train,train/base_001890.npz,276,False,
base_001891,train,train/base_001891.npz,41,False,
base_001892,train,train/base_001892.npz,59,False,
base_001893,train,train/base_001893.npz,332,False,
base_001894,train,train/base_001894.npz,85,False,
base_001895,train,train/base_001895.npz,149,False,
base_001896,train,train/base_001896.npz,150,False,
base_001897,train,train/base_001897.npz,150,False,
base_001898,train,train/base_001898.npz,92,False,
base_001899,train,train/base_001899.npz,64,False,
base_001900,train,train/base_001900.npz,216,False,
base_001901,train,train/base_001901.npz,45,False,
base_001902,train,train/base_001902.npz,63,False,
base_001903,train,train/base_001903.npz,320,False,
base_001904,train,train/base_001904.npz,120,False,
base_001905,train,train/base_001905.npz,183,False,
base_001906,train,train/base_001906.npz,150,False,
base_001907,train,train/base_001907.npz,173,False,
base_001908,train,train/base_001908.npz,477,False,
base_001909,train,train/base_001909.npz,262,False,
base_001910,train,train/base_001910.npz,180,False,
base_001911,train,train/base_001911.npz,63,False,
base_001912,train,train/base_001912.npz,216,False,
base_001913,train,train/base_001913.npz,116,False,
base_001914,train,train/base_001914.npz,320,False,
base_001915,train,train/base_001915.npz,121,False,
base_001916,train,train/base_001916.npz,85,False,
base_001917,train,train/base_001917.npz,59,False,
base_001918,train,train/base_001918.npz,232,False,
base_001919,train,train/base_001919.npz,421,False,
base_001920,train,train/base_001920.npz,91,False,
base_001921,train,train/base_001921.npz,64,False,
base_001922,train,train/base_001922.npz,359,False,
base_001923,train,train/base_001923.npz,216,False,
base_001924,train,train/base_001924.npz,418,False,
base_001925,train,train/base_001925.npz,216,False,
base_001926,train,train/base_001926.npz,91,False,
base_001927,train,train/base_001927.npz,63,False,
base_001928,train,train/base_001928.npz,121,False,
base_001929,train,train/base_001929.npz,63,False,
base_001930,train,train/base_001930.npz,120,False,
base_001931,train,train/base_001931.npz,138,False,
base_001932,train,train/base_001932.npz,60,False,
base_001933,train,train/base_001933.npz,91,False,
base_001934,train,train/base_001934.npz,320,False,
base_001935,train,train/base_001935.npz,60,False,
base_001936,train,train/base_001936.npz,59,False,
base_001937,train,train/base_001937.npz,182,False,
base_001938,train,train/base_001938.npz,60,False,
base_001939,train,train/base_001939.npz,138,False,
base_001940,train,train/base_001940.npz,158,False,
base_001941,train,train/base_001941.npz,85,False,
base_001942,train,train/base_001942.npz,45,False,
base_001943,train,train/base_001943.npz,118,False,
base_001944,train,train/base_001944.npz,193,False,
base_001945,train,train/base_001945.npz,92,False,
base_001946,train,train/base_001946.npz,232,False,
base_001947,train,train/base_001947.npz,92,False,
base_001948,train,train/base_001948.npz,59,False,
base_001949,train,train/base_001949.npz,150,False,
base_001950,train,train/base_001950.npz,138,False,
base_001951,train,train/base_001951.npz,177,False,
base_001952,train,train/base_001952.npz,120,False,
base_001953,train,train/base_001953.npz,85,False,
base_001954,train,train/base_001954.npz,120,False,
base_001955,train,train/base_001955.npz,474,False,
base_001956,train,train/base_001956.npz,149,False,
base_001957,train,train/base_001957.npz,416,False,
base_001958,train,train/base_001958.npz,366,False,
base_001959,train,train/base_001959.npz,276,False,
base_001960,train,train/base_001960.npz,91,False,
base_001961,train,train/base_001961.npz,92,False,
base_001962,train,train/base_001962.npz,41,False,
base_001963,train,train/base_001963.npz,183,False,
base_001964,train,train/base_001964.npz,85,False,
base_001965,train,train/base_001965.npz,216,False,
base_001966,train,train/base_001966.npz,116,False,
base_001967,train,train/base_001967.npz,109,False,
base_001968,train,train/base_001968.npz,85,False,
base_001969,train,train/base_001969.npz,357,False,
base_001970,train,train/base_001970.npz,60,False,
base_001971,train,train/base_001971.npz,60,False,
base_001972,train,train/base_001972.npz,63,False,
base_001973,train,train/base_001973.npz,262,False,
base_001974,train,train/base_001974.npz,175,False,
base_001975,train,train/base_001975.npz,432,False,
base_001976,train,train/base_001976.npz,276,False,
base_001977,train,train/base_001977.npz,476,False,
base_001978,train,train/base_001978.npz,40,False,
base_001979,train,train/base_001979.npz,262,False,
base_001980,train,train/base_001980.npz,232,False,
base_001981,train,train/base_001981.npz,59,False,
base_001982,train,train/base_001982.npz,490,False,
base_001983,train,train/base_001983.npz,432,False,
base_001984,train,train/base_001984.npz,332,False,
base_001985,train,train/base_001985.npz,120,False,
base_001986,train,train/base_001986.npz,41,False,
base_001987,train,train/base_001987.npz,91,False,
base_001988,train,train/base_001988.npz,232,False,
base_001989,train,train/base_001989.npz,91,False,
base_001990,train,train/base_001990.npz,41,False,
base_001991,train,train/base_001991.npz,59,False,
base_001992,train,train/base_001992.npz,304,False,
base_001993,train,train/base_001993.npz,415,False,
base_001994,train,train/base_001994.npz,216,False,
base_001995,train,train/base_001995.npz,63,False,
base_001996,train,train/base_001996.npz,476,False,
base_001997,train,train/base_001997.npz,120,False,
base_001998,train,train/base_001998.npz,432,False,
base_001999,train,train/base_001999.npz,368,False,
base_002000,train,train/base_002000.npz,332,False,
base_002001,train,train/base_002001.npz,60,False,
base_002002,train,train/base_002002.npz,138,False,
base_002003,train,train/base_002003.npz,63,False,
base_002004,train,train/base_002004.npz,149,False,
base_002005,train,train/base_002005.npz,367,False,
base_002006,train,train/base_002006.npz,304,False,
base_002007,train,train/base_002007.npz,366,False,
base_002008,train,train/base_002008.npz,149,False,
base_002009,train,train/base_002009.npz,183,False,
base_002010,train,train/base_002010.npz,63,False,
base_002011,train,train/base_002011.npz,216,False,
base_002012,train,train/base_002012.npz,149,False,
base_002013,train,train/base_002013.npz,366,False,
base_002014,train,train/base_002014.npz,85,False,
base_002015,train,train/base_002015.npz,85,False,
base_002016,train,train/base_002016.npz,182,False,
base_002017,train,train/base_002017.npz,262,False,
base_002018,train,train/base_002018.npz,180,False,
base_002019,train,train/base_002019.npz,63,False,
base_002020,train,train/base_002020.npz,216,False,
base_002021,train,train/base_002021.npz,41,False,
base_002022,train,train/base_002022.npz,260,False,
base_002023,train,train/base_002023.npz,320,False,
base_002024,train,train/base_002024.npz,359,False,
base_002025,train,train/base_002025.npz,175,False,
base_002026,train,train/base_002026.npz,85,False,
base_002027,train,train/base_002027.npz,183,False,
base_002028,train,train/base_002028.npz,63,False,
base_002029,train,train/base_002029.npz,121,False,
base_002030,train,train/base_002030.npz,68,False,
base_002031,train,train/base_002031.npz,120,False,
base_002032,train,train/base_002032.npz,175,False,
base_002033,train,train/base_002033.npz,60,False,
base_002034,train,train/base_002034.npz,45,False,
base_002035,train,train/base_002035.npz,85,False,
base_002036,train,train/base_002036.npz,432,False,
base_002037,train,train/base_002037.npz,356,False,
base_002038,train,train/base_002038.npz,319,False,
base_002039,train,train/base_002039.npz,216,False,
base_002040,train,train/base_002040.npz,150,False,
base_002041,train,train/base_002041.npz,150,False,
base_002042,train,train/base_002042.npz,116,False,
base_002043,train,train/base_002043.npz,85,False,
base_002044,train,train/base_002044.npz,63,False,
base_002045,train,train/base_002045.npz,63,False,
base_002046,train,train/base_002046.npz,232,False,
base_002047,train,train/base_002047.npz,64,False,
base_002048,train,train/base_002048.npz,63,False,
base_002049,train,train/base_002049.npz,109,False,
base_002050,train,train/base_002050.npz,471,False,
base_002051,train,train/base_002051.npz,359,False,
base_002052,train,train/base_002052.npz,59,False,
base_002053,train,train/base_002053.npz,150,False,
base_002054,train,train/base_002054.npz,150,False,
base_002055,train,train/base_002055.npz,366,False,
base_002056,train,train/base_002056.npz,216,False,
base_002057,train,train/base_002057.npz,85,False,
base_002058,train,train/base_002058.npz,416,False,
base_002059,train,train/base_002059.npz,432,False,
base_002060,train,train/base_002060.npz,60,False,
base_002061,train,train/base_002061.npz,320,False,
base_002062,train,train/base_002062.npz,160,False,
base_002063,train,train/base_002063.npz,477,False,
base_002064,train,train/base_002064.npz,59,False,
base_002065,train,train/base_002065.npz,138,False,
base_002066,train,train/base_002066.npz,118,False,
base_002067,train,train/base_002067.npz,85,False,
base_002068,train,train/base_002068.npz,63,False,
base_002069,train,train/base_002069.npz,64,False,
base_002070,train,train/base_002070.npz,320,False,
base_002071,train,train/base_002071.npz,120,False,
base_002072,train,train/base_002072.npz,63,False,
base_002073,train,train/base_002073.npz,262,False,
base_002074,train,train/base_002074.npz,359,False,
base_002075,train,train/base_002075.npz,490,False,
base_002076,train,train/base_002076.npz,138,False,
base_002077,train,train/base_002077.npz,40,False,
base_002078,train,train/base_002078.npz,63,False,
base_002079,train,train/base_002079.npz,474,False,
base_002080,train,train/base_002080.npz,45,False,
base_002081,train,train/base_002081.npz,120,False,
base_002082,train,train/base_002082.npz,416,False,
base_002083,train,train/base_002083.npz,116,False,
base_002084,train,train/base_002084.npz,232,False,
base_002085,train,train/base_002085.npz,359,False,
base_002086,train,train/base_002086.npz,116,False,
base_002087,train,train/base_002087.npz,41,False,
base_002088,train,train/base_002088.npz,260,False,
base_002089,train,train/base_002089.npz,121,False,
base_002090,train,train/base_002090.npz,356,False,
base_002091,train,train/base_002091.npz,318,False,
base_002092,train,train/base_002092.npz,320,False,
base_002093,train,train/base_002093.npz,60,False,
base_002094,train,train/base_002094.npz,367,False,
base_002095,train,train/base_002095.npz,418,False,
base_002096,train,train/base_002096.npz,60,False,
base_002097,train,train/base_002097.npz,138,False,
base_002098,train,train/base_002098.npz,120,False,
base_002099,train,train/base_002099.npz,138,False,
base_002100,train,train/base_002100.npz,180,False,
base_002101,train,train/base_002101.npz,262,False,
base_002102,train,train/base_002102.npz,304,False,
base_002103,train,train/base_002103.npz,91,False,
base_002104,train,train/base_002104.npz,63,False,
base_002105,train,train/base_002105.npz,259,False,
base_002106,train,train/base_002106.npz,232,False,
base_002107,train,train/base_002107.npz,41,False,
base_002108,train,train/base_002108.npz,149,False,
base_002109,train,train/base_002109.npz,120,False,
base_002110,train,train/base_002110.npz,85,False,
base_002111,train,train/base_002111.npz,85,False,
base_002112,train,train/base_002112.npz,304,False,
base_002113,train,train/base_002113.npz,45,False,
base_002114,train,train/base_002114.npz,45,False,
base_002115,train,train/base_002115.npz,138,False,
base_002116,train,train/base_002116.npz,180,False,
base_002117,train,train/base_002117.npz,138,False,
base_002118,train,train/base_002118.npz,40,False,
base_002119,train,train/base_002119.npz,41,False,
base_002120,train,train/base_002120.npz,63,False,
base_002121,train,train/base_002121.npz,121,False,
base_002122,train,train/base_002122.npz,138,False,
base_002123,train,train/base_002123.npz,477,False,
base_002124,train,train/base_002124.npz,320,False,
base_002125,train,train/base_002125.npz,138,False,
base_002126,train,train/base_002126.npz,62,False,
base_002127,train,train/base_002127.npz,40,False,
base_002128,train,train/base_002128.npz,60,False,
base_002129,train,train/base_002129.npz,59,False,
base_002130,train,train/base_002130.npz,255,False,
base_002131,train,train/base_002131.npz,320,False,
base_002132,train,train/base_002132.npz,85,False,
base_002133,train,train/base_002133.npz,63,False,
base_002134,train,train/base_002134.npz,64,False,
base_002135,train,train/base_002135.npz,120,False,
base_002136,train,train/base_002136.npz,476,False,
base_002137,train,train/base_002137.npz,121,False,
base_002138,train,train/base_002138.npz,368,False,
base_002139,train,train/base_002139.npz,320,False,
base_002140,train,train/base_002140.npz,85,False,
base_002141,train,train/base_002141.npz,91,False,
base_002142,train,train/base_002142.npz,45,False,
base_002143,train,train/base_002143.npz,259,False,
base_002144,train,train/base_002144.npz,85,False,
base_002145,train,train/base_002145.npz,471,False,
base_002146,train,train/base_002146.npz,63,False,
base_002147,train,train/base_002147.npz,85,False,
base_002148,train,train/base_002148.npz,216,False,
base_002149,train,train/base_002149.npz,216,False,
base_002150,train,train/base_002150.npz,92,False,
base_002151,train,train/base_002151.npz,183,False,
base_002152,train,train/base_002152.npz,109,False,
base_002153,train,train/base_002153.npz,40,False,
base_002154,train,train/base_002154.npz,60,False,
base_002155,train,train/base_002155.npz,41,False,
base_002156,train,train/base_002156.npz,332,False,
base_002157,train,train/base_002157.npz,60,False,
base_002158,train,train/base_002158.npz,216,False,
base_002159,train,train/base_002159.npz,359,False,
base_002160,train,train/base_002160.npz,41,False,
base_002161,train,train/base_002161.npz,276,False,
base_002162,train,train/base_002162.npz,116,False,
base_002163,train,train/base_002163.npz,216,False,
base_002164,train,train/base_002164.npz,181,False,
base_002165,train,train/base_002165.npz,45,False,
base_002166,train,train/base_002166.npz,63,False,
base_002167,train,train/base_002167.npz,40,False,
base_002168,train,train/base_002168.npz,182,False,
base_002169,train,train/base_002169.npz,150,False,
base_002170,train,train/base_002170.npz,473,False,
base_002171,train,train/base_002171.npz,118,False,
base_002172,train,train/base_002172.npz,158,False,
base_002173,train,train/base_002173.npz,91,False,
base_002174,train,train/base_002174.npz,359,False,
base_002175,train,train/base_002175.npz,320,False,
base_002176,train,train/base_002176.npz,120,False,
base_002177,train,train/base_002177.npz,41,False,
base_002178,train,train/base_002178.npz,368,False,
base_002179,train,train/base_002179.npz,216,False,
base_002180,train,train/base_002180.npz,359,False,
base_002181,train,train/base_002181.npz,417,False,
base_002182,train,train/base_002182.npz,304,False,
base_002183,train,train/base_002183.npz,45,False,
base_002184,train,train/base_002184.npz,63,False,
base_002185,train,train/base_002185.npz,40,False,
base_002186,train,train/base_002186.npz,63,False,
base_002187,train,train/base_002187.npz,60,False,
base_002188,train,train/base_002188.npz,85,False,
base_002189,train,train/base_002189.npz,63,False,
base_002190,train,train/base_002190.npz,474,False,
base_002191,train,train/base_002191.npz,59,False,
base_002192,train,train/base_002192.npz,150,False,
base_002193,train,train/base_002193.npz,91,False,
base_002194,train,train/base_002194.npz,85,False,
base_002195,train,train/base_002195.npz,175,False,
base_002196,train,train/base_002196.npz,416,False,
base_002197,train,train/base_002197.npz,180,False,
base_002198,train,train/base_002198.npz,160,False,
base_002199,train,train/base_002199.npz,490,False,
base_002200,train,train/base_002200.npz,149,False,
base_002201,train,train/base_002201.npz,262,False,
base_002202,train,train/base_002202.npz,182,False,
base_002203,train,train/base_002203.npz,183,False,
base_002204,train,train/base_002204.npz,320,False,
base_002205,train,train/base_002205.npz,64,False,
base_002206,train,train/base_002206.npz,63,False,
base_002207,train,train/base_002207.npz,367,False,
base_002208,train,train/base_002208.npz,116,False,
base_002209,train,train/base_002209.npz,490,False,
base_002210,train,train/base_002210.npz,173,False,
base_002211,train,train/base_002211.npz,421,False,
base_002212,train,train/base_002212.npz,45,False,
base_002213,train,train/base_002213.npz,121,False,
base_002214,train,train/base_002214.npz,461,False,
base_002215,train,train/base_002215.npz,418,False,
base_002216,train,train/base_002216.npz,320,False,
base_002217,train,train/base_002217.npz,490,False,
base_002218,train,train/base_002218.npz,261,False,
base_002219,train,train/base_002219.npz,60,False,
base_002220,train,train/base_002220.npz,60,False,
base_002221,train,train/base_002221.npz,41,False,
base_002222,train,train/base_002222.npz,116,False,
base_002223,train,train/base_002223.npz,149,False,
base_002224,train,train/base_002224.npz,460,False,
base_002225,train,train/base_002225.npz,64,False,
base_002226,train,train/base_002226.npz,109,False,
base_002227,train,train/base_002227.npz,359,False,
base_002228,train,train/base_002228.npz,91,False,
base_002229,train,train/base_002229.npz,63,False,
base_002230,train,train/base_002230.npz,60,False,
base_002231,train,train/base_002231.npz,45,False,
base_002232,train,train/base_002232.npz,40,False,
base_002233,train,train/base_002233.npz,175,False,
base_002234,train,train/base_002234.npz,232,False,
base_002235,train,train/base_002235.npz,183,False,
base_002236,train,train/base_002236.npz,116,False,
base_002237,train,train/base_002237.npz,416,False,
base_002238,train,train/base_002238.npz,216,False,
base_002239,train,train/base_002239.npz,183,False,
base_002240,train,train/base_002240.npz,85,False,
base_002241,train,train/base_002241.npz,232,False,
base_002242,train,train/base_002242.npz,421,False,
base_002243,train,train/base_002243.npz,64,False,
base_002244,train,train/base_002244.npz,216,False,
base_002245,train,train/base_002245.npz,41,False,
base_002246,train,train/base_002246.npz,182,False,
base_002247,train,train/base_002247.npz,63,False,
base_002248,train,train/base_002248.npz,116,False,
base_002249,train,train/base_002249.npz,85,False,
base_002250,train,train/base_002250.npz,276,False,
base_002251,train,train/base_002251.npz,357,False,
base_002252,train,train/base_002252.npz,85,False,
base_002253,train,train/base_002253.npz,59,False,
base_002254,train,train/base_002254.npz,359,False,
base_002255,train,train/base_002255.npz,368,False,
base_002256,train,train/base_002256.npz,357,False,
base_002257,train,train/base_002257.npz,304,False,
base_002258,train,train/base_002258.npz,85,False,
base_002259,train,train/base_002259.npz,276,False,
base_002260,train,train/base_002260.npz,59,False,
base_002261,train,train/base_002261.npz,356,False,
base_002262,train,train/base_002262.npz,91,False,
base_002263,train,train/base_002263.npz,262,False,
base_002264,train,train/base_002264.npz,368,False,
base_002265,train,train/base_002265.npz,175,False,
base_002266,train,train/base_002266.npz,40,False,
base_002267,train,train/base_002267.npz,304,False,
base_002268,train,train/base_002268.npz,116,False,
base_002269,train,train/base_002269.npz,182,False,
base_002270,train,train/base_002270.npz,173,False,
base_002271,train,train/base_002271.npz,160,False,
base_002272,train,train/base_002272.npz,118,False,
base_002273,train,train/base_002273.npz,305,False,
base_002274,train,train/base_002274.npz,262,False,
base_002275,train,train/base_002275.npz,305,False,
base_002276,train,train/base_002276.npz,92,False,
base_002277,train,train/base_002277.npz,91,False,
base_002278,train,train/base_002278.npz,261,False,
base_002279,train,train/base_002279.npz,63,False,
base_002280,train,train/base_002280.npz,85,False,
base_002281,train,train/base_002281.npz,150,False,
base_002282,train,train/base_002282.npz,116,False,
base_002283,train,train/base_002283.npz,175,False,
base_002284,train,train/base_002284.npz,216,False,
base_002285,train,train/base_002285.npz,432,False,
base_002286,train,train/base_002286.npz,41,False,
base_002287,train,train/base_002287.npz,255,False,
base_002288,train,train/base_002288.npz,85,False,
base_002289,train,train/base_002289.npz,121,False,
base_002290,train,train/base_002290.npz,45,False,
base_002291,train,train/base_002291.npz,63,False,
base_002292,train,train/base_002292.npz,85,False,
base_002293,train,train/base_002293.npz,149,False,
base_002294,train,train/base_002294.npz,418,False,
base_002295,train,train/base_002295.npz,275,False,
base_002296,train,train/base_002296.npz,45,False,
base_002297,train,train/base_002297.npz,471,False,
base_002298,train,train/base_002298.npz,118,False,
base_002299,train,train/base_002299.npz,150,False,
base_002300,train,train/base_002300.npz,180,False,
base_002301,train,train/base_002301.npz,85,False,
base_002302,train,train/base_002302.npz,304,False,
base_002303,train,train/base_002303.npz,417,False,
base_002304,train,train/base_002304.npz,320,False,
base_002305,train,train/base_002305.npz,180,False,
base_002306,train,train/base_002306.npz,366,False,
base_002307,train,train/base_002307.npz,63,False,
base_002308,train,train/base_002308.npz,174,False,
base_002309,train,train/base_002309.npz,261,False,
base_002310,train,train/base_002310.npz,150,False,
base_002311,train,train/base_002311.npz,85,False,
base_002312,train,train/base_002312.npz,177,False,
base_002313,train,train/base_002313.npz,116,False,
base_002314,train,train/base_002314.npz,85,False,
base_002315,train,train/base_002315.npz,176,False,
base_002316,train,train/base_002316.npz,332,False,
base_002317,train,train/base_002317.npz,40,False,
base_002318,train,train/base_002318.npz,45,False,
base_002319,train,train/base_002319.npz,91,False,
base_002320,train,train/base_002320.npz,68,False,
base_002321,train,train/base_002321.npz,368,False,
base_002322,train,train/base_002322.npz,150,False,
base_002323,train,train/base_002323.npz,109,False,
base_002324,train,train/base_002324.npz,160,False,
base_002325,train,train/base_002325.npz,433,False,
base_002326,train,train/base_002326.npz,432,False,
base_002327,train,train/base_002327.npz,150,False,
base_002328,train,train/base_002328.npz,64,False,
base_002329,train,train/base_002329.npz,320,False,
base_002330,train,train/base_002330.npz,60,False,
base_002331,train,train/base_002331.npz,175,False,
base_002332,train,train/base_002332.npz,91,False,
base_002333,train,train/base_002333.npz,368,False,
base_002334,train,train/base_002334.npz,85,False,
base_002335,train,train/base_002335.npz,120,False,
base_002336,train,train/base_002336.npz,91,False,
base_002337,train,train/base_002337.npz,116,False,
base_002338,train,train/base_002338.npz,85,False,
base_002339,train,train/base_002339.npz,64,False,
base_002340,train,train/base_002340.npz,85,False,
base_002341,train,train/base_002341.npz,359,False,
base_002342,train,train/base_002342.npz,216,False,
base_002343,train,train/base_002343.npz,91,False,
base_002344,train,train/base_002344.npz,216,False,
base_002345,train,train/base_002345.npz,232,False,
base_002346,train,train/base_002346.npz,41,False,
base_002347,train,train/base_002347.npz,149,False,
base_002348,train,train/base_002348.npz,366,False,
base_002349,train,train/base_002349.npz,138,False,
base_002350,train,train/base_002350.npz,416,False,
base_002351,train,train/base_002351.npz,471,False,
base_002352,train,train/base_002352.npz,255,False,
base_002353,train,train/base_002353.npz,173,False,
base_002354,train,train/base_002354.npz,432,False,
base_002355,train,train/base_002355.npz,367,False,
base_002356,train,train/base_002356.npz,175,False,
base_002357,train,train/base_002357.npz,359,False,
base_002358,train,train/base_002358.npz,45,False,
base_002359,train,train/base_002359.npz,216,False,
base_002360,train,train/base_002360.npz,41,False,
base_002361,train,train/base_002361.npz,275,False,
base_002362,train,train/base_002362.npz,40,False,
base_002363,train,train/base_002363.npz,138,False,
base_002364,train,train/base_002364.npz,477,False,
base_002365,train,train/base_002365.npz,116,False,
base_002366,train,train/base_002366.npz,60,False,
base_002367,train,train/base_002367.npz,150,False,
base_002368,train,train/base_002368.npz,120,False,
base_002369,train,train/base_002369.npz,421,False,
base_002370,train,train/base_002370.npz,177,False,
base_002371,train,train/base_002371.npz,41,False,
base_002372,train,train/base_002372.npz,276,False,
base_002373,train,train/base_002373.npz,260,False,
base_002374,train,train/base_002374.npz,64,False,
base_002375,train,train/base_002375.npz,418,False,
base_002376,train,train/base_002376.npz,216,False,
base_002377,train,train/base_002377.npz,60,False,
base_002378,train,train/base_002378.npz,319,False,
base_002379,train,train/base_002379.npz,490,False,
base_002380,train,train/base_002380.npz,91,False,
base_002381,train,train/base_002381.npz,216,False,
base_002382,train,train/base_002382.npz,477,False,
base_002383,train,train/base_002383.npz,432,False,
base_002384,train,train/base_002384.npz,175,False,
base_002385,train,train/base_002385.npz,64,False,
base_002386,train,train/base_002386.npz,138,False,
base_002387,train,train/base_002387.npz,121,False,
base_002388,train,train/base_002388.npz,63,False,
base_002389,train,train/base_002389.npz,216,False,
base_002390,train,train/base_002390.npz,91,False,
base_002391,train,train/base_002391.npz,85,False,
base_002392,train,train/base_002392.npz,275,False,
base_002393,train,train/base_002393.npz,262,False,
base_002394,train,train/base_002394.npz,158,False,
base_002395,train,train/base_002395.npz,40,False,
base_002396,train,train/base_002396.npz,60,False,
base_002397,train,train/base_002397.npz,461,False,
base_002398,train,train/base_002398.npz,41,False,
base_002399,train,train/base_002399.npz,418,False,
base_002400,train,train/base_002400.npz,149,False,
base_002401,train,train/base_002401.npz,91,False,
base_002402,train,train/base_002402.npz,116,False,
base_002403,train,train/base_002403.npz,149,False,
base_002404,train,train/base_002404.npz,182,False,
base_002405,train,train/base_002405.npz,182,False,
base_002406,train,train/base_002406.npz,474,False,
base_002407,train,train/base_002407.npz,64,False,
base_002408,train,train/base_002408.npz,60,False,
base_002409,train,train/base_002409.npz,490,False,
base_002410,train,train/base_002410.npz,418,False,
base_002411,train,train/base_002411.npz,120,False,
base_002412,train,train/base_002412.npz,40,False,
base_002413,train,train/base_002413.npz,63,False,
base_002414,train,train/base_002414.npz,473,False,
base_002415,train,train/base_002415.npz,116,False,
base_002416,train,train/base_002416.npz,432,False,
base_002417,train,train/base_002417.npz,367,False,
base_002418,train,train/base_002418.npz,59,False,
base_002419,train,train/base_002419.npz,63,False,
base_002420,train,train/base_002420.npz,85,False,
base_002421,train,train/base_002421.npz,461,False,
base_002422,train,train/base_002422.npz,320,False,
base_002423,train,train/base_002423.npz,116,False,
base_002424,train,train/base_002424.npz,120,False,
base_002425,train,train/base_002425.npz,418,False,
base_002426,train,train/base_002426.npz,359,False,
base_002427,train,train/base_002427.npz,181,False,
base_002428,train,train/base_002428.npz,63,False,
base_002429,train,train/base_002429.npz,320,False,
base_002430,train,train/base_002430.npz,320,False,
base_002431,train,train/base_002431.npz,91,False,
base_002432,train,train/base_002432.npz,40,False,
base_002433,train,train/base_002433.npz,116,False,
base_002434,train,train/base_002434.npz,320,False,
base_002435,train,train/base_002435.npz,45,False,
base_002436,train,train/base_002436.npz,45,False,
base_002437,train,train/base_002437.npz,116,False,
base_002438,train,train/base_002438.npz,262,False,
base_002439,train,train/base_002439.npz,183,False,
base_002440,train,train/base_002440.npz,40,False,
base_002441,train,train/base_002441.npz,193,False,
base_002442,train,train/base_002442.npz,180,False,
base_002443,train,train/base_002443.npz,64,False,
base_002444,train,train/base_002444.npz,150,False,
base_002445,train,train/base_002445.npz,92,False,
base_002446,train,train/base_002446.npz,356,False,
base_002447,train,train/base_002447.npz,149,False,
base_002448,train,train/base_002448.npz,116,False,
base_002449,train,train/base_002449.npz,232,False,
base_002450,train,train/base_002450.npz,45,False,
base_002451,train,train/base_002451.npz,59,False,
base_002452,train,train/base_002452.npz,63,False,
base_002453,train,train/base_002453.npz,182,False,
base_002454,train,train/base_002454.npz,68,False,
base_002455,train,train/base_002455.npz,62,False,
base_002456,train,train/base_002456.npz,45,False,
base_002457,train,train/base_002457.npz,232,False,
base_002458,train,train/base_002458.npz,85,False,
base_002459,train,train/base_002459.npz,232,False,
base_002460,train,train/base_002460.npz,320,False,
base_002461,train,train/base_002461.npz,138,False,
base_002462,train,train/base_002462.npz,85,False,
base_002463,train,train/base_002463.npz,63,False,
base_002464,train,train/base_002464.npz,62,False,
base_002465,train,train/base_002465.npz,366,False,
base_002466,train,train/base_002466.npz,150,False,
base_002467,train,train/base_002467.npz,63,False,
base_002468,train,train/base_002468.npz,182,False,
base_002469,train,train/base_002469.npz,85,False,
base_002470,train,train/base_002470.npz,261,False,
base_002471,train,train/base_002471.npz,262,False,
base_002472,train,train/base_002472.npz,471,False,
base_002473,train,train/base_002473.npz,60,False,
base_002474,train,train/base_002474.npz,121,False,
base_002475,train,train/base_002475.npz,91,False,
base_002476,train,train/base_002476.npz,59,False,
base_002477,train,train/base_002477.npz,63,False,
base_002478,train,train/base_002478.npz,183,False,
base_002479,train,train/base_002479.npz,368,False,
base_002480,train,train/base_002480.npz,149,False,
base_002481,train,train/base_002481.npz,180,False,
base_002482,train,train/base_002482.npz,216,False,
base_002483,train,train/base_002483.npz,432,False,
base_002484,train,train/base_002484.npz,304,False,
base_002485,train,train/base_002485.npz,91,False,
base_002486,train,train/base_002486.npz,359,False,
base_002487,train,train/base_002487.npz,359,False,
base_002488,train,train/base_002488.npz,150,False,
base_002489,train,train/base_002489.npz,121,False,
base_002490,train,train/base_002490.npz,41,False,
base_002491,train,train/base_002491.npz,150,False,
base_002492,train,train/base_002492.npz,319,False,
base_002493,train,train/base_002493.npz,149,False,
base_002494,train,train/base_002494.npz,232,False,
base_002495,train,train/base_002495.npz,260,False,
base_002496,train,train/base_002496.npz,366,False,
base_002497,train,train/base_002497.npz,91,False,
base_002498,train,train/base_002498.npz,63,False,
base_002499,train,train/base_002499.npz,175,False,
base_002500,train,train/base_002500.npz,116,False,
base_002501,train,train/base_002501.npz,85,False,
base_002502,train,train/base_002502.npz,91,False,
base_002503,train,train/base_002503.npz,85,False,
base_002504,train,train/base_002504.npz,85,False,
base_002505,train,train/base_002505.npz,173,False,
base_002506,train,train/base_002506.npz,276,False,
base_002507,train,train/base_002507.npz,367,False,
base_002508,train,train/base_002508.npz,121,False,
base_002509,train,train/base_002509.npz,158,False,
base_002510,train,train/base_002510.npz,432,False,
base_002511,train,train/base_002511.npz,182,False,
base_002512,train,train/base_002512.npz,64,False,
base_002513,train,train/base_002513.npz,121,False,
base_002514,train,train/base_002514.npz,175,False,
base_002515,train,train/base_002515.npz,63,False,
base_002516,train,train/base_002516.npz,262,False,
base_002517,train,train/base_002517.npz,45,False,
base_002518,train,train/base_002518.npz,64,False,
base_002519,train,train/base_002519.npz,332,False,
base_002520,train,train/base_002520.npz,62,False,
base_002521,train,train/base_002521.npz,401,False,
base_002522,train,train/base_002522.npz,59,False,
base_002523,train,train/base_002523.npz,92,False,
base_002524,train,train/base_002524.npz,120,False,
base_002525,train,train/base_002525.npz,275,False,
base_002526,train,train/base_002526.npz,85,False,
base_002527,train,train/base_002527.npz,63,False,
base_002528,train,train/base_002528.npz,60,False,
base_002529,train,train/base_002529.npz,418,False,
base_002530,train,train/base_002530.npz,418,False,
base_002531,train,train/base_002531.npz,460,False,
base_002532,train,train/base_002532.npz,460,False,
base_002533,train,train/base_002533.npz,359,False,
base_002534,train,train/base_002534.npz,471,False,
base_002535,train,train/base_002535.npz,232,False,
base_002536,train,train/base_002536.npz,45,False,
base_002537,train,train/base_002537.npz,421,False,
base_002538,train,train/base_002538.npz,116,False,
base_002539,train,train/base_002539.npz,319,False,
base_002540,train,train/base_002540.npz,40,False,
base_002541,train,train/base_002541.npz,183,False,
base_002542,train,train/base_002542.npz,138,False,
base_002543,train,train/base_002543.npz,173,False,
base_002544,train,train/base_002544.npz,433,False,
base_002545,train,train/base_002545.npz,109,False,
base_002546,train,train/base_002546.npz,92,False,
base_002547,train,train/base_002547.npz,431,False,
base_002548,train,train/base_002548.npz,175,False,
base_002549,train,train/base_002549.npz,415,False,
base_002550,train,train/base_002550.npz,149,False,
base_002551,train,train/base_002551.npz,416,False,
base_002552,train,train/base_002552.npz,116,False,
base_002553,train,train/base_002553.npz,431,False,
base_002554,train,train/base_002554.npz,41,False,
base_002555,train,train/base_002555.npz,182,False,
base_002556,train,train/base_002556.npz,158,False,
base_002557,train,train/base_002557.npz,319,False,
base_002558,train,train/base_002558.npz,85,False,
base_002559,train,train/base_002559.npz,359,False,
base_002560,train,train/base_002560.npz,471,False,
base_002561,train,train/base_002561.npz,63,False,
base_002562,train,train/base_002562.npz,120,False,
base_002563,train,train/base_002563.npz,401,False,
base_002564,train,train/base_002564.npz,175,False,
base_002565,train,train/base_002565.npz,183,False,
base_002566,train,train/base_002566.npz,63,False,
base_002567,train,train/base_002567.npz,59,False,
base_002568,train,train/base_002568.npz,85,False,
base_002569,train,train/base_002569.npz,366,False,
base_002570,train,train/base_002570.npz,60,False,
base_002571,train,train/base_002571.npz,359,False,
base_002572,train,train/base_002572.npz,477,False,
base_002573,train,train/base_002573.npz,421,False,
base_002574,train,train/base_002574.npz,109,False,
base_002575,train,train/base_002575.npz,421,False,
base_002576,train,train/base_002576.npz,461,False,
base_002577,train,train/base_002577.npz,64,False,
base_002578,train,train/base_002578.npz,116,False,
base_002579,train,train/base_002579.npz,232,False,
base_002580,train,train/base_002580.npz,477,False,
base_002581,train,train/base_002581.npz,85,False,
base_002582,train,train/base_002582.npz,109,False,
base_002583,train,train/base_002583.npz,91,False,
base_002584,train,train/base_002584.npz,138,False,
base_002585,train,train/base_002585.npz,183,False,
base_002586,train,train/base_002586.npz,118,False,
base_002587,train,train/base_002587.npz,45,False,
base_002588,train,train/base_002588.npz,366,False,
base_002589,train,train/base_002589.npz,109,False,
base_002590,train,train/base_002590.npz,175,False,
base_002591,train,train/base_002591.npz,63,False,
base_002592,train,train/base_002592.npz,216,False,
base_002593,train,train/base_002593.npz,158,False,
base_002594,train,train/base_002594.npz,183,False,
base_002595,train,train/base_002595.npz,64,False,
base_002596,train,train/base_002596.npz,63,False,
base_002597,train,train/base_002597.npz,121,False,
base_002598,train,train/base_002598.npz,63,False,
base_002599,train,train/base_002599.npz,232,False,
base_002600,train,train/base_002600.npz,432,False,
base_002601,train,train/base_002601.npz,359,False,
base_002602,train,train/base_002602.npz,304,False,
base_002603,train,train/base_002603.npz,85,False,
base_002604,train,train/base_002604.npz,366,False,
base_002605,train,train/base_002605.npz,232,False,
base_002606,train,train/base_002606.npz,64,False,
base_002607,train,train/base_002607.npz,121,False,
base_002608,train,train/base_002608.npz,91,False,
base_002609,train,train/base_002609.npz,91,False,
base_002610,train,train/base_002610.npz,416,False,
base_002611,train,train/base_002611.npz,120,False,
base_002612,train,train/base_002612.npz,276,False,
base_002613,train,train/base_002613.npz,320,False,
base_002614,train,train/base_002614.npz,356,False,
base_002615,train,train/base_002615.npz,418,False,
base_002616,train,train/base_002616.npz,63,False,
base_002617,train,train/base_002617.npz,304,False,
base_002618,train,train/base_002618.npz,150,False,
base_002619,train,train/base_002619.npz,232,False,
base_002620,train,train/base_002620.npz,432,False,
base_002621,train,train/base_002621.npz,260,False,
base_002622,train,train/base_002622.npz,232,False,
base_002623,train,train/base_002623.npz,109,False,
base_002624,train,train/base_002624.npz,85,False,
base_002625,train,train/base_002625.npz,64,False,
base_002626,train,train/base_002626.npz,476,False,
base_002627,train,train/base_002627.npz,149,False,
base_002628,train,train/base_002628.npz,368,False,
base_002629,train,train/base_002629.npz,261,False,
base_002630,train,train/base_002630.npz,304,False,
base_002631,train,train/base_002631.npz,91,False,
base_002632,train,train/base_002632.npz,121,False,
base_002633,train,train/base_002633.npz,85,False,
base_002634,train,train/base_002634.npz,180,False,
base_002635,train,train/base_002635.npz,118,False,
base_002636,train,train/base_002636.npz,121,False,
base_002637,train,train/base_002637.npz,232,False,
base_002638,train,train/base_002638.npz,232,False,
base_002639,train,train/base_002639.npz,120,False,
base_002640,train,train/base_002640.npz,41,False,
base_002641,train,train/base_002641.npz,116,False,
base_002642,train,train/base_002642.npz,320,False,
base_002643,train,train/base_002643.npz,60,False,
base_002644,train,train/base_002644.npz,41,False,
base_002645,train,train/base_002645.npz,116,False,
base_002646,train,train/base_002646.npz,121,False,
base_002647,train,train/base_002647.npz,366,False,
base_002648,train,train/base_002648.npz,63,False,
base_002649,train,train/base_002649.npz,490,False,
base_002650,train,train/base_002650.npz,415,False,
base_002651,train,train/base_002651.npz,91,False,
base_002652,train,train/base_002652.npz,63,False,
base_002653,train,train/base_002653.npz,232,False,
base_002654,train,train/base_002654.npz,85,False,
base_002655,train,train/base_002655.npz,432,False,
base_002656,train,train/base_002656.npz,138,False,
base_002657,train,train/base_002657.npz,158,False,
base_002658,train,train/base_002658.npz,59,False,
base_002659,train,train/base_002659.npz,62,False,
base_002660,train,train/base_002660.npz,62,False,
base_002661,train,train/base_002661.npz,176,False,
base_002662,train,train/base_002662.npz,173,False,
base_002663,train,train/base_002663.npz,320,False,
base_002664,train,train/base_002664.npz,216,False,
base_002665,train,train/base_002665.npz,216,False,
base_002666,train,train/base_002666.npz,232,False,
base_002667,train,train/base_002667.npz,304,False,
base_002668,train,train/base_002668.npz,232,False,
base_002669,train,train/base_002669.npz,116,False,
base_002670,train,train/base_002670.npz,490,False,
base_002671,train,train/base_002671.npz,40,False,
base_002672,train,train/base_002672.npz,173,False,
base_002673,train,train/base_002673.npz,490,False,
base_002674,train,train/base_002674.npz,63,False,
base_002675,train,train/base_002675.npz,45,False,
base_002676,train,train/base_002676.npz,175,False,
base_002677,train,train/base_002677.npz,85,False,
base_002678,train,train/base_002678.npz,368,False,
base_002679,train,train/base_002679.npz,45,False,
base_002680,train,train/base_002680.npz,182,False,
base_002681,train,train/base_002681.npz,149,False,
base_002682,train,train/base_002682.npz,138,False,
base_002683,train,train/base_002683.npz,477,False,
base_002684,train,train/base_002684.npz,91,False,
base_002685,train,train/base_002685.npz,63,False,
base_002686,train,train/base_002686.npz,182,False,
base_002687,train,train/base_002687.npz,367,False,
base_002688,train,train/base_002688.npz,305,False,
base_002689,train,train/base_002689.npz,118,False,
base_002690,train,train/base_002690.npz,60,False,
base_002691,train,train/base_002691.npz,109,False,
base_002692,train,train/base_002692.npz,85,False,
base_002693,train,train/base_002693.npz,149,False,
base_002694,train,train/base_002694.npz,150,False,
base_002695,train,train/base_002695.npz,150,False,
base_002696,train,train/base_002696.npz,64,False,
base_002697,train,train/base_002697.npz,138,False,
base_002698,train,train/base_002698.npz,92,False,
base_002699,train,train/base_002699.npz,92,False,
base_002700,train,train/base_002700.npz,366,False,
base_002701,train,train/base_002701.npz,91,False,
base_002702,train,train/base_002702.npz,85,False,
base_002703,train,train/base_002703.npz,175,False,
base_002704,train,train/base_002704.npz,45,False,
base_002705,train,train/base_002705.npz,368,False,
base_002706,train,train/base_002706.npz,421,False,
base_002707,train,train/base_002707.npz,85,False,
base_002708,train,train/base_002708.npz,63,False,
base_002709,train,train/base_002709.npz,359,False,
base_002710,train,train/base_002710.npz,150,False,
base_002711,train,train/base_002711.npz,40,False,
base_002712,train,train/base_002712.npz,180,False,
base_002713,train,train/base_002713.npz,85,False,
base_002714,train,train/base_002714.npz,304,False,
base_002715,train,train/base_002715.npz,359,False,
base_002716,train,train/base_002716.npz,149,False,
base_002717,train,train/base_002717.npz,85,False,
base_002718,train,train/base_002718.npz,60,False,
base_002719,train,train/base_002719.npz,85,False,
base_002720,train,train/base_002720.npz,118,False,
base_002721,train,train/base_002721.npz,232,False,
base_002722,train,train/base_002722.npz,474,False,
base_002723,train,train/base_002723.npz,150,False,
base_002724,train,train/base_002724.npz,255,False,
base_002725,train,train/base_002725.npz,175,False,
base_002726,train,train/base_002726.npz,477,False,
base_002727,train,train/base_002727.npz,116,False,
base_002728,train,train/base_002728.npz,62,False,
base_002729,train,train/base_002729.npz,367,False,
base_002730,train,train/base_002730.npz,138,False,
base_002731,train,train/base_002731.npz,461,False,
base_002732,train,train/base_002732.npz,121,False,
base_002733,train,train/base_002733.npz,45,False,
base_002734,train,train/base_002734.npz,40,False,
base_002735,train,train/base_002735.npz,474,False,
base_002736,train,train/base_002736.npz,41,False,
base_002737,train,train/base_002737.npz,216,False,
base_002738,train,train/base_002738.npz,320,False,
base_002739,train,train/base_002739.npz,232,False,
base_002740,train,train/base_002740.npz,85,False,
base_002741,train,train/base_002741.npz,276,False,
base_002742,train,train/base_002742.npz,276,False,
base_002743,train,train/base_002743.npz,416,False,
base_002744,train,train/base_002744.npz,120,False,
base_002745,train,train/base_002745.npz,41,False,
base_002746,train,train/base_002746.npz,45,False,
base_002747,train,train/base_002747.npz,232,False,
base_002748,train,train/base_002748.npz,182,False,
base_002749,train,train/base_002749.npz,120,False,
base_002750,train,train/base_002750.npz,121,False,
base_002751,train,train/base_002751.npz,45,False,
base_002752,train,train/base_002752.npz,332,False,
base_002753,train,train/base_002753.npz,45,False,
base_002754,train,train/base_002754.npz,149,False,
base_002755,train,train/base_002755.npz,63,False,
base_002756,train,train/base_002756.npz,262,False,
base_002757,train,train/base_002757.npz,461,False,
base_002758,train,train/base_002758.npz,359,False,
base_002759,train,train/base_002759.npz,85,False,
base_002760,train,train/base_002760.npz,359,False,
base_002761,train,train/base_002761.npz,60,False,
base_002762,train,train/base_002762.npz,359,False,
base_002763,train,train/base_002763.npz,64,False,
base_002764,train,train/base_002764.npz,158,False,
base_002765,train,train/base_002765.npz,62,False,
base_002766,train,train/base_002766.npz,471,False,
base_002767,train,train/base_002767.npz,460,False,
base_002768,train,train/base_002768.npz,40,False,
base_002769,train,train/base_002769.npz,85,False,
base_002770,train,train/base_002770.npz,193,False,
base_002771,train,train/base_002771.npz,91,False,
base_002772,train,train/base_002772.npz,275,False,
base_002773,train,train/base_002773.npz,116,False,
base_002774,train,train/base_002774.npz,262,False,
base_002775,train,train/base_002775.npz,182,False,
base_002776,train,train/base_002776.npz,116,False,
base_002777,train,train/base_002777.npz,232,False,
base_002778,train,train/base_002778.npz,120,False,
base_002779,train,train/base_002779.npz,40,False,
base_002780,train,train/base_002780.npz,60,False,
base_002781,train,train/base_002781.npz,59,False,
base_002782,train,train/base_002782.npz,121,False,
base_002783,train,train/base_002783.npz,116,False,
base_002784,train,train/base_002784.npz,304,False,
base_002785,train,train/base_002785.npz,91,False,
base_002786,train,train/base_002786.npz,41,False,
base_002787,train,train/base_002787.npz,85,False,
base_002788,train,train/base_002788.npz,275,False,
base_002789,train,train/base_002789.npz,182,False,
base_002790,train,train/base_002790.npz,416,False,
base_002791,train,train/base_002791.npz,477,False,
base_002792,train,train/base_002792.npz,366,False,
base_002793,train,train/base_002793.npz,320,False,
base_002794,train,train/base_002794.npz,216,False,
base_002795,train,train/base_002795.npz,232,False,
base_002796,train,train/base_002796.npz,60,False,
base_002797,train,train/base_002797.npz,421,False,
base_002798,train,train/base_002798.npz,232,False,
base_002799,train,train/base_002799.npz,121,False,
base_002800,train,train/base_002800.npz,232,False,
base_002801,train,train/base_002801.npz,232,False,
base_002802,train,train/base_002802.npz,418,False,
base_002803,train,train/base_002803.npz,92,False,
base_002804,train,train/base_002804.npz,359,False,
base_002805,train,train/base_002805.npz,320,False,
base_002806,train,train/base_002806.npz,85,False,
base_002807,train,train/base_002807.npz,120,False,
base_002808,train,train/base_002808.npz,45,False,
base_002809,train,train/base_002809.npz,91,False,
base_002810,train,train/base_002810.npz,116,False,
base_002811,train,train/base_002811.npz,150,False,
base_002812,train,train/base_002812.npz,149,False,
base_002813,train,train/base_002813.npz,359,False,
base_002814,train,train/base_002814.npz,63,False,
base_002815,train,train/base_002815.npz,120,False,
base_002816,train,train/base_002816.npz,60,False,
base_002817,train,train/base_002817.npz,63,False,
base_002818,train,train/base_002818.npz,158,False,
base_002819,train,train/base_002819.npz,150,False,
base_002820,train,train/base_002820.npz,63,False,
base_002821,train,train/base_002821.npz,232,False,
base_002822,train,train/base_002822.npz,63,False,
base_002823,train,train/base_002823.npz,262,False,
base_002824,train,train/base_002824.npz,109,False,
base_002825,train,train/base_002825.npz,216,False,
base_002826,train,train/base_002826.npz,262,False,
base_002827,train,train/base_002827.npz,45,False,
base_002828,train,train/base_002828.npz,59,False,
base_002829,train,train/base_002829.npz,490,False,
base_002830,train,train/base_002830.npz,85,False,
base_002831,train,train/base_002831.npz,232,False,
base_002832,train,train/base_002832.npz,401,False,
base_002833,train,train/base_002833.npz,85,False,
base_002834,train,train/base_002834.npz,85,False,
base_002835,train,train/base_002835.npz,109,False,
base_002836,train,train/base_002836.npz,320,False,
base_002837,train,train/base_002837.npz,41,False,
base_002838,train,train/base_002838.npz,368,False,
base_002839,train,train/base_002839.npz,260,False,
base_002840,train,train/base_002840.npz,180,False,
base_002841,train,train/base_002841.npz,149,False,
base_002842,train,train/base_002842.npz,175,False,
base_002843,train,train/base_002843.npz,138,False,
base_002844,train,train/base_002844.npz,85,False,
base_002845,train,train/base_002845.npz,120,False,
base_002846,train,train/base_002846.npz,41,False,
base_002847,train,train/base_002847.npz,432,False,
base_002848,train,train/base_002848.npz,45,False,
base_002849,train,train/base_002849.npz,45,False,
base_002850,train,train/base_002850.npz,366,False,
base_002851,train,train/base_002851.npz,85,False,
base_002852,train,train/base_002852.npz,92,False,
base_002853,train,train/base_002853.npz,216,False,
base_002854,train,train/base_002854.npz,85,False,
base_002855,train,train/base_002855.npz,116,False,
base_002856,train,train/base_002856.npz,92,False,
base_002857,train,train/base_002857.npz,116,False,
base_002858,train,train/base_002858.npz,359,False,
base_002859,train,train/base_002859.npz,416,False,
base_002860,train,train/base_002860.npz,116,False,
base_002861,train,train/base_002861.npz,232,False,
base_002862,train,train/base_002862.npz,367,False,
base_002863,train,train/base_002863.npz,59,False,
base_002864,train,train/base_002864.npz,40,False,
base_002865,train,train/base_002865.npz,138,False,
base_002866,train,train/base_002866.npz,60,False,
base_002867,train,train/base_002867.npz,41,False,
base_002868,train,train/base_002868.npz,366,False,
base_002869,train,train/base_002869.npz,120,False,
base_002870,train,train/base_002870.npz,85,False,
base_002871,train,train/base_002871.npz,368,False,
base_002872,train,train/base_002872.npz,59,False,
base_002873,train,train/base_002873.npz,120,False,
base_002874,train,train/base_002874.npz,85,False,
base_002875,train,train/base_002875.npz,63,False,
base_002876,train,train/base_002876.npz,40,False,
base_002877,train,train/base_002877.npz,62,False,
base_002878,train,train/base_002878.npz,304,False,
base_002879,train,train/base_002879.npz,116,False,
base_002880,train,train/base_002880.npz,432,False,
base_002881,train,train/base_002881.npz,60,False,
base_002882,train,train/base_002882.npz,490,False,
base_002883,train,train/base_002883.npz,304,False,
base_002884,train,train/base_002884.npz,116,False,
base_002885,train,train/base_002885.npz,216,False,
base_002886,train,train/base_002886.npz,418,False,
base_002887,train,train/base_002887.npz,182,False,
base_002888,train,train/base_002888.npz,359,False,
base_002889,train,train/base_002889.npz,116,False,
base_002890,train,train/base_002890.npz,318,False,
base_002891,train,train/base_002891.npz,175,False,
base_002892,train,train/base_002892.npz,116,False,
base_002893,train,train/base_002893.npz,60,False,
base_002894,train,train/base_002894.npz,320,False,
base_002895,train,train/base_002895.npz,45,False,
base_002896,train,train/base_002896.npz,416,False,
base_002897,train,train/base_002897.npz,416,False,
base_002898,train,train/base_002898.npz,216,False,
base_002899,train,train/base_002899.npz,40,False,
base_002900,train,train/base_002900.npz,366,False,
base_002901,train,train/base_002901.npz,320,False,
base_002902,train,train/base_002902.npz,232,False,
base_002903,train,train/base_002903.npz,60,False,
base_002904,train,train/base_002904.npz,421,False,
base_002905,train,train/base_002905.npz,432,False,
base_002906,train,train/base_002906.npz,216,False,
base_002907,train,train/base_002907.npz,421,False,
base_002908,train,train/base_002908.npz,59,False,
base_002909,train,train/base_002909.npz,160,False,
base_002910,train,train/base_002910.npz,490,False,
base_002911,train,train/base_002911.npz,64,False,
base_002912,train,train/base_002912.npz,432,False,
base_002913,train,train/base_002913.npz,85,False,
base_002914,train,train/base_002914.npz,85,False,
base_002915,train,train/base_002915.npz,121,False,
base_002916,train,train/base_002916.npz,477,False,
base_002917,train,train/base_002917.npz,60,False,
base_002918,train,train/base_002918.npz,216,False,
base_002919,train,train/base_002919.npz,160,False,
base_002920,train,train/base_002920.npz,91,False,
base_002921,train,train/base_002921.npz,476,False,
base_002922,train,train/base_002922.npz,149,False,
base_002923,train,train/base_002923.npz,366,False,
base_002924,train,train/base_002924.npz,232,False,
base_002925,train,train/base_002925.npz,366,False,
base_002926,train,train/base_002926.npz,232,False,
base_002927,train,train/base_002927.npz,150,False,
base_002928,train,train/base_002928.npz,432,False,
base_002929,train,train/base_002929.npz,40,False,
base_002930,train,train/base_002930.npz,64,False,
base_002931,train,train/base_002931.npz,359,False,
base_002932,train,train/base_002932.npz,41,False,
base_002933,train,train/base_002933.npz,64,False,
base_002934,train,train/base_002934.npz,216,False,
base_002935,train,train/base_002935.npz,120,False,
base_002936,train,train/base_002936.npz,173,False,
base_002937,train,train/base_002937.npz,85,False,
base_002938,train,train/base_002938.npz,477,False,
base_002939,train,train/base_002939.npz,232,False,
base_002940,train,train/base_002940.npz,401,False,
base_002941,train,train/base_002941.npz,109,False,
base_002942,train,train/base_002942.npz,432,False,
base_002943,train,train/base_002943.npz,63,False,
base_002944,train,train/base_002944.npz,41,False,
base_002945,train,train/base_002945.npz,149,False,
base_002946,train,train/base_002946.npz,477,False,
base_002947,train,train/base_002947.npz,45,False,
base_002948,train,train/base_002948.npz,216,False,
base_002949,train,train/base_002949.npz,183,False,
base_002950,train,train/base_002950.npz,232,False,
base_002951,train,train/base_002951.npz,45,False,
base_002952,train,train/base_002952.npz,68,False,
base_002953,train,train/base_002953.npz,366,False,
base_002954,train,train/base_002954.npz,232,False,
base_002955,train,train/base_002955.npz,160,False,
base_002956,train,train/base_002956.npz,180,False,
base_002957,train,train/base_002957.npz,120,False,
base_002958,train,train/base_002958.npz,304,False,
base_002959,train,train/base_002959.npz,60,False,
base_002960,train,train/base_002960.npz,490,False,
base_002961,train,train/base_002961.npz,45,False,
base_002962,train,train/base_002962.npz,138,False,
base_002963,train,train/base_002963.npz,216,False,
base_002964,train,train/base_002964.npz,304,False,
base_002965,train,train/base_002965.npz,149,False,
base_002966,train,train/base_002966.npz,262,False,
base_002967,train,train/base_002967.npz,116,False,
base_002968,train,train/base_002968.npz,304,False,
base_002969,train,train/base_002969.npz,175,False,
base_002970,train,train/base_002970.npz,63,False,
base_002971,train,train/base_002971.npz,490,False,
base_002972,train,train/base_002972.npz,92,False,
base_002973,train,train/base_002973.npz,116,False,
base_002974,train,train/base_002974.npz,68,False,
base_002975,train,train/base_002975.npz,85,False,
base_002976,train,train/base_002976.npz,182,False,
base_002977,train,train/base_002977.npz,91,False,
base_002978,train,train/base_002978.npz,416,False,
base_002979,train,train/base_002979.npz,120,False,
base_002980,train,train/base_002980.npz,305,False,
base_002981,train,train/base_002981.npz,180,False,
base_002982,train,train/base_002982.npz,173,False,
base_002983,train,train/base_002983.npz,359,False,
base_002984,train,train/base_002984.npz,45,False,
base_002985,train,train/base_002985.npz,41,False,
base_002986,train,train/base_002986.npz,432,False,
base_002987,train,train/base_002987.npz,418,False,
base_002988,train,train/base_002988.npz,63,False,
base_002989,train,train/base_002989.npz,91,False,
base_002990,train,train/base_002990.npz,92,False,
base_002991,train,train/base_002991.npz,262,False,
base_002992,train,train/base_002992.npz,232,False,
base_002993,train,train/base_002993.npz,85,False,
base_002994,train,train/base_002994.npz,63,False,
base_002995,train,train/base_002995.npz,216,False,
base_002996,train,train/base_002996.npz,177,False,
base_002997,train,train/base_002997.npz,216,False,
base_002998,train,train/base_002998.npz,63,False,
base_002999,train,train/base_002999.npz,85,False,
base_003000,train,train/base_003000.npz,276,False,
base_003001,train,train/base_003001.npz,116,False,
base_003002,train,train/base_003002.npz,40,False,
base_003003,train,train/base_003003.npz,149,False,
base_003004,train,train/base_003004.npz,60,False,
base_003005,train,train/base_003005.npz,304,False,
base_003006,train,train/base_003006.npz,41,False,
base_003007,train,train/base_003007.npz,92,False,
base_003008,train,train/base_003008.npz,232,False,
base_003009,train,train/base_003009.npz,182,False,
base_003010,train,train/base_003010.npz,63,False,
base_003011,train,train/base_003011.npz,368,False,
base_003012,train,train/base_003012.npz,366,False,
base_003013,train,train/base_003013.npz,91,False,
base_003014,train,train/base_003014.npz,367,False,
base_003015,train,train/base_003015.npz,120,False,
base_003016,train,train/base_003016.npz,232,False,
base_003017,train,train/base_003017.npz,45,False,
base_003018,train,train/base_003018.npz,471,False,
base_003019,train,train/base_003019.npz,85,False,
base_003020,train,train/base_003020.npz,63,False,
base_003021,train,train/base_003021.npz,116,False,
base_003022,train,train/base_003022.npz,471,False,
base_003023,train,train/base_003023.npz,150,False,
base_003024,train,train/base_003024.npz,175,False,
base_003025,train,train/base_003025.npz,121,False,
base_003026,train,train/base_003026.npz,320,False,
base_003027,train,train/base_003027.npz,177,False,
base_003028,train,train/base_003028.npz,59,False,
base_003029,train,train/base_003029.npz,262,False,
base_003030,train,train/base_003030.npz,177,False,
base_003031,train,train/base_003031.npz,150,False,
base_003032,train,train/base_003032.npz,150,False,
base_003033,train,train/base_003033.npz,63,False,
base_003034,train,train/base_003034.npz,63,False,
base_003035,train,train/base_003035.npz,116,False,
base_003036,train,train/base_003036.npz,120,False,
base_003037,train,train/base_003037.npz,63,False,
base_003038,train,train/base_003038.npz,91,False,
base_003039,train,train/base_003039.npz,180,False,
base_003040,train,train/base_003040.npz,85,False,
base_003041,train,train/base_003041.npz,359,False,
base_003042,train,train/base_003042.npz,138,False,
base_003043,train,train/base_003043.npz,60,False,
base_003044,train,train/base_003044.npz,121,False,
base_003045,train,train/base_003045.npz,60,False,
base_003046,train,train/base_003046.npz,118,False,
base_003047,train,train/base_003047.npz,416,False,
base_003048,train,train/base_003048.npz,232,False,
base_003049,train,train/base_003049.npz,320,False,
base_003050,train,train/base_003050.npz,116,False,
base_003051,train,train/base_003051.npz,262,False,
base_003052,train,train/base_003052.npz,476,False,
base_003053,train,train/base_003053.npz,275,False,
base_003054,train,train/base_003054.npz,109,False,
base_003055,train,train/base_003055.npz,216,False,
base_003056,train,train/base_003056.npz,261,False,
base_003057,train,train/base_003057.npz,116,False,
base_003058,train,train/base_003058.npz,216,False,
base_003059,train,train/base_003059.npz,85,False,
base_003060,train,train/base_003060.npz,149,False,
base_003061,train,train/base_003061.npz,173,False,
base_003062,train,train/base_003062.npz,261,False,
base_003063,train,train/base_003063.npz,255,False,
base_003064,train,train/base_003064.npz,262,False,
base_003065,train,train/base_003065.npz,150,False,
base_003066,train,train/base_003066.npz,109,False,
base_003067,train,train/base_003067.npz,255,False,
base_003068,train,train/base_003068.npz,91,False,
base_003069,train,train/base_003069.npz,45,False,
base_003070,train,train/base_003070.npz,432,False,
base_003071,train,train/base_003071.npz,158,False,
base_003072,train,train/base_003072.npz,216,False,
base_003073,train,train/base_003073.npz,120,False,
base_003074,train,train/base_003074.npz,490,False,
base_003075,train,train/base_003075.npz,63,False,
base_003076,train,train/base_003076.npz,120,False,
base_003077,train,train/base_003077.npz,41,False,
base_003078,train,train/base_003078.npz,45,False,
base_003079,train,train/base_003079.npz,85,False,
base_003080,train,train/base_003080.npz,68,False,
base_003081,train,train/base_003081.npz,60,False,
base_003082,train,train/base_003082.npz,64,False,
base_003083,train,train/base_003083.npz,477,False,
base_003084,train,train/base_003084.npz,116,False,
base_003085,train,train/base_003085.npz,63,False,
base_003086,train,train/base_003086.npz,45,False,
base_003087,train,train/base_003087.npz,41,False,
base_003088,train,train/base_003088.npz,262,False,
base_003089,train,train/base_003089.npz,120,False,
base_003090,train,train/base_003090.npz,85,False,
base_003091,train,train/base_003091.npz,109,False,
base_003092,train,train/base_003092.npz,116,False,
base_003093,train,train/base_003093.npz,357,False,
base_003094,train,train/base_003094.npz,304,False,
base_003095,train,train/base_003095.npz,421,False,
base_003096,train,train/base_003096.npz,138,False,
base_003097,train,train/base_003097.npz,320,False,
base_003098,train,train/base_003098.npz,262,False,
base_003099,train,train/base_003099.npz,474,False,
base_003100,train,train/base_003100.npz,121,False,
base_003101,train,train/base_003101.npz,59,False,
base_003102,train,train/base_003102.npz,332,False,
base_003103,train,train/base_003103.npz,41,False,
base_003104,train,train/base_003104.npz,116,False,
base_003105,train,train/base_003105.npz,45,False,
base_003106,train,train/base_003106.npz,356,False,
base_003107,train,train/base_003107.npz,415,False,
base_003108,train,train/base_003108.npz,182,False,
base_003109,train,train/base_003109.npz,60,False,
base_003110,train,train/base_003110.npz,41,False,
base_003111,train,train/base_003111.npz,63,False,
base_003112,train,train/base_003112.npz,415,False,
base_003113,train,train/base_003113.npz,476,False,
base_003114,train,train/base_003114.npz,59,False,
base_003115,train,train/base_003115.npz,116,False,
base_003116,train,train/base_003116.npz,367,False,
base_003117,train,train/base_003117.npz,175,False,
base_003118,train,train/base_003118.npz,85,False,
base_003119,train,train/base_003119.npz,40,False,
base_003120,train,train/base_003120.npz,91,False,
base_003121,train,train/base_003121.npz,59,False,
base_003122,train,train/base_003122.npz,120,False,
base_003123,train,train/base_003123.npz,40,False,
base_003124,train,train/base_003124.npz,59,False,
base_003125,train,train/base_003125.npz,121,False,
base_003126,train,train/base_003126.npz,320,False,
base_003127,train,train/base_003127.npz,359,False,
base_003128,train,train/base_003128.npz,149,False,
base_003129,train,train/base_003129.npz,216,False,
base_003130,train,train/base_003130.npz,366,False,
base_003131,train,train/base_003131.npz,421,False,
base_003132,train,train/base_003132.npz,319,False,
base_003133,train,train/base_003133.npz,476,False,
base_003134,train,train/base_003134.npz,60,False,
base_003135,train,train/base_003135.npz,60,False,
base_003136,train,train/base_003136.npz,138,False,
base_003137,train,train/base_003137.npz,149,False,
base_003138,train,train/base_003138.npz,182,False,
base_003139,train,train/base_003139.npz,64,False,
base_003140,train,train/base_003140.npz,62,False,
base_003141,train,train/base_003141.npz,474,False,
base_003142,train,train/base_003142.npz,91,False,
base_003143,train,train/base_003143.npz,62,False,
base_003144,train,train/base_003144.npz,276,False,
base_003145,train,train/base_003145.npz,216,False,
base_003146,train,train/base_003146.npz,149,False,
base_003147,train,train/base_003147.npz,149,False,
base_003148,train,train/base_003148.npz,91,False,
base_003149,train,train/base_003149.npz,91,False,
base_003150,train,train/base_003150.npz,41,False,
base_003151,train,train/base_003151.npz,59,False,
base_003152,train,train/base_003152.npz,477,False,
base_003153,train,train/base_003153.npz,276,False,
base_003154,train,train/base_003154.npz,232,False,
base_003155,train,train/base_003155.npz,232,False,
base_003156,train,train/base_003156.npz,60,False,
base_003157,train,train/base_003157.npz,120,False,
base_003158,train,train/base_003158.npz,262,False,
base_003159,train,train/base_003159.npz,432,False,
base_003160,train,train/base_003160.npz,261,False,
base_003161,train,train/base_003161.npz,116,False,
base_003162,train,train/base_003162.npz,40,False,
base_003163,train,train/base_003163.npz,40,False,
base_003164,train,train/base_003164.npz,368,False,
base_003165,train,train/base_003165.npz,359,False,
base_003166,train,train/base_003166.npz,60,False,
base_003167,train,train/base_003167.npz,120,False,
base_003168,train,train/base_003168.npz,260,False,
base_003169,train,train/base_003169.npz,41,False,
base_003170,train,train/base_003170.npz,92,False,
base_003171,train,train/base_003171.npz,85,False,
base_003172,train,train/base_003172.npz,85,False,
base_003173,train,train/base_003173.npz,40,False,
base_003174,train,train/base_003174.npz,366,False,
base_003175,train,train/base_003175.npz,60,False,
base_003176,train,train/base_003176.npz,109,False,
base_003177,train,train/base_003177.npz,121,False,
base_003178,train,train/base_003178.npz,121,False,
base_003179,train,train/base_003179.npz,116,False,
base_003180,train,train/base_003180.npz,216,False,
base_003181,train,train/base_003181.npz,85,False,
base_003182,train,train/base_003182.npz,64,False,
base_003183,train,train/base_003183.npz,121,False,
base_003184,train,train/base_003184.npz,276,False,
base_003185,train,train/base_003185.npz,41,False,
base_003186,train,train/base_003186.npz,63,False,
base_003187,train,train/base_003187.npz,85,False,
base_003188,train,train/base_003188.npz,59,False,
base_003189,train,train/base_003189.npz,63,False,
base_003190,train,train/base_003190.npz,85,False,
base_003191,train,train/base_003191.npz,182,False,
base_003192,train,train/base_003192.npz,92,False,
base_003193,train,train/base_003193.npz,121,False,
base_003194,train,train/base_003194.npz,92,False,
base_003195,train,train/base_003195.npz,232,False,
base_003196,train,train/base_003196.npz,175,False,
base_003197,train,train/base_003197.npz,150,False,
base_003198,train,train/base_003198.npz,85,False,
base_003199,train,train/base_003199.npz,477,False,
base_003200,train,train/base_003200.npz,63,False,
base_003201,train,train/base_003201.npz,41,False,
base_003202,train,train/base_003202.npz,121,False,
base_003203,train,train/base_003203.npz,418,False,
base_003204,train,train/base_003204.npz,359,False,
base_003205,train,train/base_003205.npz,260,False,
base_003206,train,train/base_003206.npz,359,False,
base_003207,train,train/base_003207.npz,255,False,
base_003208,train,train/base_003208.npz,216,False,
base_003209,train,train/base_003209.npz,149,False,
base_003210,train,train/base_003210.npz,432,False,
base_003211,train,train/base_003211.npz,232,False,
base_003212,train,train/base_003212.npz,45,False,
base_003213,train,train/base_003213.npz,45,False,
base_003214,train,train/base_003214.npz,91,False,
base_003215,train,train/base_003215.npz,60,False,
base_003216,train,train/base_003216.npz,359,False,
base_003217,train,train/base_003217.npz,109,False,
base_003218,train,train/base_003218.npz,182,False,
base_003219,train,train/base_003219.npz,149,False,
base_003220,train,train/base_003220.npz,85,False,
base_003221,train,train/base_003221.npz,92,False,
base_003222,train,train/base_003222.npz,180,False,
base_003223,train,train/base_003223.npz,116,False,
base_003224,train,train/base_003224.npz,216,False,
base_003225,train,train/base_003225.npz,45,False,
base_003226,train,train/base_003226.npz,232,False,
base_003227,train,train/base_003227.npz,63,False,
base_003228,train,train/base_003228.npz,182,False,
base_003229,train,train/base_003229.npz,175,False,
base_003230,train,train/base_003230.npz,460,False,
base_003231,train,train/base_003231.npz,332,False,
base_003232,train,train/base_003232.npz,320,False,
base_003233,train,train/base_003233.npz,182,False,
base_003234,train,train/base_003234.npz,121,False,
base_003235,train,train/base_003235.npz,216,False,
base_003236,train,train/base_003236.npz,91,False,
base_003237,train,train/base_003237.npz,471,False,
base_003238,train,train/base_003238.npz,332,False,
base_003239,train,train/base_003239.npz,64,False,
base_003240,train,train/base_003240.npz,85,False,
base_003241,train,train/base_003241.npz,85,False,
base_003242,train,train/base_003242.npz,85,False,
base_003243,train,train/base_003243.npz,232,False,
base_003244,train,train/base_003244.npz,415,False,
base_003245,train,train/base_003245.npz,175,False,
base_003246,train,train/base_003246.npz,41,False,
base_003247,train,train/base_003247.npz,91,False,
base_003248,train,train/base_003248.npz,121,False,
base_003249,train,train/base_003249.npz,85,False,
base_003250,train,train/base_003250.npz,232,False,
base_003251,train,train/base_003251.npz,304,False,
base_003252,train,train/base_003252.npz,216,False,
base_003253,train,train/base_003253.npz,60,False,
base_003254,train,train/base_003254.npz,216,False,
base_003255,train,train/base_003255.npz,173,False,
base_003256,train,train/base_003256.npz,45,False,
base_003257,train,train/base_003257.npz,116,False,
base_003258,train,train/base_003258.npz,150,False,
base_003259,train,train/base_003259.npz,60,False,
base_003260,train,train/base_003260.npz,40,False,
base_003261,train,train/base_003261.npz,261,False,
base_003262,train,train/base_003262.npz,160,False,
base_003263,train,train/base_003263.npz,63,False,
base_003264,train,train/base_003264.npz,416,False,
base_003265,train,train/base_003265.npz,92,False,
base_003266,train,train/base_003266.npz,121,False,
base_003267,train,train/base_003267.npz,320,False,
base_003268,train,train/base_003268.npz,85,False,
base_003269,train,train/base_003269.npz,85,False,
base_003270,train,train/base_003270.npz,182,False,
base_003271,train,train/base_003271.npz,160,False,
base_003272,train,train/base_003272.npz,45,False,
base_003273,train,train/base_003273.npz,116,False,
base_003274,train,train/base_003274.npz,121,False,
base_003275,train,train/base_003275.npz,45,False,
base_003276,train,train/base_003276.npz,232,False,
base_003277,train,train/base_003277.npz,85,False,
base_003278,train,train/base_003278.npz,92,False,
base_003279,train,train/base_003279.npz,40,False,
base_003280,train,train/base_003280.npz,261,False,
base_003281,train,train/base_003281.npz,64,False,
base_003282,train,train/base_003282.npz,183,False,
base_003283,train,train/base_003283.npz,41,False,
base_003284,train,train/base_003284.npz,158,False,
base_003285,train,train/base_003285.npz,320,False,
base_003286,train,train/base_003286.npz,60,False,
base_003287,train,train/base_003287.npz,64,False,
base_003288,train,train/base_003288.npz,368,False,
base_003289,train,train/base_003289.npz,85,False,
base_003290,train,train/base_003290.npz,261,False,
base_003291,train,train/base_003291.npz,150,False,
base_003292,train,train/base_003292.npz,116,False,
base_003293,train,train/base_003293.npz,85,False,
base_003294,train,train/base_003294.npz,460,False,
base_003295,train,train/base_003295.npz,118,False,
base_003296,train,train/base_003296.npz,116,False,
base_003297,train,train/base_003297.npz,116,False,
base_003298,train,train/base_003298.npz,216,False,
base_003299,train,train/base_003299.npz,41,False,
base_003300,train,train/base_003300.npz,40,False,
base_003301,train,train/base_003301.npz,216,False,
base_003302,train,train/base_003302.npz,59,False,
base_003303,train,train/base_003303.npz,276,False,
base_003304,train,train/base_003304.npz,91,False,
base_003305,train,train/base_003305.npz,91,False,
base_003306,train,train/base_003306.npz,116,False,
base_003307,train,train/base_003307.npz,91,False,
base_003308,train,train/base_003308.npz,490,False,
base_003309,train,train/base_003309.npz,85,False,
base_003310,train,train/base_003310.npz,150,False,
base_003311,train,train/base_003311.npz,63,False,
base_003312,train,train/base_003312.npz,41,False,
base_003313,train,train/base_003313.npz,261,False,
base_003314,train,train/base_003314.npz,64,False,
base_003315,train,train/base_003315.npz,118,False,
base_003316,train,train/base_003316.npz,85,False,
base_003317,train,train/base_003317.npz,40,False,
base_003318,train,train/base_003318.npz,85,False,
base_003319,train,train/base_003319.npz,216,False,
base_003320,train,train/base_003320.npz,320,False,
base_003321,train,train/base_003321.npz,150,False,
base_003322,train,train/base_003322.npz,45,False,
base_003323,train,train/base_003323.npz,45,False,
base_003324,train,train/base_003324.npz,91,False,
base_003325,train,train/base_003325.npz,304,False,
base_003326,train,train/base_003326.npz,149,False,
base_003327,train,train/base_003327.npz,120,False,
base_003328,train,train/base_003328.npz,138,False,
base_003329,train,train/base_003329.npz,64,False,
base_003330,train,train/base_003330.npz,359,False,
base_003331,train,train/base_003331.npz,116,False,
base_003332,train,train/base_003332.npz,92,False,
base_003333,train,train/base_003333.npz,232,False,
base_003334,train,train/base_003334.npz,477,False,
base_003335,train,train/base_003335.npz,160,False,
base_003336,train,train/base_003336.npz,138,False,
base_003337,train,train/base_003337.npz,182,False,
base_003338,train,train/base_003338.npz,59,False,
base_003339,train,train/base_003339.npz,45,False,
base_003340,train,train/base_003340.npz,41,False,
base_003341,train,train/base_003341.npz,150,False,
base_003342,train,train/base_003342.npz,63,False,
base_003343,train,train/base_003343.npz,232,False,
base_003344,train,train/base_003344.npz,418,False,
base_003345,train,train/base_003345.npz,262,False,
base_003346,train,train/base_003346.npz,177,False,
base_003347,train,train/base_003347.npz,118,False,
base_003348,train,train/base_003348.npz,476,False,
base_003349,train,train/base_003349.npz,63,False,
base_003350,train,train/base_003350.npz,63,False,
base_003351,train,train/base_003351.npz,366,False,
base_003352,train,train/base_003352.npz,91,False,
base_003353,train,train/base_003353.npz,45,False,
base_003354,train,train/base_003354.npz,91,False,
base_003355,train,train/base_003355.npz,149,False,
base_003356,train,train/base_003356.npz,232,False,
base_003357,train,train/base_003357.npz,421,False,
base_003358,train,train/base_003358.npz,85,False,
base_003359,train,train/base_003359.npz,118,False,
base_003360,train,train/base_003360.npz,255,False,
base_003361,train,train/base_003361.npz,356,False,
base_003362,train,train/base_003362.npz,116,False,
base_003363,train,train/base_003363.npz,262,False,
base_003364,train,train/base_003364.npz,149,False,
base_003365,train,train/base_003365.npz,63,False,
base_003366,train,train/base_003366.npz,64,False,
base_003367,train,train/base_003367.npz,232,False,
base_003368,train,train/base_003368.npz,261,False,
base_003369,train,train/base_003369.npz,63,False,
base_003370,train,train/base_003370.npz,150,False,
base_003371,train,train/base_003371.npz,41,False,
base_003372,train,train/base_003372.npz,109,False,
base_003373,train,train/base_003373.npz,275,False,
base_003374,train,train/base_003374.npz,182,False,
base_003375,train,train/base_003375.npz,332,False,
base_003376,train,train/base_003376.npz,216,False,
base_003377,train,train/base_003377.npz,45,False,
base_003378,train,train/base_003378.npz,216,False,
base_003379,train,train/base_003379.npz,138,False,
base_003380,train,train/base_003380.npz,180,False,
base_003381,train,train/base_003381.npz,433,False,
base_003382,train,train/base_003382.npz,116,False,
base_003383,train,train/base_003383.npz,421,False,
base_003384,train,train/base_003384.npz,216,False,
base_003385,train,train/base_003385.npz,138,False,
base_003386,train,train/base_003386.npz,232,False,
base_003387,train,train/base_003387.npz,182,False,
base_003388,train,train/base_003388.npz,182,False,
base_003389,train,train/base_003389.npz,175,False,
base_003390,train,train/base_003390.npz,91,False,
base_003391,train,train/base_003391.npz,138,False,
base_003392,train,train/base_003392.npz,357,False,
base_003393,train,train/base_003393.npz,64,False,
base_003394,train,train/base_003394.npz,180,False,
base_003395,train,train/base_003395.npz,138,False,
base_003396,train,train/base_003396.npz,255,False,
base_003397,train,train/base_003397.npz,92,False,
base_003398,train,train/base_003398.npz,149,False,
base_003399,train,train/base_003399.npz,91,False,
base_003400,train,train/base_003400.npz,150,False,
base_003401,train,train/base_003401.npz,216,False,
base_003402,train,train/base_003402.npz,116,False,
base_003403,train,train/base_003403.npz,150,False,
base_003404,train,train/base_003404.npz,91,False,
base_003405,train,train/base_003405.npz,177,False,
base_003406,train,train/base_003406.npz,367,False,
base_003407,train,train/base_003407.npz,476,False,
base_003408,train,train/base_003408.npz,232,False,
base_003409,train,train/base_003409.npz,255,False,
base_003410,train,train/base_003410.npz,60,False,
base_003411,train,train/base_003411.npz,41,False,
base_003412,train,train/base_003412.npz,116,False,
base_003413,train,train/base_003413.npz,85,False,
base_003414,train,train/base_003414.npz,116,False,
base_003415,train,train/base_003415.npz,63,False,
base_003416,train,train/base_003416.npz,45,False,
base_003417,train,train/base_003417.npz,255,False,
base_003418,train,train/base_003418.npz,59,False,
base_003419,train,train/base_003419.npz,304,False,
base_003420,train,train/base_003420.npz,304,False,
base_003421,train,train/base_003421.npz,366,False,
base_003422,train,train/base_003422.npz,232,False,
base_003423,train,train/base_003423.npz,116,False,
base_003424,train,train/base_003424.npz,40,False,
base_003425,train,train/base_003425.npz,368,False,
base_003426,train,train/base_003426.npz,60,False,
base_003427,train,train/base_003427.npz,63,False,
base_003428,train,train/base_003428.npz,60,False,
base_003429,train,train/base_003429.npz,60,False,
base_003430,train,train/base_003430.npz,332,False,
base_003431,train,train/base_003431.npz,150,False,
base_003432,train,train/base_003432.npz,367,False,
base_003433,train,train/base_003433.npz,232,False,
base_003434,train,train/base_003434.npz,173,False,
base_003435,train,train/base_003435.npz,232,False,
base_003436,train,train/base_003436.npz,150,False,
base_003437,train,train/base_003437.npz,304,False,
base_003438,train,train/base_003438.npz,64,False,
base_003439,train,train/base_003439.npz,41,False,
base_003440,train,train/base_003440.npz,68,False,
base_003441,train,train/base_003441.npz,40,False,
base_003442,train,train/base_003442.npz,85,False,
base_003443,train,train/base_003443.npz,305,False,
base_003444,train,train/base_003444.npz,173,False,
base_003445,train,train/base_003445.npz,304,False,
base_003446,train,train/base_003446.npz,359,False,
base_003447,train,train/base_003447.npz,432,False,
base_003448,train,train/base_003448.npz,432,False,
base_003449,train,train/base_003449.npz,160,False,
base_003450,train,train/base_003450.npz,261,False,
base_003451,train,train/base_003451.npz,320,False,
base_003452,train,train/base_003452.npz,216,False,
base_003453,train,train/base_003453.npz,477,False,
base_003454,train,train/base_003454.npz,120,False,
base_003455,train,train/base_003455.npz,59,False,
base_003456,train,train/base_003456.npz,477,False,
base_003457,train,train/base_003457.npz,63,False,
base_003458,train,train/base_003458.npz,366,False,
base_003459,train,train/base_003459.npz,471,False,
base_003460,train,train/base_003460.npz,85,False,
base_003461,train,train/base_003461.npz,59,False,
base_003462,train,train/base_003462.npz,63,False,
base_003463,train,train/base_003463.npz,120,False,
base_003464,train,train/base_003464.npz,262,False,
base_003465,train,train/base_003465.npz,45,False,
base_003466,train,train/base_003466.npz,182,False,
base_003467,train,train/base_003467.npz,138,False,
base_003468,train,train/base_003468.npz,85,False,
base_003469,train,train/base_003469.npz,85,False,
base_003470,train,train/base_003470.npz,368,False,
base_003471,train,train/base_003471.npz,182,False,
base_003472,train,train/base_003472.npz,180,False,
base_003473,train,train/base_003473.npz,150,False,
base_003474,train,train/base_003474.npz,359,False,
base_003475,train,train/base_003475.npz,60,False,
base_003476,train,train/base_003476.npz,45,False,
base_003477,train,train/base_003477.npz,120,False,
base_003478,train,train/base_003478.npz,368,False,
base_003479,train,train/base_003479.npz,116,False,
base_003480,train,train/base_003480.npz,121,False,
base_003481,train,train/base_003481.npz,64,False,
base_003482,train,train/base_003482.npz,60,False,
base_003483,train,train/base_003483.npz,85,False,
base_003484,train,train/base_003484.npz,232,False,
base_003485,train,train/base_003485.npz,180,False,
base_003486,train,train/base_003486.npz,149,False,
base_003487,train,train/base_003487.npz,60,False,
base_003488,train,train/base_003488.npz,319,False,
base_003489,train,train/base_003489.npz,116,False,
base_003490,train,train/base_003490.npz,276,False,
base_003491,train,train/base_003491.npz,320,False,
base_003492,train,train/base_003492.npz,160,False,
base_003493,train,train/base_003493.npz,320,False,
base_003494,train,train/base_003494.npz,476,False,
base_003495,train,train/base_003495.npz,45,False,
base_003496,train,train/base_003496.npz,261,False,
base_003497,train,train/base_003497.npz,183,False,
base_003498,train,train/base_003498.npz,63,False,
base_003499,train,train/base_003499.npz,41,False,
base_003500,train,train/base_003500.npz,85,False,
base_003501,train,train/base_003501.npz,476,False,
base_003502,train,train/base_003502.npz,305,False,
base_003503,train,train/base_003503.npz,232,False,
base_003504,train,train/base_003504.npz,320,False,
base_003505,train,train/base_003505.npz,45,False,
base_003506,train,train/base_003506.npz,120,False,
base_003507,train,train/base_003507.npz,490,False,
base_003508,train,train/base_003508.npz,149,False,
base_003509,train,train/base_003509.npz,150,False,
base_003510,train,train/base_003510.npz,216,False,
base_003511,train,train/base_003511.npz,304,False,
base_003512,train,train/base_003512.npz,45,False,
base_003513,train,train/base_003513.npz,432,False,
base_003514,train,train/base_003514.npz,85,False,
base_003515,train,train/base_003515.npz,45,False,
base_003516,train,train/base_003516.npz,121,False,
base_003517,train,train/base_003517.npz,416,False,
base_003518,train,train/base_003518.npz,68,False,
base_003519,train,train/base_003519.npz,368,False,
base_003520,train,train/base_003520.npz,417,False,
base_003521,train,train/base_003521.npz,92,False,
base_003522,train,train/base_003522.npz,180,False,
base_003523,train,train/base_003523.npz,261,False,
base_003524,train,train/base_003524.npz,85,False,
base_003525,train,train/base_003525.npz,232,False,
base_003526,train,train/base_003526.npz,85,False,
base_003527,train,train/base_003527.npz,120,False,
base_003528,train,train/base_003528.npz,490,False,
base_003529,train,train/base_003529.npz,91,False,
base_003530,train,train/base_003530.npz,359,False,
base_003531,train,train/base_003531.npz,45,False,
base_003532,train,train/base_003532.npz,118,False,
base_003533,train,train/base_003533.npz,120,False,
base_003534,train,train/base_003534.npz,64,False,
base_003535,train,train/base_003535.npz,216,False,
base_003536,train,train/base_003536.npz,63,False,
base_003537,train,train/base_003537.npz,40,False,
base_003538,train,train/base_003538.npz,45,False,
base_003539,train,train/base_003539.npz,181,False,
base_003540,train,train/base_003540.npz,180,False,
base_003541,train,train/base_003541.npz,320,False,
base_003542,train,train/base_003542.npz,276,False,
base_003543,train,train/base_003543.npz,320,False,
base_003544,train,train/base_003544.npz,158,False,
base_003545,train,train/base_003545.npz,121,False,
base_003546,train,train/base_003546.npz,177,False,
base_003547,train,train/base_003547.npz,85,False,
base_003548,train,train/base_003548.npz,63,False,
base_003549,train,train/base_003549.npz,150,False,
base_003550,train,train/base_003550.npz,158,False,
base_003551,train,train/base_003551.npz,64,False,
base_003552,train,train/base_003552.npz,160,False,
base_003553,train,train/base_003553.npz,183,False,
base_003554,train,train/base_003554.npz,41,False,
base_003555,train,train/base_003555.npz,45,False,
base_003556,train,train/base_003556.npz,262,False,
base_003557,train,train/base_003557.npz,415,False,
base_003558,train,train/base_003558.npz,216,False,
base_003559,train,train/base_003559.npz,332,False,
base_003560,train,train/base_003560.npz,421,False,
base_003561,train,train/base_003561.npz,59,False,
base_003562,train,train/base_003562.npz,262,False,
base_003563,train,train/base_003563.npz,64,False,
base_003564,train,train/base_003564.npz,60,False,
base_003565,train,train/base_003565.npz,255,False,
base_003566,train,train/base_003566.npz,320,False,
base_003567,train,train/base_003567.npz,174,False,
base_003568,train,train/base_003568.npz,59,False,
base_003569,train,train/base_003569.npz,120,False,
base_003570,train,train/base_003570.npz,138,False,
base_003571,train,train/base_003571.npz,68,False,
base_003572,train,train/base_003572.npz,63,False,
base_003573,train,train/base_003573.npz,232,False,
base_003574,train,train/base_003574.npz,64,False,
base_003575,train,train/base_003575.npz,63,False,
base_003576,train,train/base_003576.npz,367,False,
base_003577,train,train/base_003577.npz,60,False,
base_003578,train,train/base_003578.npz,476,False,
base_003579,train,train/base_003579.npz,173,False,
base_003580,train,train/base_003580.npz,416,False,
base_003581,train,train/base_003581.npz,417,False,
base_003582,train,train/base_003582.npz,421,False,
base_003583,train,train/base_003583.npz,91,False,
base_003584,train,train/base_003584.npz,460,False,
base_003585,train,train/base_003585.npz,92,False,
base_003586,train,train/base_003586.npz,356,False,
base_003587,train,train/base_003587.npz,356,False,
base_003588,train,train/base_003588.npz,138,False,
base_003589,train,train/base_003589.npz,261,False,
base_003590,train,train/base_003590.npz,175,False,
base_003591,train,train/base_003591.npz,45,False,
base_003592,train,train/base_003592.npz,64,False,
base_003593,train,train/base_003593.npz,359,False,
base_003594,train,train/base_003594.npz,183,False,
base_003595,train,train/base_003595.npz,319,False,
base_003596,train,train/base_003596.npz,150,False,
base_003597,train,train/base_003597.npz,63,False,
base_003598,train,train/base_003598.npz,116,False,
base_003599,train,train/base_003599.npz,68,False,
base_003600,train,train/base_003600.npz,59,False,
base_003601,train,train/base_003601.npz,41,False,
base_003602,train,train/base_003602.npz,64,False,
base_003603,train,train/base_003603.npz,59,False,
base_003604,train,train/base_003604.npz,359,False,
base_003605,train,train/base_003605.npz,45,False,
base_003606,train,train/base_003606.npz,63,False,
base_003607,train,train/base_003607.npz,261,False,
base_003608,train,train/base_003608.npz,85,False,
base_003609,train,train/base_003609.npz,85,False,
base_003610,train,train/base_003610.npz,216,False,
base_003611,train,train/base_003611.npz,116,False,
base_003612,train,train/base_003612.npz,232,False,
base_003613,train,train/base_003613.npz,41,False,
base_003614,train,train/base_003614.npz,116,False,
base_003615,train,train/base_003615.npz,149,False,
base_003616,train,train/base_003616.npz,63,False,
base_003617,train,train/base_003617.npz,262,False,
base_003618,train,train/base_003618.npz,150,False,
base_003619,train,train/base_003619.npz,160,False,
base_003620,train,train/base_003620.npz,116,False,
base_003621,train,train/base_003621.npz,116,False,
base_003622,train,train/base_003622.npz,149,False,
base_003623,train,train/base_003623.npz,160,False,
base_003624,train,train/base_003624.npz,182,False,
base_003625,train,train/base_003625.npz,366,False,
base_003626,train,train/base_003626.npz,304,False,
base_003627,train,train/base_003627.npz,138,False,
base_003628,train,train/base_003628.npz,92,False,
base_003629,train,train/base_003629.npz,63,False,
base_003630,train,train/base_003630.npz,41,False,
base_003631,train,train/base_003631.npz,91,False,
base_003632,train,train/base_003632.npz,41,False,
base_003633,train,train/base_003633.npz,359,False,
base_003634,train,train/base_003634.npz,116,False,
base_003635,train,train/base_003635.npz,85,False,
base_003636,train,train/base_003636.npz,40,False,
base_003637,train,train/base_003637.npz,262,False,
base_003638,train,train/base_003638.npz,232,False,
base_003639,train,train/base_003639.npz,359,False,
base_003640,train,train/base_003640.npz,149,False,
base_003641,train,train/base_003641.npz,366,False,
base_003642,train,train/base_003642.npz,421,False,
base_003643,train,train/base_003643.npz,91,False,
base_003644,train,train/base_003644.npz,150,False,
base_003645,train,train/base_003645.npz,63,False,
base_003646,train,train/base_003646.npz,85,False,
base_003647,train,train/base_003647.npz,232,False,
base_003648,train,train/base_003648.npz,63,False,
base_003649,train,train/base_003649.npz,262,False,
base_003650,train,train/base_003650.npz,359,False,
base_003651,train,train/base_003651.npz,64,False,
base_003652,train,train/base_003652.npz,63,False,
base_003653,train,train/base_003653.npz,261,False,
base_003654,train,train/base_003654.npz,85,False,
base_003655,train,train/base_003655.npz,320,False,
base_003656,train,train/base_003656.npz,116,False,
base_003657,train,train/base_003657.npz,232,False,
base_003658,train,train/base_003658.npz,41,False,
base_003659,train,train/base_003659.npz,359,False,
base_003660,train,train/base_003660.npz,116,False,
base_003661,train,train/base_003661.npz,180,False,
base_003662,train,train/base_003662.npz,63,False,
base_003663,train,train/base_003663.npz,418,False,
base_003664,train,train/base_003664.npz,232,False,
base_003665,train,train/base_003665.npz,41,False,
base_003666,train,train/base_003666.npz,216,False,
base_003667,train,train/base_003667.npz,158,False,
base_003668,train,train/base_003668.npz,138,False,
base_003669,train,train/base_003669.npz,45,False,
base_003670,train,train/base_003670.npz,138,False,
base_003671,train,train/base_003671.npz,366,False,
base_003672,train,train/base_003672.npz,359,False,
base_003673,train,train/base_003673.npz,92,False,
base_003674,train,train/base_003674.npz,477,False,
base_003675,train,train/base_003675.npz,477,False,
base_003676,train,train/base_003676.npz,320,False,
base_003677,train,train/base_003677.npz,150,False,
base_003678,train,train/base_003678.npz,40,False,
base_003679,train,train/base_003679.npz,275,False,
base_003680,train,train/base_003680.npz,193,False,
base_003681,train,train/base_003681.npz,216,False,
base_003682,train,train/base_003682.npz,262,False,
base_003683,train,train/base_003683.npz,359,False,
base_003684,train,train/base_003684.npz,150,False,
base_003685,train,train/base_003685.npz,180,False,
base_003686,train,train/base_003686.npz,85,False,
base_003687,train,train/base_003687.npz,150,False,
base_003688,train,train/base_003688.npz,461,False,
base_003689,train,train/base_003689.npz,91,False,
base_003690,train,train/base_003690.npz,41,False,
base_003691,train,train/base_003691.npz,276,False,
base_003692,train,train/base_003692.npz,120,False,
base_003693,train,train/base_003693.npz,109,False,
base_003694,train,train/base_003694.npz,92,False,
base_003695,train,train/base_003695.npz,276,False,
base_003696,train,train/base_003696.npz,63,False,
base_003697,train,train/base_003697.npz,64,False,
base_003698,train,train/base_003698.npz,40,False,
base_003699,train,train/base_003699.npz,150,False,
base_003700,train,train/base_003700.npz,85,False,
base_003701,train,train/base_003701.npz,182,False,
base_003702,train,train/base_003702.npz,62,False,
base_003703,train,train/base_003703.npz,173,False,
base_003704,train,train/base_003704.npz,490,False,
base_003705,train,train/base_003705.npz,477,False,
base_003706,train,train/base_003706.npz,138,False,
base_003707,train,train/base_003707.npz,60,False,
base_003708,train,train/base_003708.npz,118,False,
base_003709,train,train/base_003709.npz,432,False,
base_003710,train,train/base_003710.npz,416,False,
base_003711,train,train/base_003711.npz,366,False,
base_003712,train,train/base_003712.npz,85,False,
base_003713,train,train/base_003713.npz,232,False,
base_003714,train,train/base_003714.npz,432,False,
base_003715,train,train/base_003715.npz,60,False,
base_003716,train,train/base_003716.npz,216,False,
base_003717,train,train/base_003717.npz,149,False,
base_003718,train,train/base_003718.npz,116,False,
base_003719,train,train/base_003719.npz,262,False,
base_003720,train,train/base_003720.npz,116,False,
base_003721,train,train/base_003721.npz,116,False,
base_003722,train,train/base_003722.npz,319,False,
base_003723,train,train/base_003723.npz,260,False,
base_003724,train,train/base_003724.npz,216,False,
base_003725,train,train/base_003725.npz,276,False,
base_003726,train,train/base_003726.npz,182,False,
base_003727,train,train/base_003727.npz,432,False,
base_003728,train,train/base_003728.npz,232,False,
base_003729,train,train/base_003729.npz,476,False,
base_003730,train,train/base_003730.npz,116,False,
base_003731,train,train/base_003731.npz,138,False,
base_003732,train,train/base_003732.npz,91,False,
base_003733,train,train/base_003733.npz,85,False,
base_003734,train,train/base_003734.npz,116,False,
base_003735,train,train/base_003735.npz,41,False,
base_003736,train,train/base_003736.npz,85,False,
base_003737,train,train/base_003737.npz,304,False,
base_003738,train,train/base_003738.npz,276,False,
base_003739,train,train/base_003739.npz,432,False,
base_003740,train,train/base_003740.npz,232,False,
base_003741,train,train/base_003741.npz,320,False,
base_003742,train,train/base_003742.npz,63,False,
base_003743,train,train/base_003743.npz,259,False,
base_003744,train,train/base_003744.npz,63,False,
base_003745,train,train/base_003745.npz,461,False,
base_003746,train,train/base_003746.npz,121,False,
base_003747,train,train/base_003747.npz,416,False,
base_003748,train,train/base_003748.npz,59,False,
base_003749,train,train/base_003749.npz,320,False,
base_003750,train,train/base_003750.npz,320,False,
base_003751,train,train/base_003751.npz,120,False,
base_003752,train,train/base_003752.npz,63,False,
base_003753,train,train/base_003753.npz,40,False,
base_003754,train,train/base_003754.npz,63,False,
base_003755,train,train/base_003755.npz,232,False,
base_003756,train,train/base_003756.npz,216,False,
base_003757,train,train/base_003757.npz,320,False,
base_003758,train,train/base_003758.npz,216,False,
base_003759,train,train/base_003759.npz,320,False,
base_003760,train,train/base_003760.npz,59,False,
base_003761,train,train/base_003761.npz,64,False,
base_003762,train,train/base_003762.npz,261,False,
base_003763,train,train/base_003763.npz,415,False,
base_003764,train,train/base_003764.npz,216,False,
base_003765,train,train/base_003765.npz,160,False,
base_003766,train,train/base_003766.npz,116,False,
base_003767,train,train/base_003767.npz,262,False,
base_003768,train,train/base_003768.npz,41,False,
base_003769,train,train/base_003769.npz,150,False,
base_003770,train,train/base_003770.npz,40,False,
base_003771,train,train/base_003771.npz,121,False,
base_003772,train,train/base_003772.npz,92,False,
base_003773,train,train/base_003773.npz,150,False,
base_003774,train,train/base_003774.npz,368,False,
base_003775,train,train/base_003775.npz,232,False,
base_003776,train,train/base_003776.npz,40,False,
base_003777,train,train/base_003777.npz,232,False,
base_003778,train,train/base_003778.npz,85,False,
base_003779,train,train/base_003779.npz,68,False,
base_003780,train,train/base_003780.npz,60,False,
base_003781,train,train/base_003781.npz,60,False,
base_003782,train,train/base_003782.npz,138,False,
base_003783,train,train/base_003783.npz,120,False,
base_003784,train,train/base_003784.npz,85,False,
base_003785,train,train/base_003785.npz,421,False,
base_003786,train,train/base_003786.npz,92,False,
base_003787,train,train/base_003787.npz,116,False,
base_003788,train,train/base_003788.npz,120,False,
base_003789,train,train/base_003789.npz,150,False,
base_003790,train,train/base_003790.npz,416,False,
base_003791,train,train/base_003791.npz,368,False,
base_003792,train,train/base_003792.npz,85,False,
base_003793,train,train/base_003793.npz,320,False,
base_003794,train,train/base_003794.npz,92,False,
base_003795,train,train/base_003795.npz,45,False,
base_003796,train,train/base_003796.npz,261,False,
base_003797,train,train/base_003797.npz,41,False,
base_003798,train,train/base_003798.npz,149,False,
base_003799,train,train/base_003799.npz,121,False,
base_003800,train,train/base_003800.npz,366,False,
base_003801,train,train/base_003801.npz,85,False,
base_003802,train,train/base_003802.npz,120,False,
base_003803,train,train/base_003803.npz,85,False,
base_003804,train,train/base_003804.npz,41,False,
base_003805,train,train/base_003805.npz,359,False,
base_003806,train,train/base_003806.npz,63,False,
base_003807,train,train/base_003807.npz,41,False,
base_003808,train,train/base_003808.npz,150,False,
base_003809,train,train/base_003809.npz,160,False,
base_003810,train,train/base_003810.npz,63,False,
base_003811,train,train/base_003811.npz,173,False,
base_003812,train,train/base_003812.npz,180,False,
base_003813,train,train/base_003813.npz,356,False,
base_003814,train,train/base_003814.npz,332,False,
base_003815,train,train/base_003815.npz,477,False,
base_003816,train,train/base_003816.npz,262,False,
base_003817,train,train/base_003817.npz,41,False,
base_003818,train,train/base_003818.npz,421,False,
base_003819,train,train/base_003819.npz,320,False,
base_003820,train,train/base_003820.npz,64,False,
base_003821,train,train/base_003821.npz,60,False,
base_003822,train,train/base_003822.npz,45,False,
base_003823,train,train/base_003823.npz,45,False,
base_003824,train,train/base_003824.npz,181,False,
base_003825,train,train/base_003825.npz,461,False,
base_003826,train,train/base_003826.npz,320,False,
base_003827,train,train/base_003827.npz,60,False,
base_003828,train,train/base_003828.npz,120,False,
base_003829,train,train/base_003829.npz,45,False,
base_003830,train,train/base_003830.npz,85,False,
base_003831,train,train/base_003831.npz,85,False,
base_003832,train,train/base_003832.npz,261,False,
base_003833,train,train/base_003833.npz,368,False,
base_003834,train,train/base_003834.npz,232,False,
base_003835,train,train/base_003835.npz,150,False,
base_003836,train,train/base_003836.npz,232,False,
base_003837,train,train/base_003837.npz,304,False,
base_003838,train,train/base_003838.npz,138,False,
base_003839,train,train/base_003839.npz,232,False,
base_003840,train,train/base_003840.npz,150,False,
base_003841,train,train/base_003841.npz,356,False,
base_003842,train,train/base_003842.npz,432,False,
base_003843,train,train/base_003843.npz,232,False,
base_003844,train,train/base_003844.npz,356,False,
base_003845,train,train/base_003845.npz,433,False,
base_003846,train,train/base_003846.npz,91,False,
base_003847,train,train/base_003847.npz,216,False,
base_003848,train,train/base_003848.npz,121,False,
base_003849,train,train/base_003849.npz,40,False,
base_003850,train,train/base_003850.npz,433,False,
base_003851,train,train/base_003851.npz,261,False,
base_003852,train,train/base_003852.npz,138,False,
base_003853,train,train/base_003853.npz,180,False,
base_003854,train,train/base_003854.npz,91,False,
base_003855,train,train/base_003855.npz,63,False,
base_003856,train,train/base_003856.npz,182,False,
base_003857,train,train/base_003857.npz,368,False,
base_003858,train,train/base_003858.npz,85,False,
base_003859,train,train/base_003859.npz,59,False,
base_003860,train,train/base_003860.npz,332,False,
base_003861,train,train/base_003861.npz,359,False,
base_003862,train,train/base_003862.npz,216,False,
base_003863,train,train/base_003863.npz,255,False,
base_003864,train,train/base_003864.npz,116,False,
base_003865,train,train/base_003865.npz,183,False,
base_003866,train,train/base_003866.npz,471,False,
base_003867,train,train/base_003867.npz,174,False,
base_003868,train,train/base_003868.npz,91,False,
base_003869,train,train/base_003869.npz,116,False,
base_003870,train,train/base_003870.npz,368,False,
base_003871,train,train/base_003871.npz,276,False,
base_003872,train,train/base_003872.npz,476,False,
base_003873,train,train/base_003873.npz,40,False,
base_003874,train,train/base_003874.npz,232,False,
base_003875,train,train/base_003875.npz,160,False,
base_003876,train,train/base_003876.npz,359,False,
base_003877,train,train/base_003877.npz,181,False,
base_003878,train,train/base_003878.npz,180,False,
base_003879,train,train/base_003879.npz,149,False,
base_003880,train,train/base_003880.npz,173,False,
base_003881,train,train/base_003881.npz,262,False,
base_003882,train,train/base_003882.npz,60,False,
base_003883,train,train/base_003883.npz,40,False,
base_003884,train,train/base_003884.npz,216,False,
base_003885,train,train/base_003885.npz,116,False,
base_003886,train,train/base_003886.npz,320,False,
base_003887,train,train/base_003887.npz,216,False,
base_003888,train,train/base_003888.npz,173,False,
base_003889,train,train/base_003889.npz,461,False,
base_003890,train,train/base_003890.npz,368,False,
base_003891,train,train/base_003891.npz,366,False,
base_003892,train,train/base_003892.npz,305,False,
base_003893,train,train/base_003893.npz,63,False,
base_003894,train,train/base_003894.npz,63,False,
base_003895,train,train/base_003895.npz,367,False,
base_003896,train,train/base_003896.npz,45,False,
base_003897,train,train/base_003897.npz,416,False,
base_003898,train,train/base_003898.npz,276,False,
base_003899,train,train/base_003899.npz,461,False,
base_003900,train,train/base_003900.npz,416,False,
base_003901,train,train/base_003901.npz,432,False,
base_003902,train,train/base_003902.npz,149,False,
base_003903,train,train/base_003903.npz,232,False,
base_003904,train,train/base_003904.npz,216,False,
base_003905,train,train/base_003905.npz,118,False,
base_003906,train,train/base_003906.npz,63,False,
base_003907,train,train/base_003907.npz,85,False,
base_003908,train,train/base_003908.npz,150,False,
base_003909,train,train/base_003909.npz,121,False,
base_003910,train,train/base_003910.npz,120,False,
base_003911,train,train/base_003911.npz,232,False,
base_003912,train,train/base_003912.npz,149,False,
base_003913,train,train/base_003913.npz,41,False,
base_003914,train,train/base_003914.npz,41,False,
base_003915,train,train/base_003915.npz,150,False,
base_003916,train,train/base_003916.npz,160,False,
base_003917,train,train/base_003917.npz,60,False,
base_003918,train,train/base_003918.npz,63,False,
base_003919,train,train/base_003919.npz,45,False,
base_003920,train,train/base_003920.npz,275,False,
base_003921,train,train/base_003921.npz,175,False,
base_003922,train,train/base_003922.npz,366,False,
base_003923,train,train/base_003923.npz,41,False,
base_003924,train,train/base_003924.npz,64,False,
base_003925,train,train/base_003925.npz,85,False,
base_003926,train,train/base_003926.npz,40,False,
base_003927,train,train/base_003927.npz,416,False,
base_003928,train,train/base_003928.npz,59,False,
base_003929,train,train/base_003929.npz,116,False,
base_003930,train,train/base_003930.npz,91,False,
base_003931,train,train/base_003931.npz,41,False,
base_003932,train,train/base_003932.npz,490,False,
base_003933,train,train/base_003933.npz,45,False,
base_003934,train,train/base_003934.npz,368,False,
base_003935,train,train/base_003935.npz,261,False,
base_003936,train,train/base_003936.npz,367,False,
base_003937,train,train/base_003937.npz,40,False,
base_003938,train,train/base_003938.npz,359,False,
base_003939,train,train/base_003939.npz,91,False,
base_003940,train,train/base_003940.npz,120,False,
base_003941,train,train/base_003941.npz,366,False,
base_003942,train,train/base_003942.npz,91,False,
base_003943,train,train/base_003943.npz,158,False,
base_003944,train,train/base_003944.npz,177,False,
base_003945,train,train/base_003945.npz,415,False,
base_003946,train,train/base_003946.npz,60,False,
base_003947,train,train/base_003947.npz,116,False,
base_003948,train,train/base_003948.npz,318,False,
base_003949,train,train/base_003949.npz,180,False,
base_003950,train,train/base_003950.npz,68,False,
base_003951,train,train/base_003951.npz,138,False,
base_003952,train,train/base_003952.npz,85,False,
base_003953,train,train/base_003953.npz,59,False,
base_003954,train,train/base_003954.npz,150,False,
base_003955,train,train/base_003955.npz,276,False,
base_003956,train,train/base_003956.npz,276,False,
base_003957,train,train/base_003957.npz,421,False,
base_003958,train,train/base_003958.npz,116,False,
base_003959,train,train/base_003959.npz,359,False,
base_003960,train,train/base_003960.npz,261,False,
base_003961,train,train/base_003961.npz,416,False,
base_003962,train,train/base_003962.npz,332,False,
base_003963,train,train/base_003963.npz,41,False,
base_003964,train,train/base_003964.npz,276,False,
base_003965,train,train/base_003965.npz,232,False,
base_003966,train,train/base_003966.npz,91,False,
base_003967,train,train/base_003967.npz,41,False,
base_003968,train,train/base_003968.npz,60,False,
base_003969,train,train/base_003969.npz,276,False,
base_003970,train,train/base_003970.npz,118,False,
base_003971,train,train/base_003971.npz,150,False,
base_003972,train,train/base_003972.npz,91,False,
base_003973,train,train/base_003973.npz,359,False,
base_003974,train,train/base_003974.npz,59,False,
base_003975,train,train/base_003975.npz,183,False,
base_003976,train,train/base_003976.npz,182,False,
base_003977,train,train/base_003977.npz,304,False,
base_003978,train,train/base_003978.npz,85,False,
base_003979,train,train/base_003979.npz,85,False,
base_003980,train,train/base_003980.npz,216,False,
base_003981,train,train/base_003981.npz,59,False,
base_003982,train,train/base_003982.npz,92,False,
base_003983,train,train/base_003983.npz,60,False,
base_003984,train,train/base_003984.npz,366,False,
base_003985,train,train/base_003985.npz,116,False,
base_003986,train,train/base_003986.npz,116,False,
base_003987,train,train/base_003987.npz,421,False,
base_003988,train,train/base_003988.npz,160,False,
base_003989,train,train/base_003989.npz,63,False,
base_003990,train,train/base_003990.npz,255,False,
base_003991,train,train/base_003991.npz,180,False,
base_003992,train,train/base_003992.npz,60,False,
base_003993,train,train/base_003993.npz,91,False,
base_003994,train,train/base_003994.npz,262,False,
base_003995,train,train/base_003995.npz,120,False,
base_003996,train,train/base_003996.npz,216,False,
base_003997,train,train/base_003997.npz,359,False,
base_003998,train,train/base_003998.npz,85,False,
base_003999,train,train/base_003999.npz,150,False,
base_004000,train,train/base_004000.npz,416,False,
base_004001,train,train/base_004001.npz,60,False,
base_004002,train,train/base_004002.npz,91,False,
base_004003,train,train/base_004003.npz,149,False,
base_004004,train,train/base_004004.npz,60,False,
base_004005,train,train/base_004005.npz,92,False,
base_004006,train,train/base_004006.npz,41,False,
base_004007,train,train/base_004007.npz,85,False,
base_004008,train,train/base_004008.npz,460,False,
base_004009,train,train/base_004009.npz,138,False,
base_004010,train,train/base_004010.npz,59,False,
base_004011,train,train/base_004011.npz,45,False,
base_004012,train,train/base_004012.npz,64,False,
base_004013,train,train/base_004013.npz,109,False,
base_004014,train,train/base_004014.npz,232,False,
base_004015,train,train/base_004015.npz,471,False,
base_004016,train,train/base_004016.npz,193,False,
base_004017,train,train/base_004017.npz,368,False,
base_004018,train,train/base_004018.npz,118,False,
base_004019,train,train/base_004019.npz,64,False,
base_004020,train,train/base_004020.npz,262,False,
base_004021,train,train/base_004021.npz,150,False,
base_004022,train,train/base_004022.npz,60,False,
base_004023,train,train/base_004023.npz,64,False,
base_004024,train,train/base_004024.npz,262,False,
base_004025,train,train/base_004025.npz,320,False,
base_004026,train,train/base_004026.npz,85,False,
base_004027,train,train/base_004027.npz,45,False,
base_004028,train,train/base_004028.npz,261,False,
base_004029,train,train/base_004029.npz,91,False,
base_004030,train,train/base_004030.npz,255,False,
base_004031,train,train/base_004031.npz,40,False,
base_004032,train,train/base_004032.npz,41,False,
base_004033,train,train/base_004033.npz,476,False,
base_004034,train,train/base_004034.npz,149,False,
base_004035,train,train/base_004035.npz,305,False,
base_004036,train,train/base_004036.npz,366,False,
base_004037,train,train/base_004037.npz,255,False,
base_004038,train,train/base_004038.npz,183,False,
base_004039,train,train/base_004039.npz,62,False,
base_004040,train,train/base_004040.npz,60,False,
base_004041,train,train/base_004041.npz,40,False,
base_004042,train,train/base_004042.npz,40,False,
base_004043,train,train/base_004043.npz,116,False,
base_004044,train,train/base_004044.npz,421,False,
base_004045,train,train/base_004045.npz,92,False,
base_004046,train,train/base_004046.npz,63,False,
base_004047,train,train/base_004047.npz,431,False,
base_004048,train,train/base_004048.npz,182,False,
base_004049,train,train/base_004049.npz,477,False,
base_004050,train,train/base_004050.npz,232,False,
base_004051,train,train/base_004051.npz,262,False,
base_004052,train,train/base_004052.npz,318,False,
base_004053,train,train/base_004053.npz,431,False,
base_004054,train,train/base_004054.npz,232,False,
base_004055,train,train/base_004055.npz,91,False,
base_004056,train,train/base_004056.npz,40,False,
base_004057,train,train/base_004057.npz,59,False,
base_004058,train,train/base_004058.npz,216,False,
base_004059,train,train/base_004059.npz,45,False,
base_004060,train,train/base_004060.npz,40,False,
base_004061,train,train/base_004061.npz,120,False,
base_004062,train,train/base_004062.npz,118,False,
base_004063,train,train/base_004063.npz,92,False,
base_004064,train,train/base_004064.npz,304,False,
base_004065,train,train/base_004065.npz,40,False,
base_004066,train,train/base_004066.npz,490,False,
base_004067,train,train/base_004067.npz,477,False,
base_004068,train,train/base_004068.npz,60,False,
base_004069,train,train/base_004069.npz,116,False,
base_004070,train,train/base_004070.npz,359,False,
base_004071,train,train/base_004071.npz,304,False,
base_004072,train,train/base_004072.npz,262,False,
base_004073,train,train/base_004073.npz,432,False,
base_004074,train,train/base_004074.npz,149,False,
base_004075,train,train/base_004075.npz,85,False,
base_004076,train,train/base_004076.npz,359,False,
base_004077,train,train/base_004077.npz,64,False,
base_004078,train,train/base_004078.npz,91,False,
base_004079,train,train/base_004079.npz,121,False,
base_004080,train,train/base_004080.npz,421,False,
base_004081,train,train/base_004081.npz,304,False,
base_004082,train,train/base_004082.npz,64,False,
base_004083,train,train/base_004083.npz,64,False,
base_004084,train,train/base_004084.npz,433,False,
base_004085,train,train/base_004085.npz,216,False,
base_004086,train,train/base_004086.npz,262,False,
base_004087,train,train/base_004087.npz,45,False,
base_004088,train,train/base_004088.npz,232,False,
base_004089,train,train/base_004089.npz,320,False,
base_004090,train,train/base_004090.npz,92,False,
base_004091,train,train/base_004091.npz,62,False,
base_004092,train,train/base_004092.npz,116,False,
base_004093,train,train/base_004093.npz,359,False,
base_004094,train,train/base_004094.npz,60,False,
base_004095,train,train/base_004095.npz,180,False,
base_004096,train,train/base_004096.npz,216,False,
base_004097,train,train/base_004097.npz,320,False,
base_004098,train,train/base_004098.npz,183,False,
base_004099,train,train/base_004099.npz,64,False,
base_004100,train,train/base_004100.npz,91,False,
base_004101,train,train/base_004101.npz,216,False,
base_004102,train,train/base_004102.npz,232,False,
base_004103,train,train/base_004103.npz,45,False,
base_004104,train,train/base_004104.npz,416,False,
base_004105,train,train/base_004105.npz,366,False,
base_004106,train,train/base_004106.npz,91,False,
base_004107,train,train/base_004107.npz,150,False,
base_004108,train,train/base_004108.npz,182,False,
base_004109,train,train/base_004109.npz,120,False,
base_004110,train,train/base_004110.npz,116,False,
base_004111,train,train/base_004111.npz,276,False,
base_004112,train,train/base_004112.npz,59,False,
base_004113,train,train/base_004113.npz,60,False,
base_004114,train,train/base_004114.npz,150,False,
base_004115,train,train/base_004115.npz,432,False,
base_004116,train,train/base_004116.npz,121,False,
base_004117,train,train/base_004117.npz,216,False,
base_004118,train,train/base_004118.npz,318,False,
base_004119,train,train/base_004119.npz,40,False,
base_004120,train,train/base_004120.npz,461,False,
base_004121,train,train/base_004121.npz,149,False,
base_004122,train,train/base_004122.npz,421,False,
base_004123,train,train/base_004123.npz,45,False,
base_004124,train,train/base_004124.npz,60,False,
base_004125,train,train/base_004125.npz,421,False,
base_004126,train,train/base_004126.npz,232,False,
base_004127,train,train/base_004127.npz,85,False,
base_004128,train,train/base_004128.npz,40,False,
base_004129,train,train/base_004129.npz,320,False,
base_004130,train,train/base_004130.npz,85,False,
base_004131,train,train/base_004131.npz,64,False,
base_004132,train,train/base_004132.npz,92,False,
base_004133,train,train/base_004133.npz,180,False,
base_004134,train,train/base_004134.npz,138,False,
base_004135,train,train/base_004135.npz,158,False,
base_004136,train,train/base_004136.npz,216,False,
base_004137,train,train/base_004137.npz,62,False,
base_004138,train,train/base_004138.npz,433,False,
base_004139,train,train/base_004139.npz,41,False,
base_004140,train,train/base_004140.npz,173,False,
base_004141,train,train/base_004141.npz,118,False,
base_004142,train,train/base_004142.npz,276,False,
base_004143,train,train/base_004143.npz,150,False,
base_004144,train,train/base_004144.npz,59,False,
base_004145,train,train/base_004145.npz,121,False,
base_004146,train,train/base_004146.npz,150,False,
base_004147,train,train/base_004147.npz,149,False,
base_004148,train,train/base_004148.npz,180,False,
base_004149,train,train/base_004149.npz,490,False,
base_004150,train,train/base_004150.npz,367,False,
base_004151,train,train/base_004151.npz,232,False,
base_004152,train,train/base_004152.npz,366,False,
base_004153,train,train/base_004153.npz,91,False,
base_004154,train,train/base_004154.npz,150,False,
base_004155,train,train/base_004155.npz,63,False,
base_004156,train,train/base_004156.npz,121,False,
base_004157,train,train/base_004157.npz,116,False,
base_004158,train,train/base_004158.npz,60,False,
base_004159,train,train/base_004159.npz,41,False,
base_004160,train,train/base_004160.npz,359,False,
base_004161,train,train/base_004161.npz,366,False,
base_004162,train,train/base_004162.npz,232,False,
base_004163,train,train/base_004163.npz,304,False,
base_004164,train,train/base_004164.npz,320,False,
base_004165,train,train/base_004165.npz,60,False,
base_004166,train,train/base_004166.npz,261,False,
base_004167,train,train/base_004167.npz,160,False,
base_004168,train,train/base_004168.npz,304,False,
base_004169,train,train/base_004169.npz,60,False,
base_004170,train,train/base_004170.npz,45,False,
base_004171,train,train/base_004171.npz,320,False,
base_004172,train,train/base_004172.npz,366,False,
base_004173,train,train/base_004173.npz,359,False,
base_004174,train,train/base_004174.npz,150,False,
base_004175,train,train/base_004175.npz,150,False,
base_004176,train,train/base_004176.npz,85,False,
base_004177,train,train/base_004177.npz,85,False,
base_004178,train,train/base_004178.npz,63,False,
base_004179,train,train/base_004179.npz,40,False,
base_004180,train,train/base_004180.npz,63,False,
base_004181,train,train/base_004181.npz,63,False,
base_004182,train,train/base_004182.npz,216,False,
base_004183,train,train/base_004183.npz,182,False,
base_004184,train,train/base_004184.npz,276,False,
base_004185,train,train/base_004185.npz,45,False,
base_004186,train,train/base_004186.npz,232,False,
base_004187,train,train/base_004187.npz,64,False,
base_004188,train,train/base_004188.npz,432,False,
base_004189,train,train/base_004189.npz,490,False,
base_004190,train,train/base_004190.npz,490,False,
base_004191,train,train/base_004191.npz,85,False,
base_004192,train,train/base_004192.npz,416,False,
base_004193,train,train/base_004193.npz,158,False,
base_004194,train,train/base_004194.npz,63,False,
base_004195,train,train/base_004195.npz,63,False,
base_004196,train,train/base_004196.npz,320,False,
base_004197,train,train/base_004197.npz,91,False,
base_004198,train,train/base_004198.npz,367,False,
base_004199,train,train/base_004199.npz,433,False,
base_004200,train,train/base_004200.npz,149,False,
base_004201,train,train/base_004201.npz,332,False,
base_004202,train,train/base_004202.npz,174,False,
base_004203,train,train/base_004203.npz,63,False,
base_004204,train,train/base_004204.npz,60,False,
base_004205,train,train/base_004205.npz,182,False,
base_004206,train,train/base_004206.npz,216,False,
base_004207,train,train/base_004207.npz,91,False,
base_004208,train,train/base_004208.npz,359,False,
base_004209,train,train/base_004209.npz,304,False,
base_004210,train,train/base_004210.npz,304,False,
base_004211,train,train/base_004211.npz,85,False,
base_004212,train,train/base_004212.npz,63,False,
base_004213,train,train/base_004213.npz,138,False,
base_004214,train,train/base_004214.npz,149,False,
base_004215,train,train/base_004215.npz,232,False,
base_004216,train,train/base_004216.npz,85,False,
base_004217,train,train/base_004217.npz,45,False,
base_004218,train,train/base_004218.npz,490,False,
base_004219,train,train/base_004219.npz,40,False,
base_004220,train,train/base_004220.npz,121,False,
base_004221,train,train/base_004221.npz,92,False,
base_004222,train,train/base_004222.npz,432,False,
base_004223,train,train/base_004223.npz,366,False,
base_004224,train,train/base_004224.npz,63,False,
base_004225,train,train/base_004225.npz,183,False,
base_004226,train,train/base_004226.npz,320,False,
base_004227,train,train/base_004227.npz,121,False,
base_004228,train,train/base_004228.npz,173,False,
base_004229,train,train/base_004229.npz,261,False,
base_004230,train,train/base_004230.npz,180,False,
base_004231,train,train/base_004231.npz,64,False,
base_004232,train,train/base_004232.npz,60,False,
base_004233,train,train/base_004233.npz,150,False,
base_004234,train,train/base_004234.npz,232,False,
base_004235,train,train/base_004235.npz,182,False,
base_004236,train,train/base_004236.npz,180,False,
base_004237,train,train/base_004237.npz,91,False,
base_004238,train,train/base_004238.npz,150,False,
base_004239,train,train/base_004239.npz,60,False,
base_004240,train,train/base_004240.npz,60,False,
base_004241,train,train/base_004241.npz,138,False,
base_004242,train,train/base_004242.npz,432,False,
base_004243,train,train/base_004243.npz,174,False,
base_004244,train,train/base_004244.npz,149,False,
base_004245,train,train/base_004245.npz,262,False,
base_004246,train,train/base_004246.npz,460,False,
base_004247,train,train/base_004247.npz,118,False,
base_004248,train,train/base_004248.npz,149,False,
base_004249,train,train/base_004249.npz,85,False,
base_004250,train,train/base_004250.npz,262,False,
base_004251,train,train/base_004251.npz,320,False,
base_004252,train,train/base_004252.npz,121,False,
base_004253,train,train/base_004253.npz,45,False,
base_004254,train,train/base_004254.npz,45,False,
base_004255,train,train/base_004255.npz,216,False,
base_004256,train,train/base_004256.npz,63,False,
base_004257,train,train/base_004257.npz,320,False,
base_004258,train,train/base_004258.npz,63,False,
base_004259,train,train/base_004259.npz,359,False,
base_004260,train,train/base_004260.npz,332,False,
base_004261,train,train/base_004261.npz,160,False,
base_004262,train,train/base_004262.npz,432,False,
base_004263,train,train/base_004263.npz,40,False,
base_004264,train,train/base_004264.npz,85,False,
base_004265,train,train/base_004265.npz,60,False,
base_004266,train,train/base_004266.npz,63,False,
base_004267,train,train/base_004267.npz,63,False,
base_004268,train,train/base_004268.npz,60,False,
base_004269,train,train/base_004269.npz,68,False,
base_004270,train,train/base_004270.npz,63,False,
base_004271,train,train/base_004271.npz,41,False,
base_004272,train,train/base_004272.npz,182,False,
base_004273,train,train/base_004273.npz,421,False,
base_004274,train,train/base_004274.npz,473,False,
base_004275,train,train/base_004275.npz,121,False,
base_004276,train,train/base_004276.npz,138,False,
base_004277,train,train/base_004277.npz,216,False,
base_004278,train,train/base_004278.npz,64,False,
base_004279,train,train/base_004279.npz,216,False,
base_004280,train,train/base_004280.npz,418,False,
base_004281,train,train/base_004281.npz,63,False,
base_004282,train,train/base_004282.npz,261,False,
base_004283,train,train/base_004283.npz,59,False,
base_004284,train,train/base_004284.npz,216,False,
base_004285,train,train/base_004285.npz,276,False,
base_004286,train,train/base_004286.npz,175,False,
base_004287,train,train/base_004287.npz,138,False,
base_004288,train,train/base_004288.npz,332,False,
base_004289,train,train/base_004289.npz,149,False,
base_004290,train,train/base_004290.npz,182,False,
base_004291,train,train/base_004291.npz,275,False,
base_004292,train,train/base_004292.npz,40,False,
base_004293,train,train/base_004293.npz,149,False,
base_004294,train,train/base_004294.npz,138,False,
base_004295,train,train/base_004295.npz,64,False,
base_004296,train,train/base_004296.npz,476,False,
base_004297,train,train/base_004297.npz,120,False,
base_004298,train,train/base_004298.npz,64,False,
base_004299,train,train/base_004299.npz,276,False,
base_004300,train,train/base_004300.npz,63,False,
base_004301,train,train/base_004301.npz,356,False,
base_004302,train,train/base_004302.npz,64,False,
base_004303,train,train/base_004303.npz,92,False,
base_004304,train,train/base_004304.npz,116,False,
base_004305,train,train/base_004305.npz,64,False,
base_004306,train,train/base_004306.npz,232,False,
base_004307,train,train/base_004307.npz,149,False,
base_004308,train,train/base_004308.npz,173,False,
base_004309,train,train/base_004309.npz,173,False,
base_004310,train,train/base_004310.npz,41,False,
base_004311,train,train/base_004311.npz,433,False,
base_004312,train,train/base_004312.npz,261,False,
base_004313,train,train/base_004313.npz,85,False,
base_004314,train,train/base_004314.npz,85,False,
base_004315,train,train/base_004315.npz,138,False,
base_004316,train,train/base_004316.npz,421,False,
base_004317,train,train/base_004317.npz,232,False,
base_004318,train,train/base_004318.npz,304,False,
base_004319,train,train/base_004319.npz,64,False,
base_004320,train,train/base_004320.npz,45,False,
base_004321,train,train/base_004321.npz,63,False,
base_004322,train,train/base_004322.npz,432,False,
base_004323,train,train/base_004323.npz,421,False,
base_004324,train,train/base_004324.npz,320,False,
base_004325,train,train/base_004325.npz,120,False,
base_004326,train,train/base_004326.npz,368,False,
base_004327,train,train/base_004327.npz,359,False,
base_004328,train,train/base_004328.npz,41,False,
base_004329,train,train/base_004329.npz,149,False,
base_004330,train,train/base_004330.npz,262,False,
base_004331,train,train/base_004331.npz,92,False,
base_004332,train,train/base_004332.npz,41,False,
base_004333,train,train/base_004333.npz,181,False,
base_004334,train,train/base_004334.npz,461,False,
base_004335,train,train/base_004335.npz,85,False,
base_004336,train,train/base_004336.npz,85,False,
base_004337,train,train/base_004337.npz,216,False,
base_004338,train,train/base_004338.npz,63,False,
base_004339,train,train/base_004339.npz,92,False,
base_004340,train,train/base_004340.npz,41,False,
base_004341,train,train/base_004341.npz,432,False,
base_004342,train,train/base_004342.npz,59,False,
base_004343,train,train/base_004343.npz,41,False,
base_004344,train,train/base_004344.npz,116,False,
base_004345,train,train/base_004345.npz,60,False,
base_004346,train,train/base_004346.npz,232,False,
base_004347,train,train/base_004347.npz,150,False,
base_004348,train,train/base_004348.npz,45,False,
base_004349,train,train/base_004349.npz,59,False,
base_004350,train,train/base_004350.npz,173,False,
base_004351,train,train/base_004351.npz,92,False,
base_004352,train,train/base_004352.npz,150,False,
base_004353,train,train/base_004353.npz,62,False,
base_004354,train,train/base_004354.npz,320,False,
base_004355,train,train/base_004355.npz,60,False,
base_004356,train,train/base_004356.npz,121,False,
base_004357,train,train/base_004357.npz,45,False,
base_004358,train,train/base_004358.npz,320,False,
base_004359,train,train/base_004359.npz,477,False,
base_004360,train,train/base_004360.npz,45,False,
base_004361,train,train/base_004361.npz,91,False,
base_004362,train,train/base_004362.npz,85,False,
base_004363,train,train/base_004363.npz,41,False,
base_004364,train,train/base_004364.npz,262,False,
base_004365,train,train/base_004365.npz,116,False,
base_004366,train,train/base_004366.npz,359,False,
base_004367,train,train/base_004367.npz,276,False,
base_004368,train,train/base_004368.npz,432,False,
base_004369,train,train/base_004369.npz,416,False,
base_004370,train,train/base_004370.npz,121,False,
base_004371,train,train/base_004371.npz,118,False,
base_004372,train,train/base_004372.npz,41,False,
base_004373,train,train/base_004373.npz,68,False,
base_004374,train,train/base_004374.npz,91,False,
base_004375,train,train/base_004375.npz,85,False,
base_004376,train,train/base_004376.npz,41,False,
base_004377,train,train/base_004377.npz,91,False,
base_004378,train,train/base_004378.npz,261,False,
base_004379,train,train/base_004379.npz,216,False,
base_004380,train,train/base_004380.npz,262,False,
base_004381,train,train/base_004381.npz,175,False,
base_004382,train,train/base_004382.npz,255,False,
base_004383,train,train/base_004383.npz,85,False,
base_004384,train,train/base_004384.npz,421,False,
base_004385,train,train/base_004385.npz,109,False,
base_004386,train,train/base_004386.npz,116,False,
base_004387,train,train/base_004387.npz,149,False,
base_004388,train,train/base_004388.npz,320,False,
base_004389,train,train/base_004389.npz,356,False,
base_004390,train,train/base_004390.npz,319,False,
base_004391,train,train/base_004391.npz,366,False,
base_004392,train,train/base_004392.npz,41,False,
base_004393,train,train/base_004393.npz,116,False,
base_004394,train,train/base_004394.npz,232,False,
base_004395,train,train/base_004395.npz,64,False,
base_004396,train,train/base_004396.npz,121,False,
base_004397,train,train/base_004397.npz,181,False,
base_004398,train,train/base_004398.npz,41,False,
base_004399,train,train/base_004399.npz,359,False,
base_004400,train,train/base_004400.npz,490,False,
base_004401,train,train/base_004401.npz,432,False,
base_004402,train,train/base_004402.npz,149,False,
base_004403,train,train/base_004403.npz,91,False,
base_004404,train,train/base_004404.npz,255,False,
base_004405,train,train/base_004405.npz,181,False,
base_004406,train,train/base_004406.npz,138,False,
base_004407,train,train/base_004407.npz,63,False,
base_004408,train,train/base_004408.npz,304,False,
base_004409,train,train/base_004409.npz,68,False,
base_004410,train,train/base_004410.npz,149,False,
base_004411,train,train/base_004411.npz,216,False,
base_004412,train,train/base_004412.npz,320,False,
base_004413,train,train/base_004413.npz,319,False,
base_004414,train,train/base_004414.npz,332,False,
base_004415,train,train/base_004415.npz,182,False,
base_004416,train,train/base_004416.npz,63,False,
base_004417,train,train/base_004417.npz,182,False,
base_004418,train,train/base_004418.npz,368,False,
base_004419,train,train/base_004419.npz,320,False,
base_004420,train,train/base_004420.npz,41,False,
base_004421,train,train/base_004421.npz,276,False,
base_004422,train,train/base_004422.npz,63,False,
base_004423,train,train/base_004423.npz,85,False,
base_004424,train,train/base_004424.npz,255,False,
base_004425,train,train/base_004425.npz,120,False,
base_004426,train,train/base_004426.npz,320,False,
base_004427,train,train/base_004427.npz,60,False,
base_004428,train,train/base_004428.npz,138,False,
base_004429,train,train/base_004429.npz,180,False,
base_004430,train,train/base_004430.npz,366,False,
base_004431,train,train/base_004431.npz,85,False,
base_004432,train,train/base_004432.npz,232,False,
base_004433,train,train/base_004433.npz,64,False,
base_004434,train,train/base_004434.npz,41,False,
base_004435,train,train/base_004435.npz,432,False,
base_004436,train,train/base_004436.npz,63,False,
base_004437,train,train/base_004437.npz,64,False,
base_004438,train,train/base_004438.npz,366,False,
base_004439,train,train/base_004439.npz,68,False,
base_004440,train,train/base_004440.npz,92,False,
base_004441,train,train/base_004441.npz,260,False,
base_004442,train,train/base_004442.npz,460,False,
base_004443,train,train/base_004443.npz,180,False,
base_004444,train,train/base_004444.npz,180,False,
base_004445,train,train/base_004445.npz,232,False,
base_004446,train,train/base_004446.npz,177,False,
base_004447,train,train/base_004447.npz,60,False,
base_004448,train,train/base_004448.npz,262,False,
base_004449,train,train/base_004449.npz,421,False,
base_004450,train,train/base_004450.npz,415,False,
base_004451,train,train/base_004451.npz,232,False,
base_004452,train,train/base_004452.npz,232,False,
base_004453,train,train/base_004453.npz,138,False,
base_004454,train,train/base_004454.npz,182,False,
base_004455,train,train/base_004455.npz,421,False,
base_004456,train,train/base_004456.npz,64,False,
base_004457,train,train/base_004457.npz,63,False,
base_004458,train,train/base_004458.npz,304,False,
base_004459,train,train/base_004459.npz,261,False,
base_004460,train,train/base_004460.npz,63,False,
base_004461,train,train/base_004461.npz,421,False,
base_004462,train,train/base_004462.npz,138,False,
base_004463,train,train/base_004463.npz,116,False,
base_004464,train,train/base_004464.npz,64,False,
base_004465,train,train/base_004465.npz,60,False,
base_004466,train,train/base_004466.npz,232,False,
base_004467,train,train/base_004467.npz,45,False,
base_004468,train,train/base_004468.npz,216,False,
base_004469,train,train/base_004469.npz,320,False,
base_004470,train,train/base_004470.npz,45,False,
base_004471,train,train/base_004471.npz,64,False,
base_004472,train,train/base_004472.npz,490,False,
base_004473,train,train/base_004473.npz,173,False,
base_004474,train,train/base_004474.npz,332,False,
base_004475,train,train/base_004475.npz,359,False,
base_004476,train,train/base_004476.npz,91,False,
base_004477,train,train/base_004477.npz,490,False,
base_004478,train,train/base_004478.npz,304,False,
base_004479,train,train/base_004479.npz,183,False,
base_004480,train,train/base_004480.npz,421,False,
base_004481,train,train/base_004481.npz,432,False,
base_004482,train,train/base_004482.npz,320,False,
base_004483,train,train/base_004483.npz,182,False,
base_004484,train,train/base_004484.npz,138,False,
base_004485,train,train/base_004485.npz,173,False,
base_004486,train,train/base_004486.npz,41,False,
base_004487,train,train/base_004487.npz,261,False,
base_004488,train,train/base_004488.npz,366,False,
base_004489,train,train/base_004489.npz,477,False,
base_004490,train,train/base_004490.npz,45,False,
base_004491,train,train/base_004491.npz,120,False,
base_004492,train,train/base_004492.npz,85,False,
base_004493,train,train/base_004493.npz,160,False,
base_004494,train,train/base_004494.npz,60,False,
base_004495,train,train/base_004495.npz,63,False,
base_004496,train,train/base_004496.npz,45,False,
base_004497,train,train/base_004497.npz,158,False,
base_004498,train,train/base_004498.npz,255,False,
base_004499,train,train/base_004499.npz,182,False,
base_004500,train,train/base_004500.npz,116,False,
base_004501,train,train/base_004501.npz,121,False,
base_004502,train,train/base_004502.npz,149,False,
base_004503,train,train/base_004503.npz,45,False,
base_004504,train,train/base_004504.npz,160,False,
base_004505,train,train/base_004505.npz,180,False,
base_004506,train,train/base_004506.npz,41,False,
base_004507,train,train/base_004507.npz,64,False,
base_004508,train,train/base_004508.npz,182,False,
base_004509,train,train/base_004509.npz,85,False,
base_004510,train,train/base_004510.npz,63,False,
base_004511,train,train/base_004511.npz,63,False,
base_004512,train,train/base_004512.npz,216,False,
base_004513,train,train/base_004513.npz,64,False,
base_004514,train,train/base_004514.npz,461,False,
base_004515,train,train/base_004515.npz,182,False,
base_004516,train,train/base_004516.npz,85,False,
base_004517,train,train/base_004517.npz,68,False,
base_004518,train,train/base_004518.npz,121,False,
base_004519,train,train/base_004519.npz,366,False,
base_004520,train,train/base_004520.npz,116,False,
base_004521,train,train/base_004521.npz,138,False,
base_004522,train,train/base_004522.npz,91,False,
base_004523,train,train/base_004523.npz,320,False,
base_004524,train,train/base_004524.npz,173,False,
base_004525,train,train/base_004525.npz,332,False,
base_004526,train,train/base_004526.npz,216,False,
base_004527,train,train/base_004527.npz,276,False,
base_004528,train,train/base_004528.npz,60,False,
base_004529,train,train/base_004529.npz,45,False,
base_004530,train,train/base_004530.npz,304,False,
base_004531,train,train/base_004531.npz,64,False,
base_004532,train,train/base_004532.npz,175,False,
base_004533,train,train/base_004533.npz,460,False,
base_004534,train,train/base_004534.npz,91,False,
base_004535,train,train/base_004535.npz,120,False,
base_004536,train,train/base_004536.npz,41,False,
base_004537,train,train/base_004537.npz,41,False,
base_004538,train,train/base_004538.npz,367,False,
base_004539,train,train/base_004539.npz,421,False,
base_004540,train,train/base_004540.npz,40,False,
base_004541,train,train/base_004541.npz,91,False,
base_004542,train,train/base_004542.npz,304,False,
base_004543,train,train/base_004543.npz,60,False,
base_004544,train,train/base_004544.npz,40,False,
base_004545,train,train/base_004545.npz,62,False,
base_004546,train,train/base_004546.npz,232,False,
base_004547,train,train/base_004547.npz,305,False,
base_004548,train,train/base_004548.npz,150,False,
base_004549,train,train/base_004549.npz,275,False,
base_004550,train,train/base_004550.npz,490,False,
base_004551,train,train/base_004551.npz,64,False,
base_004552,train,train/base_004552.npz,45,False,
base_004553,train,train/base_004553.npz,175,False,
base_004554,train,train/base_004554.npz,160,False,
base_004555,train,train/base_004555.npz,216,False,
base_004556,train,train/base_004556.npz,261,False,
base_004557,train,train/base_004557.npz,216,False,
base_004558,train,train/base_004558.npz,116,False,
base_004559,train,train/base_004559.npz,85,False,
base_004560,train,train/base_004560.npz,59,False,
base_004561,train,train/base_004561.npz,418,False,
base_004562,train,train/base_004562.npz,85,False,
base_004563,train,train/base_004563.npz,41,False,
base_004564,train,train/base_004564.npz,232,False,
base_004565,train,train/base_004565.npz,120,False,
base_004566,train,train/base_004566.npz,45,False,
base_004567,train,train/base_004567.npz,356,False,
base_004568,train,train/base_004568.npz,91,False,
base_004569,train,train/base_004569.npz,366,False,
base_004570,train,train/base_004570.npz,255,False,
base_004571,train,train/base_004571.npz,150,False,
base_004572,train,train/base_004572.npz,60,False,
base_004573,train,train/base_004573.npz,63,False,
base_004574,train,train/base_004574.npz,177,False,
base_004575,train,train/base_004575.npz,64,False,
base_004576,train,train/base_004576.npz,116,False,
base_004577,train,train/base_004577.npz,63,False,
base_004578,train,train/base_004578.npz,175,False,
base_004579,train,train/base_004579.npz,193,False,
base_004580,train,train/base_004580.npz,332,False,
base_004581,train,train/base_004581.npz,45,False,
base_004582,train,train/base_004582.npz,149,False,
base_004583,train,train/base_004583.npz,261,False,
base_004584,train,train/base_004584.npz,304,False,
base_004585,train,train/base_004585.npz,40,False,
base_004586,train,train/base_004586.npz,64,False,
base_004587,train,train/base_004587.npz,216,False,
base_004588,train,train/base_004588.npz,320,False,
base_004589,train,train/base_004589.npz,232,False,
base_004590,train,train/base_004590.npz,85,False,
base_004591,train,train/base_004591.npz,116,False,
base_004592,train,train/base_004592.npz,149,False,
base_004593,train,train/base_004593.npz,60,False,
base_004594,train,train/base_004594.npz,319,False,
base_004595,train,train/base_004595.npz,64,False,
base_004596,train,train/base_004596.npz,173,False,
base_004597,train,train/base_004597.npz,63,False,
base_004598,train,train/base_004598.npz,121,False,
base_004599,train,train/base_004599.npz,45,False,
base_004600,train,train/base_004600.npz,232,False,
base_004601,train,train/base_004601.npz,359,False,
base_004602,train,train/base_004602.npz,45,False,
base_004603,train,train/base_004603.npz,216,False,
base_004604,train,train/base_004604.npz,175,False,
base_004605,train,train/base_004605.npz,85,False,
base_004606,train,train/base_004606.npz,232,False,
base_004607,train,train/base_004607.npz,476,False,
base_004608,train,train/base_004608.npz,120,False,
base_004609,train,train/base_004609.npz,416,False,
base_004610,train,train/base_004610.npz,64,False,
base_004611,train,train/base_004611.npz,276,False,
base_004612,train,train/base_004612.npz,366,False,
base_004613,train,train/base_004613.npz,138,False,
base_004614,train,train/base_004614.npz,41,False,
base_004615,train,train/base_004615.npz,85,False,
base_004616,train,train/base_004616.npz,359,False,
base_004617,train,train/base_004617.npz,416,False,
base_004618,train,train/base_004618.npz,85,False,
base_004619,train,train/base_004619.npz,432,False,
base_004620,train,train/base_004620.npz,121,False,
base_004621,train,train/base_004621.npz,91,False,
base_004622,train,train/base_004622.npz,60,False,
base_004623,train,train/base_004623.npz,366,False,
base_004624,train,train/base_004624.npz,421,False,
base_004625,train,train/base_004625.npz,359,False,
base_004626,train,train/base_004626.npz,368,False,
base_004627,train,train/base_004627.npz,216,False,
base_004628,train,train/base_004628.npz,460,False,
base_004629,train,train/base_004629.npz,116,False,
base_004630,train,train/base_004630.npz,116,False,
base_004631,train,train/base_004631.npz,359,False,
base_004632,train,train/base_004632.npz,366,False,
base_004633,train,train/base_004633.npz,359,False,
base_004634,train,train/base_004634.npz,216,False,
base_004635,train,train/base_004635.npz,63,False,
base_004636,train,train/base_004636.npz,368,False,
base_004637,train,train/base_004637.npz,45,False,
base_004638,train,train/base_004638.npz,216,False,
base_004639,train,train/base_004639.npz,92,False,
base_004640,train,train/base_004640.npz,120,False,
base_004641,train,train/base_004641.npz,138,False,
base_004642,train,train/base_004642.npz,174,False,
base_004643,train,train/base_004643.npz,183,False,
base_004644,train,train/base_004644.npz,356,False,
base_004645,train,train/base_004645.npz,91,False,
base_004646,train,train/base_004646.npz,160,False,
base_004647,train,train/base_004647.npz,91,False,
base_004648,train,train/base_004648.npz,41,False,
base_004649,train,train/base_004649.npz,120,False,
base_004650,train,train/base_004650.npz,109,False,
base_004651,train,train/base_004651.npz,41,False,
base_004652,train,train/base_004652.npz,232,False,
base_004653,train,train/base_004653.npz,318,False,
base_004654,train,train/base_004654.npz,320,False,
base_004655,train,train/base_004655.npz,255,False,
base_004656,train,train/base_004656.npz,85,False,
base_004657,train,train/base_004657.npz,366,False,
base_004658,train,train/base_004658.npz,64,False,
base_004659,train,train/base_004659.npz,149,False,
base_004660,train,train/base_004660.npz,45,False,
base_004661,train,train/base_004661.npz,149,False,
base_004662,train,train/base_004662.npz,276,False,
base_004663,train,train/base_004663.npz,40,False,
base_004664,train,train/base_004664.npz,276,False,
base_004665,train,train/base_004665.npz,85,False,
base_004666,train,train/base_004666.npz,471,False,
base_004667,train,train/base_004667.npz,60,False,
base_004668,train,train/base_004668.npz,85,False,
base_004669,train,train/base_004669.npz,120,False,
base_004670,train,train/base_004670.npz,116,False,
base_004671,train,train/base_004671.npz,232,False,
base_004672,train,train/base_004672.npz,320,False,
base_004673,train,train/base_004673.npz,421,False,
base_004674,train,train/base_004674.npz,318,False,
base_004675,train,train/base_004675.npz,64,False,
base_004676,train,train/base_004676.npz,320,False,
base_004677,train,train/base_004677.npz,216,False,
base_004678,train,train/base_004678.npz,85,False,
base_004679,train,train/base_004679.npz,366,False,
base_004680,train,train/base_004680.npz,359,False,
base_004681,train,train/base_004681.npz,116,False,
base_004682,train,train/base_004682.npz,359,False,
base_004683,train,train/base_004683.npz,63,False,
base_004684,train,train/base_004684.npz,40,False,
base_004685,train,train/base_004685.npz,174,False,
base_004686,train,train/base_004686.npz,116,False,
base_004687,train,train/base_004687.npz,64,False,
base_004688,train,train/base_004688.npz,418,False,
base_004689,train,train/base_004689.npz,63,False,
base_004690,train,train/base_004690.npz,45,False,
base_004691,train,train/base_004691.npz,40,False,
base_004692,train,train/base_004692.npz,432,False,
base_004693,train,train/base_004693.npz,45,False,
base_004694,train,train/base_004694.npz,421,False,
base_004695,train,train/base_004695.npz,120,False,
base_004696,train,train/base_004696.npz,421,False,
base_004697,train,train/base_004697.npz,471,False,
base_004698,train,train/base_004698.npz,45,False,
base_004699,train,train/base_004699.npz,149,False,
base_004700,train,train/base_004700.npz,150,False,
base_004701,train,train/base_004701.npz,41,False,
base_004702,train,train/base_004702.npz,368,False,
base_004703,train,train/base_004703.npz,120,False,
base_004704,train,train/base_004704.npz,276,False,
base_004705,train,train/base_004705.npz,91,False,
base_004706,train,train/base_004706.npz,359,False,
base_004707,train,train/base_004707.npz,216,False,
base_004708,train,train/base_004708.npz,490,False,
base_004709,train,train/base_004709.npz,183,False,
base_004710,train,train/base_004710.npz,85,False,
base_004711,train,train/base_004711.npz,460,False,
base_004712,train,train/base_004712.npz,433,False,
base_004713,train,train/base_004713.npz,320,False,
base_004714,train,train/base_004714.npz,216,False,
base_004715,train,train/base_004715.npz,149,False,
base_004716,train,train/base_004716.npz,476,False,
base_004717,train,train/base_004717.npz,180,False,
base_004718,train,train/base_004718.npz,41,False,
base_004719,train,train/base_004719.npz,432,False,
base_004720,train,train/base_004720.npz,60,False,
base_004721,train,train/base_004721.npz,232,False,
base_004722,train,train/base_004722.npz,262,False,
base_004723,train,train/base_004723.npz,109,False,
base_004724,train,train/base_004724.npz,182,False,
base_004725,train,train/base_004725.npz,216,False,
base_004726,train,train/base_004726.npz,63,False,
base_004727,train,train/base_004727.npz,183,False,
base_004728,train,train/base_004728.npz,261,False,
base_004729,train,train/base_004729.npz,85,False,
base_004730,train,train/base_004730.npz,471,False,
base_004731,train,train/base_004731.npz,181,False,
base_004732,train,train/base_004732.npz,109,False,
base_004733,train,train/base_004733.npz,63,False,
base_004734,train,train/base_004734.npz,150,False,
base_004735,train,train/base_004735.npz,41,False,
base_004736,train,train/base_004736.npz,116,False,
base_004737,train,train/base_004737.npz,116,False,
base_004738,train,train/base_004738.npz,359,False,
base_004739,train,train/base_004739.npz,421,False,
base_004740,train,train/base_004740.npz,40,False,
base_004741,train,train/base_004741.npz,432,False,
base_004742,train,train/base_004742.npz,121,False,
base_004743,train,train/base_004743.npz,259,False,
base_004744,train,train/base_004744.npz,41,False,
base_004745,train,train/base_004745.npz,109,False,
base_004746,train,train/base_004746.npz,320,False,
base_004747,train,train/base_004747.npz,91,False,
base_004748,train,train/base_004748.npz,91,False,
base_004749,train,train/base_004749.npz,85,False,
base_004750,train,train/base_004750.npz,216,False,
base_004751,train,train/base_004751.npz,59,False,
base_004752,train,train/base_004752.npz,261,False,
base_004753,train,train/base_004753.npz,262,False,
base_004754,train,train/base_004754.npz,150,False,
base_004755,train,train/base_004755.npz,182,False,
base_004756,train,train/base_004756.npz,474,False,
base_004757,train,train/base_004757.npz,418,False,
base_004758,train,train/base_004758.npz,116,False,
base_004759,train,train/base_004759.npz,261,False,
base_004760,train,train/base_004760.npz,41,False,
base_004761,train,train/base_004761.npz,60,False,
base_004762,train,train/base_004762.npz,116,False,
base_004763,train,train/base_004763.npz,121,False,
base_004764,train,train/base_004764.npz,138,False,
base_004765,train,train/base_004765.npz,63,False,
base_004766,train,train/base_004766.npz,64,False,
base_004767,train,train/base_004767.npz,276,False,
base_004768,train,train/base_004768.npz,149,False,
base_004769,train,train/base_004769.npz,432,False,
base_004770,train,train/base_004770.npz,150,False,
base_004771,train,train/base_004771.npz,332,False,
base_004772,train,train/base_004772.npz,120,False,
base_004773,train,train/base_004773.npz,60,False,
base_004774,train,train/base_004774.npz,109,False,
base_004775,train,train/base_004775.npz,64,False,
base_004776,train,train/base_004776.npz,320,False,
base_004777,train,train/base_004777.npz,121,False,
base_004778,train,train/base_004778.npz,160,False,
base_004779,train,train/base_004779.npz,41,False,
base_004780,train,train/base_004780.npz,60,False,
base_004781,train,train/base_004781.npz,216,False,
base_004782,train,train/base_004782.npz,304,False,
base_004783,train,train/base_004783.npz,216,False,
base_004784,train,train/base_004784.npz,150,False,
base_004785,train,train/base_004785.npz,359,False,
base_004786,train,train/base_004786.npz,461,False,
base_004787,train,train/base_004787.npz,41,False,
base_004788,train,train/base_004788.npz,116,False,
base_004789,train,train/base_004789.npz,63,False,
base_004790,train,train/base_004790.npz,416,False,
base_004791,train,train/base_004791.npz,91,False,
base_004792,train,train/base_004792.npz,68,False,
base_004793,train,train/base_004793.npz,60,False,
base_004794,train,train/base_004794.npz,116,False,
base_004795,train,train/base_004795.npz,149,False,
base_004796,train,train/base_004796.npz,332,False,
base_004797,train,train/base_004797.npz,138,False,
base_004798,train,train/base_004798.npz,359,False,
base_004799,train,train/base_004799.npz,116,False,
base_004800,train,train/base_004800.npz,359,False,
base_004801,train,train/base_004801.npz,476,False,
base_004802,train,train/base_004802.npz,59,False,
base_004803,train,train/base_004803.npz,232,False,
base_004804,train,train/base_004804.npz,216,False,
base_004805,train,train/base_004805.npz,91,False,
base_004806,train,train/base_004806.npz,432,False,
base_004807,train,train/base_004807.npz,62,False,
base_004808,train,train/base_004808.npz,173,False,
base_004809,train,train/base_004809.npz,180,False,
base_004810,train,train/base_004810.npz,40,False,
base_004811,train,train/base_004811.npz,368,False,
base_004812,train,train/base_004812.npz,60,False,
base_004813,train,train/base_004813.npz,120,False,
base_004814,train,train/base_004814.npz,175,False,
base_004815,train,train/base_004815.npz,320,False,
base_004816,train,train/base_004816.npz,41,False,
base_004817,train,train/base_004817.npz,149,False,
base_004818,train,train/base_004818.npz,332,False,
base_004819,train,train/base_004819.npz,41,False,
base_004820,train,train/base_004820.npz,232,False,
base_004821,train,train/base_004821.npz,180,False,
base_004822,train,train/base_004822.npz,85,False,
base_004823,train,train/base_004823.npz,232,False,
base_004824,train,train/base_004824.npz,41,False,
base_004825,train,train/base_004825.npz,421,False,
base_004826,train,train/base_004826.npz,173,False,
base_004827,train,train/base_004827.npz,304,False,
base_004828,train,train/base_004828.npz,109,False,
base_004829,train,train/base_004829.npz,477,False,
base_004830,train,train/base_004830.npz,85,False,
base_004831,train,train/base_004831.npz,149,False,
base_004832,train,train/base_004832.npz,262,False,
base_004833,train,train/base_004833.npz,41,False,
base_004834,train,train/base_004834.npz,216,False,
base_004835,train,train/base_004835.npz,116,False,
base_004836,train,train/base_004836.npz,63,False,
base_004837,train,train/base_004837.npz,175,False,
base_004838,train,train/base_004838.npz,421,False,
base_004839,train,train/base_004839.npz,85,False,
base_004840,train,train/base_004840.npz,63,False,
base_004841,train,train/base_004841.npz,366,False,
base_004842,train,train/base_004842.npz,261,False,
base_004843,train,train/base_004843.npz,63,False,
base_004844,train,train/base_004844.npz,149,False,
base_004845,train,train/base_004845.npz,63,False,
base_004846,train,train/base_004846.npz,59,False,
base_004847,train,train/base_004847.npz,216,False,
base_004848,train,train/base_004848.npz,216,False,
base_004849,train,train/base_004849.npz,45,False,
base_004850,train,train/base_004850.npz,150,False,
base_004851,train,train/base_004851.npz,490,False,
base_004852,train,train/base_004852.npz,120,False,
base_004853,train,train/base_004853.npz,432,False,
base_004854,train,train/base_004854.npz,432,False,
base_004855,train,train/base_004855.npz,60,False,
base_004856,train,train/base_004856.npz,63,False,
base_004857,train,train/base_004857.npz,416,False,
base_004858,train,train/base_004858.npz,183,False,
base_004859,train,train/base_004859.npz,418,False,
base_004860,train,train/base_004860.npz,41,False,
base_004861,train,train/base_004861.npz,474,False,
base_004862,train,train/base_004862.npz,304,False,
base_004863,train,train/base_004863.npz,477,False,
base_004864,train,train/base_004864.npz,41,False,
base_004865,train,train/base_004865.npz,40,False,
base_004866,train,train/base_004866.npz,216,False,
base_004867,train,train/base_004867.npz,476,False,
base_004868,train,train/base_004868.npz,160,False,
base_004869,train,train/base_004869.npz,85,False,
base_004870,train,train/base_004870.npz,150,False,
base_004871,train,train/base_004871.npz,477,False,
base_004872,train,train/base_004872.npz,320,False,
base_004873,train,train/base_004873.npz,476,False,
base_004874,train,train/base_004874.npz,41,False,
base_004875,train,train/base_004875.npz,121,False,
base_004876,train,train/base_004876.npz,85,False,
base_004877,train,train/base_004877.npz,260,False,
base_004878,train,train/base_004878.npz,138,False,
base_004879,train,train/base_004879.npz,368,False,
base_004880,train,train/base_004880.npz,63,False,
base_004881,train,train/base_004881.npz,59,False,
base_004882,train,train/base_004882.npz,63,False,
base_004883,train,train/base_004883.npz,85,False,
base_004884,train,train/base_004884.npz,91,False,
base_004885,train,train/base_004885.npz,63,False,
base_004886,train,train/base_004886.npz,461,False,
base_004887,train,train/base_004887.npz,216,False,
base_004888,train,train/base_004888.npz,232,False,
base_004889,train,train/base_004889.npz,260,False,
base_004890,train,train/base_004890.npz,173,False,
base_004891,train,train/base_004891.npz,262,False,
base_004892,train,train/base_004892.npz,432,False,
base_004893,train,train/base_004893.npz,477,False,
base_004894,train,train/base_004894.npz,368,False,
base_004895,train,train/base_004895.npz,60,False,
base_004896,train,train/base_004896.npz,63,False,
base_004897,train,train/base_004897.npz,421,False,
base_004898,train,train/base_004898.npz,120,False,
base_004899,train,train/base_004899.npz,183,False,
base_004900,train,train/base_004900.npz,232,False,
base_004901,train,train/base_004901.npz,149,False,
base_004902,train,train/base_004902.npz,182,False,
base_004903,train,train/base_004903.npz,85,False,
base_004904,train,train/base_004904.npz,216,False,
base_004905,train,train/base_004905.npz,59,False,
base_004906,train,train/base_004906.npz,85,False,
base_004907,train,train/base_004907.npz,116,False,
base_004908,train,train/base_004908.npz,63,False,
base_004909,train,train/base_004909.npz,320,False,
base_004910,train,train/base_004910.npz,232,False,
base_004911,train,train/base_004911.npz,232,False,
base_004912,train,train/base_004912.npz,332,False,
base_004913,train,train/base_004913.npz,150,False,
base_004914,train,train/base_004914.npz,216,False,
base_004915,train,train/base_004915.npz,45,False,
base_004916,train,train/base_004916.npz,63,False,
base_004917,train,train/base_004917.npz,40,False,
base_004918,train,train/base_004918.npz,91,False,
base_004919,train,train/base_004919.npz,41,False,
base_004920,train,train/base_004920.npz,41,False,
base_004921,train,train/base_004921.npz,320,False,
base_004922,train,train/base_004922.npz,63,False,
base_004923,train,train/base_004923.npz,41,False,
base_004924,train,train/base_004924.npz,63,False,
base_004925,train,train/base_004925.npz,149,False,
base_004926,train,train/base_004926.npz,63,False,
base_004927,train,train/base_004927.npz,232,False,
base_004928,train,train/base_004928.npz,416,False,
base_004929,train,train/base_004929.npz,461,False,
base_004930,train,train/base_004930.npz,121,False,
base_004931,train,train/base_004931.npz,490,False,
base_004932,train,train/base_004932.npz,92,False,
base_004933,train,train/base_004933.npz,60,False,
base_004934,train,train/base_004934.npz,92,False,
base_004935,train,train/base_004935.npz,92,False,
base_004936,train,train/base_004936.npz,359,False,
base_004937,train,train/base_004937.npz,41,False,
base_004938,train,train/base_004938.npz,304,False,
base_004939,train,train/base_004939.npz,41,False,
base_004940,train,train/base_004940.npz,490,False,
base_004941,train,train/base_004941.npz,60,False,
base_004942,train,train/base_004942.npz,401,False,
base_004943,train,train/base_004943.npz,175,False,
base_004944,train,train/base_004944.npz,320,False,
base_004945,train,train/base_004945.npz,41,False,
base_004946,train,train/base_004946.npz,116,False,
base_004947,train,train/base_004947.npz,173,False,
base_004948,train,train/base_004948.npz,490,False,
base_004949,train,train/base_004949.npz,45,False,
base_004950,train,train/base_004950.npz,150,False,
base_004951,train,train/base_004951.npz,319,False,
base_004952,train,train/base_004952.npz,41,False,
base_004953,train,train/base_004953.npz,255,False,
base_004954,train,train/base_004954.npz,64,False,
base_004955,train,train/base_004955.npz,150,False,
base_004956,train,train/base_004956.npz,92,False,
base_004957,train,train/base_004957.npz,92,False,
base_004958,train,train/base_004958.npz,120,False,
base_004959,train,train/base_004959.npz,40,False,
base_004960,train,train/base_004960.npz,85,False,
base_004961,train,train/base_004961.npz,120,False,
base_004962,train,train/base_004962.npz,85,False,
base_004963,train,train/base_004963.npz,255,False,
base_004964,train,train/base_004964.npz,116,False,
base_004965,train,train/base_004965.npz,40,False,
base_004966,train,train/base_004966.npz,40,False,
base_004967,train,train/base_004967.npz,85,False,
base_004968,train,train/base_004968.npz,262,False,
base_004969,train,train/base_004969.npz,138,False,
base_004970,train,train/base_004970.npz,121,False,
base_004971,train,train/base_004971.npz,150,False,
base_004972,train,train/base_004972.npz,91,False,
base_004973,train,train/base_004973.npz,120,False,
base_004974,train,train/base_004974.npz,63,False,
base_004975,train,train/base_004975.npz,120,False,
base_004976,train,train/base_004976.npz,255,False,
base_004977,train,train/base_004977.npz,275,False,
base_004978,train,train/base_004978.npz,60,False,
base_004979,train,train/base_004979.npz,64,False,
base_004980,train,train/base_004980.npz,121,False,
base_004981,train,train/base_004981.npz,85,False,
base_004982,train,train/base_004982.npz,275,False,
base_004983,train,train/base_004983.npz,41,False,
base_004984,train,train/base_004984.npz,477,False,
base_004985,train,train/base_004985.npz,490,False,
base_004986,train,train/base_004986.npz,180,False,
base_004987,train,train/base_004987.npz,433,False,
base_004988,train,train/base_004988.npz,261,False,
base_004989,train,train/base_004989.npz,232,False,
base_004990,train,train/base_004990.npz,432,False,
base_004991,train,train/base_004991.npz,149,False,
base_004992,train,train/base_004992.npz,60,False,
base_004993,train,train/base_004993.npz,216,False,
base_004994,train,train/base_004994.npz,91,False,
base_004995,train,train/base_004995.npz,116,False,
base_004996,train,train/base_004996.npz,41,False,
base_004997,train,train/base_004997.npz,232,False,
base_004998,train,train/base_004998.npz,216,False,
base_004999,train,train/base_004999.npz,150,False,
base_005000,train,train/base_005000.npz,85,False,
base_005001,train,train/base_005001.npz,85,False,
base_005002,train,train/base_005002.npz,91,False,
base_005003,train,train/base_005003.npz,320,False,
base_005004,train,train/base_005004.npz,421,False,
base_005005,train,train/base_005005.npz,320,False,
base_005006,train,train/base_005006.npz,41,False,
base_005007,train,train/base_005007.npz,433,False,
base_005008,train,train/base_005008.npz,120,False,
base_005009,train,train/base_005009.npz,92,False,
base_005010,train,train/base_005010.npz,261,False,
base_005011,train,train/base_005011.npz,85,False,
base_005012,train,train/base_005012.npz,85,False,
base_005013,train,train/base_005013.npz,59,False,
base_005014,train,train/base_005014.npz,461,False,
base_005015,train,train/base_005015.npz,116,False,
base_005016,train,train/base_005016.npz,63,False,
base_005017,train,train/base_005017.npz,149,False,
base_005018,train,train/base_005018.npz,41,False,
base_005019,train,train/base_005019.npz,367,False,
base_005020,train,train/base_005020.npz,433,False,
base_005021,train,train/base_005021.npz,150,False,
base_005022,train,train/base_005022.npz,216,False,
base_005023,train,train/base_005023.npz,471,False,
base_005024,train,train/base_005024.npz,85,False,
base_005025,train,train/base_005025.npz,64,False,
base_005026,train,train/base_005026.npz,45,False,
base_005027,train,train/base_005027.npz,418,False,
base_005028,train,train/base_005028.npz,262,False,
base_005029,train,train/base_005029.npz,91,False,
base_005030,train,train/base_005030.npz,232,False,
base_005031,train,train/base_005031.npz,116,False,
base_005032,train,train/base_005032.npz,232,False,
base_005033,train,train/base_005033.npz,176,False,
base_005034,train,train/base_005034.npz,149,False,
base_005035,train,train/base_005035.npz,91,False,
base_005036,train,train/base_005036.npz,416,False,
base_005037,train,train/base_005037.npz,40,False,
base_005038,train,train/base_005038.npz,304,False,
base_005039,train,train/base_005039.npz,92,False,
base_005040,train,train/base_005040.npz,174,False,
base_005041,train,train/base_005041.npz,160,False,
base_005042,train,train/base_005042.npz,232,False,
base_005043,train,train/base_005043.npz,64,False,
base_005044,train,train/base_005044.npz,92,False,
base_005045,train,train/base_005045.npz,320,False,
base_005046,train,train/base_005046.npz,41,False,
base_005047,train,train/base_005047.npz,40,False,
base_005048,train,train/base_005048.npz,182,False,
base_005049,train,train/base_005049.npz,85,False,
base_005050,train,train/base_005050.npz,91,False,
base_005051,train,train/base_005051.npz,40,False,
base_005052,train,train/base_005052.npz,121,False,
base_005053,train,train/base_005053.npz,150,False,
base_005054,train,train/base_005054.npz,332,False,
base_005055,train,train/base_005055.npz,304,False,
base_005056,train,train/base_005056.npz,121,False,
base_005057,train,train/base_005057.npz,216,False,
base_005058,train,train/base_005058.npz,232,False,
base_005059,train,train/base_005059.npz,261,False,
base_005060,train,train/base_005060.npz,121,False,
base_005061,train,train/base_005061.npz,45,False,
base_005062,train,train/base_005062.npz,150,False,
base_005063,train,train/base_005063.npz,216,False,
base_005064,train,train/base_005064.npz,232,False,
base_005065,train,train/base_005065.npz,320,False,
base_005066,train,train/base_005066.npz,418,False,
base_005067,train,train/base_005067.npz,60,False,
base_005068,train,train/base_005068.npz,92,False,
base_005069,train,train/base_005069.npz,149,False,
base_005070,train,train/base_005070.npz,320,False,
base_005071,train,train/base_005071.npz,60,False,
base_005072,train,train/base_005072.npz,320,False,
base_005073,train,train/base_005073.npz,366,False,
base_005074,train,train/base_005074.npz,180,False,
base_005075,train,train/base_005075.npz,63,False,
base_005076,train,train/base_005076.npz,366,False,
base_005077,train,train/base_005077.npz,320,False,
base_005078,train,train/base_005078.npz,183,False,
base_005079,train,train/base_005079.npz,92,False,
base_005080,train,train/base_005080.npz,109,False,
base_005081,train,train/base_005081.npz,173,False,
base_005082,train,train/base_005082.npz,91,False,
base_005083,train,train/base_005083.npz,63,False,
base_005084,train,train/base_005084.npz,366,False,
base_005085,train,train/base_005085.npz,262,False,
base_005086,train,train/base_005086.npz,116,False,
base_005087,train,train/base_005087.npz,490,False,
base_005088,train,train/base_005088.npz,91,False,
base_005089,train,train/base_005089.npz,160,False,
base_005090,train,train/base_005090.npz,85,False,
base_005091,train,train/base_005091.npz,60,False,
base_005092,train,train/base_005092.npz,176,False,
base_005093,train,train/base_005093.npz,60,False,
base_005094,train,train/base_005094.npz,60,False,
base_005095,train,train/base_005095.npz,173,False,
base_005096,train,train/base_005096.npz,85,False,
base_005097,train,train/base_005097.npz,332,False,
base_005098,train,train/base_005098.npz,150,False,
base_005099,train,train/base_005099.npz,262,False,
base_005100,train,train/base_005100.npz,182,False,
base_005101,train,train/base_005101.npz,59,False,
base_005102,train,train/base_005102.npz,232,False,
base_005103,train,train/base_005103.npz,40,False,
base_005104,train,train/base_005104.npz,85,False,
base_005105,train,train/base_005105.npz,138,False,
base_005106,train,train/base_005106.npz,68,False,
base_005107,train,train/base_005107.npz,120,False,
base_005108,train,train/base_005108.npz,180,False,
base_005109,train,train/base_005109.npz,116,False,
base_005110,train,train/base_005110.npz,41,False,
base_005111,train,train/base_005111.npz,490,False,
base_005112,train,train/base_005112.npz,216,False,
base_005113,train,train/base_005113.npz,85,False,
base_005114,train,train/base_005114.npz,91,False,
base_005115,train,train/base_005115.npz,138,False,
base_005116,train,train/base_005116.npz,60,False,
base_005117,train,train/base_005117.npz,160,False,
base_005118,train,train/base_005118.npz,368,False,
base_005119,train,train/base_005119.npz,232,False,
base_005120,train,train/base_005120.npz,60,False,
base_005121,train,train/base_005121.npz,45,False,
base_005122,train,train/base_005122.npz,232,False,
base_005123,train,train/base_005123.npz,149,False,
base_005124,train,train/base_005124.npz,490,False,
base_005125,train,train/base_005125.npz,158,False,
base_005126,train,train/base_005126.npz,149,False,
base_005127,train,train/base_005127.npz,45,False,
base_005128,train,train/base_005128.npz,64,False,
base_005129,train,train/base_005129.npz,490,False,
base_005130,train,train/base_005130.npz,232,False,
base_005131,train,train/base_005131.npz,63,False,
base_005132,train,train/base_005132.npz,41,False,
base_005133,train,train/base_005133.npz,304,False,
base_005134,train,train/base_005134.npz,262,False,
base_005135,train,train/base_005135.npz,183,False,
base_005136,train,train/base_005136.npz,59,False,
base_005137,train,train/base_005137.npz,41,False,
base_005138,train,train/base_005138.npz,60,False,
base_005139,train,train/base_005139.npz,183,False,
base_005140,train,train/base_005140.npz,116,False,
base_005141,train,train/base_005141.npz,176,False,
base_005142,train,train/base_005142.npz,366,False,
base_005143,train,train/base_005143.npz,92,False,
base_005144,train,train/base_005144.npz,45,False,
base_005145,train,train/base_005145.npz,216,False,
base_005146,train,train/base_005146.npz,320,False,
base_005147,train,train/base_005147.npz,471,False,
base_005148,train,train/base_005148.npz,259,False,
base_005149,train,train/base_005149.npz,320,False,
base_005150,train,train/base_005150.npz,216,False,
base_005151,train,train/base_005151.npz,121,False,
base_005152,train,train/base_005152.npz,45,False,
base_005153,train,train/base_005153.npz,232,False,
base_005154,train,train/base_005154.npz,40,False,
base_005155,train,train/base_005155.npz,60,False,
base_005156,train,train/base_005156.npz,158,False,
base_005157,train,train/base_005157.npz,116,False,
base_005158,train,train/base_005158.npz,490,False,
base_005159,train,train/base_005159.npz,41,False,
base_005160,train,train/base_005160.npz,432,False,
base_005161,train,train/base_005161.npz,63,False,
base_005162,train,train/base_005162.npz,320,False,
base_005163,train,train/base_005163.npz,64,False,
base_005164,train,train/base_005164.npz,116,False,
base_005165,train,train/base_005165.npz,85,False,
base_005166,train,train/base_005166.npz,260,False,
base_005167,train,train/base_005167.npz,121,False,
base_005168,train,train/base_005168.npz,216,False,
base_005169,train,train/base_005169.npz,63,False,
base_005170,train,train/base_005170.npz,116,False,
base_005171,train,train/base_005171.npz,60,False,
base_005172,train,train/base_005172.npz,116,False,
base_005173,train,train/base_005173.npz,183,False,
base_005174,train,train/base_005174.npz,138,False,
base_005175,train,train/base_005175.npz,275,False,
base_005176,train,train/base_005176.npz,91,False,
base_005177,train,train/base_005177.npz,359,False,
base_005178,train,train/base_005178.npz,63,False,
base_005179,train,train/base_005179.npz,59,False,
base_005180,train,train/base_005180.npz,182,False,
base_005181,train,train/base_005181.npz,359,False,
base_005182,train,train/base_005182.npz,158,False,
base_005183,train,train/base_005183.npz,116,False,
base_005184,train,train/base_005184.npz,121,False,
base_005185,train,train/base_005185.npz,366,False,
base_005186,train,train/base_005186.npz,262,False,
base_005187,train,train/base_005187.npz,232,False,
base_005188,train,train/base_005188.npz,92,False,
base_005189,train,train/base_005189.npz,416,False,
base_005190,train,train/base_005190.npz,150,False,
base_005191,train,train/base_005191.npz,150,False,
base_005192,train,train/base_005192.npz,366,False,
base_005193,train,train/base_005193.npz,262,False,
base_005194,train,train/base_005194.npz,45,False,
base_005195,train,train/base_005195.npz,173,False,
base_005196,train,train/base_005196.npz,216,False,
base_005197,train,train/base_005197.npz,216,False,
base_005198,train,train/base_005198.npz,356,False,
base_005199,train,train/base_005199.npz,150,False,
base_005200,train,train/base_005200.npz,40,False,
base_005201,train,train/base_005201.npz,149,False,
base_005202,train,train/base_005202.npz,368,False,
base_005203,train,train/base_005203.npz,91,False,
base_005204,train,train/base_005204.npz,121,False,
base_005205,train,train/base_005205.npz,150,False,
base_005206,train,train/base_005206.npz,150,False,
base_005207,train,train/base_005207.npz,63,False,
base_005208,train,train/base_005208.npz,332,False,
base_005209,train,train/base_005209.npz,91,False,
base_005210,train,train/base_005210.npz,150,False,
base_005211,train,train/base_005211.npz,490,False,
base_005212,train,train/base_005212.npz,64,False,
base_005213,train,train/base_005213.npz,261,False,
base_005214,train,train/base_005214.npz,304,False,
base_005215,train,train/base_005215.npz,477,False,
base_005216,train,train/base_005216.npz,45,False,
base_005217,train,train/base_005217.npz,41,False,
base_005218,train,train/base_005218.npz,45,False,
base_005219,train,train/base_005219.npz,40,False,
base_005220,train,train/base_005220.npz,150,False,
base_005221,train,train/base_005221.npz,138,False,
base_005222,train,train/base_005222.npz,41,False,
base_005223,train,train/base_005223.npz,366,False,
base_005224,train,train/base_005224.npz,63,False,
base_005225,train,train/base_005225.npz,173,False,
base_005226,train,train/base_005226.npz,59,False,
base_005227,train,train/base_005227.npz,359,False,
base_005228,train,train/base_005228.npz,193,False,
base_005229,train,train/base_005229.npz,85,False,
base_005230,train,train/base_005230.npz,432,False,
base_005231,train,train/base_005231.npz,416,False,
base_005232,train,train/base_005232.npz,261,False,
base_005233,train,train/base_005233.npz,40,False,
base_005234,train,train/base_005234.npz,85,False,
base_005235,train,train/base_005235.npz,182,False,
base_005236,train,train/base_005236.npz,232,False,
base_005237,train,train/base_005237.npz,60,False,
base_005238,train,train/base_005238.npz,149,False,
base_005239,train,train/base_005239.npz,182,False,
base_005240,train,train/base_005240.npz,368,False,
base_005241,train,train/base_005241.npz,60,False,
base_005242,train,train/base_005242.npz,149,False,
base_005243,train,train/base_005243.npz,180,False,
base_005244,train,train/base_005244.npz,182,False,
base_005245,train,train/base_005245.npz,150,False,
base_005246,train,train/base_005246.npz,320,False,
base_005247,train,train/base_005247.npz,366,False,
base_005248,train,train/base_005248.npz,261,False,
base_005249,train,train/base_005249.npz,85,False,
base_005250,train,train/base_005250.npz,41,False,
base_005251,train,train/base_005251.npz,45,False,
base_005252,train,train/base_005252.npz,232,False,
base_005253,train,train/base_005253.npz,150,False,
base_005254,train,train/base_005254.npz,120,False,
base_005255,train,train/base_005255.npz,109,False,
base_005256,train,train/base_005256.npz,120,False,
base_005257,train,train/base_005257.npz,45,False,
base_005258,train,train/base_005258.npz,359,False,
base_005259,train,train/base_005259.npz,40,False,
base_005260,train,train/base_005260.npz,118,False,
base_005261,train,train/base_005261.npz,109,False,
base_005262,train,train/base_005262.npz,45,False,
base_005263,train,train/base_005263.npz,193,False,
base_005264,train,train/base_005264.npz,149,False,
base_005265,train,train/base_005265.npz,304,False,
base_005266,train,train/base_005266.npz,320,False,
base_005267,train,train/base_005267.npz,85,False,
base_005268,train,train/base_005268.npz,149,False,
base_005269,train,train/base_005269.npz,182,False,
base_005270,train,train/base_005270.npz,63,False,
base_005271,train,train/base_005271.npz,116,False,
base_005272,train,train/base_005272.npz,40,False,
base_005273,train,train/base_005273.npz,92,False,
base_005274,train,train/base_005274.npz,359,False,
base_005275,train,train/base_005275.npz,63,False,
base_005276,train,train/base_005276.npz,109,False,
base_005277,train,train/base_005277.npz,320,False,
base_005278,train,train/base_005278.npz,45,False,
base_005279,train,train/base_005279.npz,261,False,
base_005280,train,train/base_005280.npz,109,False,
base_005281,train,train/base_005281.npz,160,False,
base_005282,train,train/base_005282.npz,359,False,
base_005283,train,train/base_005283.npz,91,False,
base_005284,train,train/base_005284.npz,150,False,
base_005285,train,train/base_005285.npz,63,False,
base_005286,train,train/base_005286.npz,64,False,
base_005287,train,train/base_005287.npz,232,False,
base_005288,train,train/base_005288.npz,262,False,
base_005289,train,train/base_005289.npz,216,False,
base_005290,train,train/base_005290.npz,173,False,
base_005291,train,train/base_005291.npz,182,False,
base_005292,train,train/base_005292.npz,304,False,
base_005293,train,train/base_005293.npz,318,False,
base_005294,train,train/base_005294.npz,432,False,
base_005295,train,train/base_005295.npz,150,False,
base_005296,train,train/base_005296.npz,63,False,
base_005297,train,train/base_005297.npz,68,False,
base_005298,train,train/base_005298.npz,149,False,
base_005299,train,train/base_005299.npz,85,False,
base_005300,train,train/base_005300.npz,262,False,
base_005301,train,train/base_005301.npz,181,False,
base_005302,train,train/base_005302.npz,138,False,
base_005303,train,train/base_005303.npz,63,False,
base_005304,train,train/base_005304.npz,232,False,
base_005305,train,train/base_005305.npz,41,False,
base_005306,train,train/base_005306.npz,261,False,
base_005307,train,train/base_005307.npz,261,False,
base_005308,train,train/base_005308.npz,149,False,
base_005309,train,train/base_005309.npz,63,False,
base_005310,train,train/base_005310.npz,216,False,
base_005311,train,train/base_005311.npz,116,False,
base_005312,train,train/base_005312.npz,62,False,
base_005313,train,train/base_005313.npz,45,False,
base_005314,train,train/base_005314.npz,63,False,
base_005315,train,train/base_005315.npz,421,False,
base_005316,train,train/base_005316.npz,421,False,
base_005317,train,train/base_005317.npz,216,False,
base_005318,train,train/base_005318.npz,275,False,
base_005319,train,train/base_005319.npz,232,False,
base_005320,train,train/base_005320.npz,332,False,
base_005321,train,train/base_005321.npz,85,False,
base_005322,train,train/base_005322.npz,276,False,
base_005323,train,train/base_005323.npz,60,False,
base_005324,train,train/base_005324.npz,320,False,
base_005325,train,train/base_005325.npz,41,False,
base_005326,train,train/base_005326.npz,216,False,
base_005327,train,train/base_005327.npz,304,False,
base_005328,train,train/base_005328.npz,41,False,
base_005329,train,train/base_005329.npz,275,False,
base_005330,train,train/base_005330.npz,173,False,
base_005331,train,train/base_005331.npz,421,False,
base_005332,train,train/base_005332.npz,477,False,
base_005333,train,train/base_005333.npz,320,False,
base_005334,train,train/base_005334.npz,150,False,
base_005335,train,train/base_005335.npz,182,False,
base_005336,train,train/base_005336.npz,150,False,
base_005337,train,train/base_005337.npz,40,False,
base_005338,train,train/base_005338.npz,116,False,
base_005339,train,train/base_005339.npz,63,False,
base_005340,train,train/base_005340.npz,41,False,
base_005341,train,train/base_005341.npz,121,False,
base_005342,train,train/base_005342.npz,40,False,
base_005343,train,train/base_005343.npz,85,False,
base_005344,train,train/base_005344.npz,63,False,
base_005345,train,train/base_005345.npz,41,False,
base_005346,train,train/base_005346.npz,318,False,
base_005347,train,train/base_005347.npz,180,False,
base_005348,train,train/base_005348.npz,64,False,
base_005349,train,train/base_005349.npz,216,False,
base_005350,train,train/base_005350.npz,45,False,
base_005351,train,train/base_005351.npz,474,False,
base_005352,train,train/base_005352.npz,320,False,
base_005353,train,train/base_005353.npz,276,False,
base_005354,train,train/base_005354.npz,216,False,
base_005355,train,train/base_005355.npz,91,False,
base_005356,train,train/base_005356.npz,63,False,
base_005357,train,train/base_005357.npz,320,False,
base_005358,train,train/base_005358.npz,416,False,
base_005359,train,train/base_005359.npz,216,False,
base_005360,train,train/base_005360.npz,304,False,
base_005361,train,train/base_005361.npz,64,False,
base_005362,train,train/base_005362.npz,160,False,
base_005363,train,train/base_005363.npz,262,False,
base_005364,train,train/base_005364.npz,120,False,
base_005365,train,train/base_005365.npz,180,False,
base_005366,train,train/base_005366.npz,85,False,
base_005367,train,train/base_005367.npz,216,False,
base_005368,train,train/base_005368.npz,261,False,
base_005369,train,train/base_005369.npz,63,False,
base_005370,train,train/base_005370.npz,232,False,
base_005371,train,train/base_005371.npz,432,False,
base_005372,train,train/base_005372.npz,63,False,
base_005373,train,train/base_005373.npz,116,False,
base_005374,train,train/base_005374.npz,471,False,
base_005375,train,train/base_005375.npz,366,False,
base_005376,train,train/base_005376.npz,216,False,
base_005377,train,train/base_005377.npz,138,False,
base_005378,train,train/base_005378.npz,121,False,
base_005379,train,train/base_005379.npz,150,False,
base_005380,train,train/base_005380.npz,359,False,
base_005381,train,train/base_005381.npz,85,False,
base_005382,train,train/base_005382.npz,276,False,
base_005383,train,train/base_005383.npz,85,False,
base_005384,train,train/base_005384.npz,121,False,
base_005385,train,train/base_005385.npz,366,False,
base_005386,train,train/base_005386.npz,45,False,
base_005387,train,train/base_005387.npz,121,False,
base_005388,train,train/base_005388.npz,158,False,
base_005389,train,train/base_005389.npz,366,False,
base_005390,train,train/base_005390.npz,116,False,
base_005391,train,train/base_005391.npz,490,False,
base_005392,train,train/base_005392.npz,232,False,
base_005393,train,train/base_005393.npz,85,False,
base_005394,train,train/base_005394.npz,138,False,
base_005395,train,train/base_005395.npz,216,False,
base_005396,train,train/base_005396.npz,92,False,
base_005397,train,train/base_005397.npz,275,False,
base_005398,train,train/base_005398.npz,92,False,
base_005399,train,train/base_005399.npz,474,False,
base_005400,train,train/base_005400.npz,85,False,
base_005401,train,train/base_005401.npz,357,False,
base_005402,train,train/base_005402.npz,85,False,
base_005403,train,train/base_005403.npz,45,False,
base_005404,train,train/base_005404.npz,68,False,
base_005405,train,train/base_005405.npz,91,False,
base_005406,train,train/base_005406.npz,359,False,
base_005407,train,train/base_005407.npz,138,False,
base_005408,train,train/base_005408.npz,40,False,
base_005409,train,train/base_005409.npz,109,False,
base_005410,train,train/base_005410.npz,41,False,
base_005411,train,train/base_005411.npz,366,False,
base_005412,train,train/base_005412.npz,120,False,
base_005413,train,train/base_005413.npz,490,False,
base_005414,train,train/base_005414.npz,63,False,
base_005415,train,train/base_005415.npz,490,False,
base_005416,train,train/base_005416.npz,305,False,
base_005417,train,train/base_005417.npz,305,False,
base_005418,train,train/base_005418.npz,138,False,
base_005419,train,train/base_005419.npz,91,False,
base_005420,train,train/base_005420.npz,116,False,
base_005421,train,train/base_005421.npz,150,False,
base_005422,train,train/base_005422.npz,138,False,
base_005423,train,train/base_005423.npz,232,False,
base_005424,train,train/base_005424.npz,45,False,
base_005425,train,train/base_005425.npz,120,False,
base_005426,train,train/base_005426.npz,216,False,
base_005427,train,train/base_005427.npz,92,False,
base_005428,train,train/base_005428.npz,359,False,
base_005429,train,train/base_005429.npz,116,False,
base_005430,train,train/base_005430.npz,40,False,
base_005431,train,train/base_005431.npz,85,False,
base_005432,train,train/base_005432.npz,432,False,
base_005433,train,train/base_005433.npz,177,False,
base_005434,train,train/base_005434.npz,63,False,
base_005435,train,train/base_005435.npz,63,False,
base_005436,train,train/base_005436.npz,160,False,
base_005437,train,train/base_005437.npz,63,False,
base_005438,train,train/base_005438.npz,109,False,
base_005439,train,train/base_005439.npz,173,False,
base_005440,train,train/base_005440.npz,367,False,
base_005441,train,train/base_005441.npz,471,False,
base_005442,train,train/base_005442.npz,304,False,
base_005443,train,train/base_005443.npz,180,False,
base_005444,train,train/base_005444.npz,366,False,
base_005445,train,train/base_005445.npz,259,False,
base_005446,train,train/base_005446.npz,63,False,
base_005447,train,train/base_005447.npz,318,False,
base_005448,train,train/base_005448.npz,60,False,
base_005449,train,train/base_005449.npz,92,False,
base_005450,train,train/base_005450.npz,85,False,
base_005451,train,train/base_005451.npz,109,False,
base_005452,train,train/base_005452.npz,45,False,
base_005453,train,train/base_005453.npz,63,False,
base_005454,train,train/base_005454.npz,262,False,
base_005455,train,train/base_005455.npz,477,False,
base_005456,train,train/base_005456.npz,85,False,
base_005457,train,train/base_005457.npz,85,False,
base_005458,train,train/base_005458.npz,476,False,
base_005459,train,train/base_005459.npz,262,False,
base_005460,train,train/base_005460.npz,68,False,
base_005461,train,train/base_005461.npz,175,False,
base_005462,train,train/base_005462.npz,177,False,
base_005463,train,train/base_005463.npz,359,False,
base_005464,train,train/base_005464.npz,158,False,
base_005465,train,train/base_005465.npz,85,False,
base_005466,train,train/base_005466.npz,416,False,
base_005467,train,train/base_005467.npz,160,False,
base_005468,train,train/base_005468.npz,232,False,
base_005469,train,train/base_005469.npz,121,False,
base_005470,train,train/base_005470.npz,85,False,
base_005471,train,train/base_005471.npz,59,False,
base_005472,train,train/base_005472.npz,150,False,
base_005473,train,train/base_005473.npz,85,False,
base_005474,train,train/base_005474.npz,59,False,
base_005475,train,train/base_005475.npz,471,False,
base_005476,train,train/base_005476.npz,183,False,
base_005477,train,train/base_005477.npz,91,False,
base_005478,train,train/base_005478.npz,64,False,
base_005479,train,train/base_005479.npz,359,False,
base_005480,train,train/base_005480.npz,261,False,
base_005481,train,train/base_005481.npz,45,False,
base_005482,train,train/base_005482.npz,477,False,
base_005483,train,train/base_005483.npz,232,False,
base_005484,train,train/base_005484.npz,180,False,
base_005485,train,train/base_005485.npz,367,False,
base_005486,train,train/base_005486.npz,418,False,
base_005487,train,train/base_005487.npz,255,False,
base_005488,train,train/base_005488.npz,173,False,
base_005489,train,train/base_005489.npz,116,False,
base_005490,train,train/base_005490.npz,421,False,
base_005491,train,train/base_005491.npz,216,False,
base_005492,train,train/base_005492.npz,149,False,
base_005493,train,train/base_005493.npz,116,False,
base_005494,train,train/base_005494.npz,63,False,
base_005495,train,train/base_005495.npz,120,False,
base_005496,train,train/base_005496.npz,275,False,
base_005497,train,train/base_005497.npz,366,False,
base_005498,train,train/base_005498.npz,85,False,
base_005499,train,train/base_005499.npz,181,False,
base_005500,train,train/base_005500.npz,85,False,
base_005501,train,train/base_005501.npz,216,False,
base_005502,train,train/base_005502.npz,320,False,
base_005503,train,train/base_005503.npz,40,False,
base_005504,train,train/base_005504.npz,121,False,
base_005505,train,train/base_005505.npz,91,False,
base_005506,train,train/base_005506.npz,432,False,
base_005507,train,train/base_005507.npz,60,False,
base_005508,train,train/base_005508.npz,41,False,
base_005509,train,train/base_005509.npz,150,False,
base_005510,train,train/base_005510.npz,118,False,
base_005511,train,train/base_005511.npz,415,False,
base_005512,train,train/base_005512.npz,120,False,
base_005513,train,train/base_005513.npz,92,False,
base_005514,train,train/base_005514.npz,109,False,
base_005515,train,train/base_005515.npz,45,False,
base_005516,train,train/base_005516.npz,138,False,
base_005517,train,train/base_005517.npz,59,False,
base_005518,train,train/base_005518.npz,64,False,
base_005519,train,train/base_005519.npz,116,False,
base_005520,train,train/base_005520.npz,182,False,
base_005521,train,train/base_005521.npz,120,False,
base_005522,train,train/base_005522.npz,45,False,
base_005523,train,train/base_005523.npz,149,False,
base_005524,train,train/base_005524.npz,60,False,
base_005525,train,train/base_005525.npz,474,False,
base_005526,train,train/base_005526.npz,216,False,
base_005527,train,train/base_005527.npz,116,False,
base_005528,train,train/base_005528.npz,150,False,
base_005529,train,train/base_005529.npz,216,False,
base_005530,train,train/base_005530.npz,359,False,
base_005531,train,train/base_005531.npz,121,False,
base_005532,train,train/base_005532.npz,359,False,
base_005533,train,train/base_005533.npz,275,False,
base_005534,train,train/base_005534.npz,85,False,
base_005535,train,train/base_005535.npz,85,False,
base_005536,train,train/base_005536.npz,91,False,
base_005537,train,train/base_005537.npz,60,False,
base_005538,train,train/base_005538.npz,109,False,
base_005539,train,train/base_005539.npz,319,False,
base_005540,train,train/base_005540.npz,150,False,
base_005541,train,train/base_005541.npz,60,False,
base_005542,train,train/base_005542.npz,62,False,
base_005543,train,train/base_005543.npz,232,False,
base_005544,train,train/base_005544.npz,183,False,
base_005545,train,train/base_005545.npz,41,False,
base_005546,train,train/base_005546.npz,64,False,
base_005547,train,train/base_005547.npz,45,False,
base_005548,train,train/base_005548.npz,260,False,
base_005549,train,train/base_005549.npz,63,False,
base_005550,train,train/base_005550.npz,421,False,
base_005551,train,train/base_005551.npz,40,False,
base_005552,train,train/base_005552.npz,138,False,
base_005553,train,train/base_005553.npz,304,False,
base_005554,train,train/base_005554.npz,60,False,
base_005555,train,train/base_005555.npz,193,False,
base_005556,train,train/base_005556.npz,320,False,
base_005557,train,train/base_005557.npz,45,False,
base_005558,train,train/base_005558.npz,109,False,
base_005559,train,train/base_005559.npz,91,False,
base_005560,train,train/base_005560.npz,150,False,
base_005561,train,train/base_005561.npz,63,False,
base_005562,train,train/base_005562.npz,262,False,
base_005563,train,train/base_005563.npz,332,False,
base_005564,train,train/base_005564.npz,64,False,
base_005565,train,train/base_005565.npz,138,False,
base_005566,train,train/base_005566.npz,276,False,
base_005567,train,train/base_005567.npz,173,False,
base_005568,train,train/base_005568.npz,85,False,
base_005569,train,train/base_005569.npz,173,False,
base_005570,train,train/base_005570.npz,477,False,
base_005571,train,train/base_005571.npz,261,False,
base_005572,train,train/base_005572.npz,320,False,
base_005573,train,train/base_005573.npz,40,False,
base_005574,train,train/base_005574.npz,92,False,
base_005575,train,train/base_005575.npz,63,False,
base_005576,train,train/base_005576.npz,45,False,
base_005577,train,train/base_005577.npz,259,False,
base_005578,train,train/base_005578.npz,320,False,
base_005579,train,train/base_005579.npz,216,False,
base_005580,train,train/base_005580.npz,40,False,
base_005581,train,train/base_005581.npz,276,False,
base_005582,train,train/base_005582.npz,138,False,
base_005583,train,train/base_005583.npz,368,False,
base_005584,train,train/base_005584.npz,181,False,
base_005585,train,train/base_005585.npz,45,False,
base_005586,train,train/base_005586.npz,216,False,
base_005587,train,train/base_005587.npz,461,False,
base_005588,train,train/base_005588.npz,232,False,
base_005589,train,train/base_005589.npz,359,False,
base_005590,train,train/base_005590.npz,150,False,
base_005591,train,train/base_005591.npz,116,False,
base_005592,train,train/base_005592.npz,471,False,
base_005593,train,train/base_005593.npz,138,False,
base_005594,train,train/base_005594.npz,232,False,
base_005595,train,train/base_005595.npz,63,False,
base_005596,train,train/base_005596.npz,432,False,
base_005597,train,train/base_005597.npz,366,False,
base_005598,train,train/base_005598.npz,45,False,
base_005599,train,train/base_005599.npz,181,False,
base_005600,train,train/base_005600.npz,120,False,
base_005601,train,train/base_005601.npz,232,False,
base_005602,train,train/base_005602.npz,63,False,
base_005603,train,train/base_005603.npz,116,False,
base_005604,train,train/base_005604.npz,116,False,
base_005605,train,train/base_005605.npz,320,False,
base_005606,train,train/base_005606.npz,60,False,
base_005607,train,train/base_005607.npz,320,False,
base_005608,train,train/base_005608.npz,91,False,
base_005609,train,train/base_005609.npz,63,False,
base_005610,train,train/base_005610.npz,149,False,
base_005611,train,train/base_005611.npz,276,False,
base_005612,train,train/base_005612.npz,183,False,
base_005613,train,train/base_005613.npz,216,False,
base_005614,train,train/base_005614.npz,150,False,
base_005615,train,train/base_005615.npz,109,False,
base_005616,train,train/base_005616.npz,138,False,
base_005617,train,train/base_005617.npz,138,False,
base_005618,train,train/base_005618.npz,461,False,
base_005619,train,train/base_005619.npz,476,False,
base_005620,train,train/base_005620.npz,91,False,
base_005621,train,train/base_005621.npz,255,False,
base_005622,train,train/base_005622.npz,182,False,
base_005623,train,train/base_005623.npz,305,False,
base_005624,train,train/base_005624.npz,216,False,
base_005625,train,train/base_005625.npz,181,False,
base_005626,train,train/base_005626.npz,109,False,
base_005627,train,train/base_005627.npz,40,False,
base_005628,train,train/base_005628.npz,92,False,
base_005629,train,train/base_005629.npz,41,False,
base_005630,train,train/base_005630.npz,182,False,
base_005631,train,train/base_005631.npz,320,False,
base_005632,train,train/base_005632.npz,116,False,
base_005633,train,train/base_005633.npz,320,False,
base_005634,train,train/base_005634.npz,262,False,
base_005635,train,train/base_005635.npz,62,False,
base_005636,train,train/base_005636.npz,416,False,
base_005637,train,train/base_005637.npz,182,False,
base_005638,train,train/base_005638.npz,45,False,
base_005639,train,train/base_005639.npz,183,False,
base_005640,train,train/base_005640.npz,85,False,
base_005641,train,train/base_005641.npz,304,False,
base_005642,train,train/base_005642.npz,63,False,
base_005643,train,train/base_005643.npz,320,False,
base_005644,train,train/base_005644.npz,64,False,
base_005645,train,train/base_005645.npz,304,False,
base_005646,train,train/base_005646.npz,40,False,
base_005647,train,train/base_005647.npz,356,False,
base_005648,train,train/base_005648.npz,120,False,
base_005649,train,train/base_005649.npz,332,False,
base_005650,train,train/base_005650.npz,63,False,
base_005651,train,train/base_005651.npz,59,False,
base_005652,train,train/base_005652.npz,109,False,
base_005653,train,train/base_005653.npz,173,False,
base_005654,train,train/base_005654.npz,149,False,
base_005655,train,train/base_005655.npz,182,False,
base_005656,train,train/base_005656.npz,92,False,
base_005657,train,train/base_005657.npz,85,False,
base_005658,train,train/base_005658.npz,432,False,
base_005659,train,train/base_005659.npz,116,False,
base_005660,train,train/base_005660.npz,368,False,
base_005661,train,train/base_005661.npz,180,False,
base_005662,train,train/base_005662.npz,261,False,
base_005663,train,train/base_005663.npz,63,False,
base_005664,train,train/base_005664.npz,116,False,
base_005665,train,train/base_005665.npz,177,False,
base_005666,train,train/base_005666.npz,216,False,
base_005667,train,train/base_005667.npz,41,False,
base_005668,train,train/base_005668.npz,40,False,
base_005669,train,train/base_005669.npz,45,False,
base_005670,train,train/base_005670.npz,173,False,
base_005671,train,train/base_005671.npz,320,False,
base_005672,train,train/base_005672.npz,150,False,
base_005673,train,train/base_005673.npz,418,False,
base_005674,train,train/base_005674.npz,216,False,
base_005675,train,train/base_005675.npz,91,False,
base_005676,train,train/base_005676.npz,356,False,
base_005677,train,train/base_005677.npz,175,False,
base_005678,train,train/base_005678.npz,261,False,
base_005679,train,train/base_005679.npz,41,False,
base_005680,train,train/base_005680.npz,421,False,
base_005681,train,train/base_005681.npz,359,False,
base_005682,train,train/base_005682.npz,182,False,
base_005683,train,train/base_005683.npz,45,False,
base_005684,train,train/base_005684.npz,109,False,
base_005685,train,train/base_005685.npz,357,False,
base_005686,train,train/base_005686.npz,120,False,
base_005687,train,train/base_005687.npz,150,False,
base_005688,train,train/base_005688.npz,41,False,
base_005689,train,train/base_005689.npz,401,False,
base_005690,train,train/base_005690.npz,109,False,
base_005691,train,train/base_005691.npz,109,False,
base_005692,train,train/base_005692.npz,304,False,
base_005693,train,train/base_005693.npz,216,False,
base_005694,train,train/base_005694.npz,332,False,
base_005695,train,train/base_005695.npz,41,False,
base_005696,train,train/base_005696.npz,366,False,
base_005697,train,train/base_005697.npz,216,False,
base_005698,train,train/base_005698.npz,433,False,
base_005699,train,train/base_005699.npz,320,False,
base_005700,train,train/base_005700.npz,138,False,
base_005701,train,train/base_005701.npz,320,False,
base_005702,train,train/base_005702.npz,121,False,
base_005703,train,train/base_005703.npz,116,False,
base_005704,train,train/base_005704.npz,45,False,
base_005705,train,train/base_005705.npz,216,False,
base_005706,train,train/base_005706.npz,259,False,
base_005707,train,train/base_005707.npz,366,False,
base_005708,train,train/base_005708.npz,116,False,
base_005709,train,train/base_005709.npz,91,False,
base_005710,train,train/base_005710.npz,474,False,
base_005711,train,train/base_005711.npz,40,False,
base_005712,train,train/base_005712.npz,149,False,
base_005713,train,train/base_005713.npz,64,False,
base_005714,train,train/base_005714.npz,116,False,
base_005715,train,train/base_005715.npz,320,False,
base_005716,train,train/base_005716.npz,474,False,
base_005717,train,train/base_005717.npz,216,False,
base_005718,train,train/base_005718.npz,40,False,
base_005719,train,train/base_005719.npz,275,False,
base_005720,train,train/base_005720.npz,432,False,
base_005721,train,train/base_005721.npz,232,False,
base_005722,train,train/base_005722.npz,64,False,
base_005723,train,train/base_005723.npz,91,False,
base_005724,train,train/base_005724.npz,476,False,
base_005725,train,train/base_005725.npz,173,False,
base_005726,train,train/base_005726.npz,41,False,
base_005727,train,train/base_005727.npz,418,False,
base_005728,train,train/base_005728.npz,138,False,
base_005729,train,train/base_005729.npz,158,False,
base_005730,train,train/base_005730.npz,359,False,
base_005731,train,train/base_005731.npz,476,False,
base_005732,train,train/base_005732.npz,85,False,
base_005733,train,train/base_005733.npz,181,False,
base_005734,train,train/base_005734.npz,120,False,
base_005735,train,train/base_005735.npz,305,False,
base_005736,train,train/base_005736.npz,320,False,
base_005737,train,train/base_005737.npz,421,False,
base_005738,train,train/base_005738.npz,262,False,
base_005739,train,train/base_005739.npz,471,False,
base_005740,train,train/base_005740.npz,116,False,
base_005741,train,train/base_005741.npz,490,False,
base_005742,train,train/base_005742.npz,490,False,
base_005743,train,train/base_005743.npz,118,False,
base_005744,train,train/base_005744.npz,91,False,
base_005745,train,train/base_005745.npz,477,False,
base_005746,train,train/base_005746.npz,45,False,
base_005747,train,train/base_005747.npz,63,False,
base_005748,train,train/base_005748.npz,63,False,
base_005749,train,train/base_005749.npz,60,False,
base_005750,train,train/base_005750.npz,275,False,
base_005751,train,train/base_005751.npz,276,False,
base_005752,train,train/base_005752.npz,366,False,
base_005753,train,train/base_005753.npz,276,False,
base_005754,train,train/base_005754.npz,183,False,
base_005755,train,train/base_005755.npz,332,False,
base_005756,train,train/base_005756.npz,40,False,
base_005757,train,train/base_005757.npz,320,False,
base_005758,train,train/base_005758.npz,421,False,
base_005759,train,train/base_005759.npz,138,False,
base_005760,train,train/base_005760.npz,63,False,
base_005761,train,train/base_005761.npz,68,False,
base_005762,train,train/base_005762.npz,63,False,
base_005763,train,train/base_005763.npz,416,False,
base_005764,train,train/base_005764.npz,116,False,
base_005765,train,train/base_005765.npz,433,False,
base_005766,train,train/base_005766.npz,121,False,
base_005767,train,train/base_005767.npz,150,False,
base_005768,train,train/base_005768.npz,366,False,
base_005769,train,train/base_005769.npz,63,False,
base_005770,train,train/base_005770.npz,304,False,
base_005771,train,train/base_005771.npz,366,False,
base_005772,train,train/base_005772.npz,109,False,
base_005773,train,train/base_005773.npz,85,False,
base_005774,train,train/base_005774.npz,138,False,
base_005775,train,train/base_005775.npz,320,False,
base_005776,train,train/base_005776.npz,216,False,
base_005777,train,train/base_005777.npz,261,False,
base_005778,train,train/base_005778.npz,63,False,
base_005779,train,train/base_005779.npz,60,False,
base_005780,train,train/base_005780.npz,193,False,
base_005781,train,train/base_005781.npz,433,False,
base_005782,train,train/base_005782.npz,92,False,
base_005783,train,train/base_005783.npz,59,False,
base_005784,train,train/base_005784.npz,261,False,
base_005785,train,train/base_005785.npz,150,False,
base_005786,train,train/base_005786.npz,255,False,
base_005787,train,train/base_005787.npz,262,False,
base_005788,train,train/base_005788.npz,232,False,
base_005789,train,train/base_005789.npz,64,False,
base_005790,train,train/base_005790.npz,150,False,
base_005791,train,train/base_005791.npz,85,False,
base_005792,train,train/base_005792.npz,216,False,
base_005793,train,train/base_005793.npz,85,False,
base_005794,train,train/base_005794.npz,40,False,
base_005795,train,train/base_005795.npz,261,False,
base_005796,train,train/base_005796.npz,261,False,
base_005797,train,train/base_005797.npz,116,False,
base_005798,train,train/base_005798.npz,59,False,
base_005799,train,train/base_005799.npz,91,False,
base_005800,train,train/base_005800.npz,320,False,
base_005801,train,train/base_005801.npz,121,False,
base_005802,train,train/base_005802.npz,92,False,
base_005803,train,train/base_005803.npz,216,False,
base_005804,train,train/base_005804.npz,138,False,
base_005805,train,train/base_005805.npz,91,False,
base_005806,train,train/base_005806.npz,177,False,
base_005807,train,train/base_005807.npz,85,False,
base_005808,train,train/base_005808.npz,92,False,
base_005809,train,train/base_005809.npz,109,False,
base_005810,train,train/base_005810.npz,261,False,
base_005811,train,train/base_005811.npz,262,False,
base_005812,train,train/base_005812.npz,431,False,
base_005813,train,train/base_005813.npz,149,False,
base_005814,train,train/base_005814.npz,366,False,
base_005815,train,train/base_005815.npz,262,False,
base_005816,train,train/base_005816.npz,45,False,
base_005817,train,train/base_005817.npz,183,False,
base_005818,train,train/base_005818.npz,85,False,
base_005819,train,train/base_005819.npz,68,False,
base_005820,train,train/base_005820.npz,149,False,
base_005821,train,train/base_005821.npz,183,False,
base_005822,train,train/base_005822.npz,182,False,
base_005823,train,train/base_005823.npz,63,False,
base_005824,train,train/base_005824.npz,477,False,
base_005825,train,train/base_005825.npz,149,False,
base_005826,train,train/base_005826.npz,401,False,
base_005827,train,train/base_005827.npz,138,False,
base_005828,train,train/base_005828.npz,60,False,
base_005829,train,train/base_005829.npz,421,False,
base_005830,train,train/base_005830.npz,85,False,
base_005831,train,train/base_005831.npz,85,False,
base_005832,train,train/base_005832.npz,62,False,
base_005833,train,train/base_005833.npz,320,False,
base_005834,train,train/base_005834.npz,138,False,
base_005835,train,train/base_005835.npz,63,False,
base_005836,train,train/base_005836.npz,476,False,
base_005837,train,train/base_005837.npz,40,False,
base_005838,train,train/base_005838.npz,418,False,
base_005839,train,train/base_005839.npz,262,False,
base_005840,train,train/base_005840.npz,158,False,
base_005841,train,train/base_005841.npz,68,False,
base_005842,train,train/base_005842.npz,116,False,
base_005843,train,train/base_005843.npz,216,False,
base_005844,train,train/base_005844.npz,181,False,
base_005845,train,train/base_005845.npz,180,False,
base_005846,train,train/base_005846.npz,85,False,
base_005847,train,train/base_005847.npz,359,False,
base_005848,train,train/base_005848.npz,45,False,
base_005849,train,train/base_005849.npz,232,False,
base_005850,train,train/base_005850.npz,120,False,
base_005851,train,train/base_005851.npz,232,False,
base_005852,train,train/base_005852.npz,85,False,
base_005853,train,train/base_005853.npz,116,False,
base_005854,train,train/base_005854.npz,476,False,
base_005855,train,train/base_005855.npz,305,False,
base_005856,train,train/base_005856.npz,149,False,
base_005857,train,train/base_005857.npz,276,False,
base_005858,train,train/base_005858.npz,109,False,
base_005859,train,train/base_005859.npz,175,False,
base_005860,train,train/base_005860.npz,63,False,
base_005861,train,train/base_005861.npz,232,False,
base_005862,train,train/base_005862.npz,276,False,
base_005863,train,train/base_005863.npz,173,False,
base_005864,train,train/base_005864.npz,418,False,
base_005865,train,train/base_005865.npz,477,False,
base_005866,train,train/base_005866.npz,45,False,
base_005867,train,train/base_005867.npz,359,False,
base_005868,train,train/base_005868.npz,276,False,
base_005869,train,train/base_005869.npz,416,False,
base_005870,train,train/base_005870.npz,180,False,
base_005871,train,train/base_005871.npz,138,False,
base_005872,train,train/base_005872.npz,138,False,
base_005873,train,train/base_005873.npz,366,False,
base_005874,train,train/base_005874.npz,160,False,
base_005875,train,train/base_005875.npz,182,False,
base_005876,train,train/base_005876.npz,63,False,
base_005877,train,train/base_005877.npz,474,False,
base_005878,train,train/base_005878.npz,461,False,
base_005879,train,train/base_005879.npz,421,False,
base_005880,train,train/base_005880.npz,359,False,
base_005881,train,train/base_005881.npz,183,False,
base_005882,train,train/base_005882.npz,232,False,
base_005883,train,train/base_005883.npz,41,False,
base_005884,train,train/base_005884.npz,180,False,
base_005885,train,train/base_005885.npz,180,False,
base_005886,train,train/base_005886.npz,150,False,
base_005887,train,train/base_005887.npz,490,False,
base_005888,train,train/base_005888.npz,320,False,
base_005889,train,train/base_005889.npz,63,False,
base_005890,train,train/base_005890.npz,150,False,
base_005891,train,train/base_005891.npz,41,False,
base_005892,train,train/base_005892.npz,41,False,
base_005893,train,train/base_005893.npz,85,False,
base_005894,train,train/base_005894.npz,275,False,
base_005895,train,train/base_005895.npz,490,False,
base_005896,train,train/base_005896.npz,366,False,
base_005897,train,train/base_005897.npz,116,False,
base_005898,train,train/base_005898.npz,176,False,
base_005899,train,train/base_005899.npz,183,False,
base_005900,train,train/base_005900.npz,116,False,
base_005901,train,train/base_005901.npz,216,False,
base_005902,train,train/base_005902.npz,150,False,
base_005903,train,train/base_005903.npz,416,False,
base_005904,train,train/base_005904.npz,116,False,
base_005905,train,train/base_005905.npz,64,False,
base_005906,train,train/base_005906.npz,41,False,
base_005907,train,train/base_005907.npz,59,False,
base_005908,train,train/base_005908.npz,109,False,
base_005909,train,train/base_005909.npz,109,False,
base_005910,train,train/base_005910.npz,416,False,
base_005911,train,train/base_005911.npz,276,False,
base_005912,train,train/base_005912.npz,59,False,
base_005913,train,train/base_005913.npz,149,False,
base_005914,train,train/base_005914.npz,181,False,
base_005915,train,train/base_005915.npz,116,False,
base_005916,train,train/base_005916.npz,174,False,
base_005917,train,train/base_005917.npz,259,False,
base_005918,train,train/base_005918.npz,116,False,
base_005919,train,train/base_005919.npz,160,False,
base_005920,train,train/base_005920.npz,216,False,
base_005921,train,train/base_005921.npz,45,False,
base_005922,train,train/base_005922.npz,60,False,
base_005923,train,train/base_005923.npz,60,False,
base_005924,train,train/base_005924.npz,63,False,
base_005925,train,train/base_005925.npz,121,False,
base_005926,train,train/base_005926.npz,366,False,
base_005927,train,train/base_005927.npz,490,False,
base_005928,train,train/base_005928.npz,121,False,
base_005929,train,train/base_005929.npz,120,False,
base_005930,train,train/base_005930.npz,320,False,
base_005931,train,train/base_005931.npz,275,False,
base_005932,train,train/base_005932.npz,45,False,
base_005933,train,train/base_005933.npz,150,False,
base_005934,train,train/base_005934.npz,232,False,
base_005935,train,train/base_005935.npz,63,False,
base_005936,train,train/base_005936.npz,476,False,
base_005937,train,train/base_005937.npz,64,False,
base_005938,train,train/base_005938.npz,91,False,
base_005939,train,train/base_005939.npz,64,False,
base_005940,train,train/base_005940.npz,359,False,
base_005941,train,train/base_005941.npz,149,False,
base_005942,train,train/base_005942.npz,85,False,
base_005943,train,train/base_005943.npz,216,False,
base_005944,train,train/base_005944.npz,121,False,
base_005945,train,train/base_005945.npz,45,False,
base_005946,train,train/base_005946.npz,477,False,
base_005947,train,train/base_005947.npz,262,False,
base_005948,train,train/base_005948.npz,59,False,
base_005949,train,train/base_005949.npz,40,False,
base_005950,train,train/base_005950.npz,471,False,
base_005951,train,train/base_005951.npz,305,False,
base_005952,train,train/base_005952.npz,138,False,
base_005953,train,train/base_005953.npz,85,False,
base_005954,train,train/base_005954.npz,432,False,
base_005955,train,train/base_005955.npz,149,False,
base_005956,train,train/base_005956.npz,490,False,
base_005957,train,train/base_005957.npz,461,False,
base_005958,train,train/base_005958.npz,332,False,
base_005959,train,train/base_005959.npz,305,False,
base_005960,train,train/base_005960.npz,216,False,
base_005961,train,train/base_005961.npz,432,False,
base_005962,train,train/base_005962.npz,138,False,
base_005963,train,train/base_005963.npz,262,False,
base_005964,train,train/base_005964.npz,40,False,
base_005965,train,train/base_005965.npz,138,False,
base_005966,train,train/base_005966.npz,60,False,
base_005967,train,train/base_005967.npz,460,False,
base_005968,train,train/base_005968.npz,60,False,
base_005969,train,train/base_005969.npz,180,False,
base_005970,train,train/base_005970.npz,432,False,
base_005971,train,train/base_005971.npz,85,False,
base_005972,train,train/base_005972.npz,177,False,
base_005973,train,train/base_005973.npz,232,False,
base_005974,train,train/base_005974.npz,63,False,
base_005975,train,train/base_005975.npz,150,False,
base_005976,train,train/base_005976.npz,116,False,
base_005977,train,train/base_005977.npz,255,False,
base_005978,train,train/base_005978.npz,359,False,
base_005979,train,train/base_005979.npz,92,False,
base_005980,train,train/base_005980.npz,356,False,
base_005981,train,train/base_005981.npz,85,False,
base_005982,train,train/base_005982.npz,149,False,
base_005983,train,train/base_005983.npz,121,False,
base_005984,train,train/base_005984.npz,182,False,
base_005985,train,train/base_005985.npz,85,False,
base_005986,train,train/base_005986.npz,275,False,
base_005987,train,train/base_005987.npz,68,False,
base_005988,train,train/base_005988.npz,432,False,
base_005989,train,train/base_005989.npz,366,False,
base_005990,train,train/base_005990.npz,60,False,
base_005991,train,train/base_005991.npz,85,False,
base_005992,train,train/base_005992.npz,138,False,
base_005993,train,train/base_005993.npz,85,False,
base_005994,train,train/base_005994.npz,138,False,
base_005995,train,train/base_005995.npz,60,False,
base_005996,train,train/base_005996.npz,45,False,
base_005997,train,train/base_005997.npz,182,False,
base_005998,train,train/base_005998.npz,368,False,
base_005999,train,train/base_005999.npz,60,False,
base_006000,train,train/base_006000.npz,63,False,
base_006001,train,train/base_006001.npz,63,False,
base_006002,train,train/base_006002.npz,92,False,
base_006003,train,train/base_006003.npz,476,False,
base_006004,train,train/base_006004.npz,276,False,
base_006005,train,train/base_006005.npz,121,False,
base_006006,train,train/base_006006.npz,60,False,
base_006007,train,train/base_006007.npz,68,False,
base_006008,train,train/base_006008.npz,176,False,
base_006009,train,train/base_006009.npz,63,False,
base_006010,train,train/base_006010.npz,232,False,
base_006011,train,train/base_006011.npz,85,False,
base_006012,train,train/base_006012.npz,181,False,
base_006013,train,train/base_006013.npz,359,False,
base_006014,train,train/base_006014.npz,59,False,
base_006015,train,train/base_006015.npz,359,False,
base_006016,train,train/base_006016.npz,64,False,
base_006017,train,train/base_006017.npz,116,False,
base_006018,train,train/base_006018.npz,255,False,
base_006019,train,train/base_006019.npz,332,False,
base_006020,train,train/base_006020.npz,63,False,
base_006021,train,train/base_006021.npz,476,False,
base_006022,train,train/base_006022.npz,149,False,
base_006023,train,train/base_006023.npz,85,False,
base_006024,train,train/base_006024.npz,359,False,
base_006025,train,train/base_006025.npz,232,False,
base_006026,train,train/base_006026.npz,149,False,
base_006027,train,train/base_006027.npz,45,False,
base_006028,train,train/base_006028.npz,41,False,
base_006029,train,train/base_006029.npz,416,False,
base_006030,train,train/base_006030.npz,319,False,
base_006031,train,train/base_006031.npz,85,False,
base_006032,train,train/base_006032.npz,40,False,
base_006033,train,train/base_006033.npz,232,False,
base_006034,train,train/base_006034.npz,276,False,
base_006035,train,train/base_006035.npz,180,False,
base_006036,train,train/base_006036.npz,366,False,
base_006037,train,train/base_006037.npz,433,False,
base_006038,train,train/base_006038.npz,366,False,
base_006039,train,train/base_006039.npz,432,False,
base_006040,train,train/base_006040.npz,275,False,
base_006041,train,train/base_006041.npz,45,False,
base_006042,train,train/base_006042.npz,45,False,
base_006043,train,train/base_006043.npz,275,False,
base_006044,train,train/base_006044.npz,45,False,
base_006045,train,train/base_006045.npz,276,False,
base_006046,train,train/base_006046.npz,92,False,
base_006047,train,train/base_006047.npz,85,False,
base_006048,train,train/base_006048.npz,63,False,
base_006049,train,train/base_006049.npz,366,False,
base_006050,train,train/base_006050.npz,41,False,
base_006051,train,train/base_006051.npz,85,False,
base_006052,train,train/base_006052.npz,60,False,
base_006053,train,train/base_006053.npz,63,False,
base_006054,train,train/base_006054.npz,275,False,
base_006055,train,train/base_006055.npz,461,False,
base_006056,train,train/base_006056.npz,41,False,
base_006057,train,train/base_006057.npz,138,False,
base_006058,train,train/base_006058.npz,120,False,
base_006059,train,train/base_006059.npz,417,False,
base_006060,train,train/base_006060.npz,85,False,
base_006061,train,train/base_006061.npz,432,False,
base_006062,train,train/base_006062.npz,262,False,
base_006063,train,train/base_006063.npz,85,False,
base_006064,train,train/base_006064.npz,332,False,
base_006065,train,train/base_006065.npz,421,False,
base_006066,train,train/base_006066.npz,193,False,
base_006067,train,train/base_006067.npz,85,False,
base_006068,train,train/base_006068.npz,276,False,
base_006069,train,train/base_006069.npz,182,False,
base_006070,train,train/base_006070.npz,174,False,
base_006071,train,train/base_006071.npz,121,False,
base_006072,train,train/base_006072.npz,85,False,
base_006073,train,train/base_006073.npz,91,False,
base_006074,train,train/base_006074.npz,232,False,
base_006075,train,train/base_006075.npz,304,False,
base_006076,train,train/base_006076.npz,45,False,
base_006077,train,train/base_006077.npz,232,False,
base_006078,train,train/base_006078.npz,85,False,
base_006079,train,train/base_006079.npz,85,False,
base_006080,train,train/base_006080.npz,366,False,
base_006081,train,train/base_006081.npz,368,False,
base_006082,train,train/base_006082.npz,367,False,
base_006083,train,train/base_006083.npz,477,False,
base_006084,train,train/base_006084.npz,421,False,
base_006085,train,train/base_006085.npz,149,False,
base_006086,train,train/base_006086.npz,176,False,
base_006087,train,train/base_006087.npz,261,False,
base_006088,train,train/base_006088.npz,149,False,
base_006089,train,train/base_006089.npz,320,False,
base_006090,train,train/base_006090.npz,183,False,
base_006091,train,train/base_006091.npz,160,False,
base_006092,train,train/base_006092.npz,320,False,
base_006093,train,train/base_006093.npz,40,False,
base_006094,train,train/base_006094.npz,320,False,
base_006095,train,train/base_006095.npz,260,False,
base_006096,train,train/base_006096.npz,150,False,
base_006097,train,train/base_006097.npz,85,False,
base_006098,train,train/base_006098.npz,332,False,
base_006099,train,train/base_006099.npz,320,False,
base_006100,train,train/base_006100.npz,60,False,
base_006101,train,train/base_006101.npz,109,False,
base_006102,train,train/base_006102.npz,63,False,
base_006103,train,train/base_006103.npz,60,False,
base_006104,train,train/base_006104.npz,175,False,
base_006105,train,train/base_006105.npz,461,False,
base_006106,train,train/base_006106.npz,121,False,
base_006107,train,train/base_006107.npz,41,False,
base_006108,train,train/base_006108.npz,41,False,
base_006109,train,train/base_006109.npz,332,False,
base_006110,train,train/base_006110.npz,366,False,
base_006111,train,train/base_006111.npz,63,False,
base_006112,train,train/base_006112.npz,255,False,
base_006113,train,train/base_006113.npz,359,False,
base_006114,train,train/base_006114.npz,121,False,
base_006115,train,train/base_006115.npz,91,False,
base_006116,train,train/base_006116.npz,85,False,
base_006117,train,train/base_006117.npz,320,False,
base_006118,train,train/base_006118.npz,45,False,
base_006119,train,train/base_006119.npz,85,False,
base_006120,train,train/base_006120.npz,116,False,
base_006121,train,train/base_006121.npz,91,False,
base_006122,train,train/base_006122.npz,92,False,
base_006123,train,train/base_006123.npz,232,False,
base_006124,train,train/base_006124.npz,216,False,
base_006125,train,train/base_006125.npz,149,False,
base_006126,train,train/base_006126.npz,116,False,
base_006127,train,train/base_006127.npz,138,False,
base_006128,train,train/base_006128.npz,85,False,
base_006129,train,train/base_006129.npz,232,False,
base_006130,train,train/base_006130.npz,261,False,
base_006131,train,train/base_006131.npz,120,False,
base_006132,train,train/base_006132.npz,63,False,
base_006133,train,train/base_006133.npz,149,False,
base_006134,train,train/base_006134.npz,116,False,
base_006135,train,train/base_006135.npz,92,False,
base_006136,train,train/base_006136.npz,63,False,
base_006137,train,train/base_006137.npz,320,False,
base_006138,train,train/base_006138.npz,175,False,
base_006139,train,train/base_006139.npz,92,False,
base_006140,train,train/base_006140.npz,60,False,
base_006141,train,train/base_006141.npz,173,False,
base_006142,train,train/base_006142.npz,173,False,
base_006143,train,train/base_006143.npz,40,False,
base_006144,train,train/base_006144.npz,160,False,
base_006145,train,train/base_006145.npz,85,False,
base_006146,train,train/base_006146.npz,320,False,
base_006147,train,train/base_006147.npz,121,False,
base_006148,train,train/base_006148.npz,59,False,
base_006149,train,train/base_006149.npz,92,False,
base_006150,train,train/base_006150.npz,416,False,
base_006151,train,train/base_006151.npz,474,False,
base_006152,train,train/base_006152.npz,259,False,
base_006153,train,train/base_006153.npz,60,False,
base_006154,train,train/base_006154.npz,461,False,
base_006155,train,train/base_006155.npz,175,False,
base_006156,train,train/base_006156.npz,109,False,
base_006157,train,train/base_006157.npz,109,False,
base_006158,train,train/base_006158.npz,477,False,
base_006159,train,train/base_006159.npz,232,False,
base_006160,train,train/base_006160.npz,320,False,
base_006161,train,train/base_006161.npz,149,False,
base_006162,train,train/base_006162.npz,368,False,
base_006163,train,train/base_006163.npz,85,False,
base_006164,train,train/base_006164.npz,91,False,
base_006165,train,train/base_006165.npz,183,False,
base_006166,train,train/base_006166.npz,216,False,
base_006167,train,train/base_006167.npz,160,False,
base_006168,train,train/base_006168.npz,262,False,
base_006169,train,train/base_006169.npz,471,False,
base_006170,train,train/base_006170.npz,461,False,
base_006171,train,train/base_006171.npz,60,False,
base_006172,train,train/base_006172.npz,320,False,
base_006173,train,train/base_006173.npz,138,False,
base_006174,train,train/base_006174.npz,60,False,
base_006175,train,train/base_006175.npz,473,False,
base_006176,train,train/base_006176.npz,91,False,
base_006177,train,train/base_006177.npz,320,False,
base_006178,train,train/base_006178.npz,63,False,
base_006179,train,train/base_006179.npz,276,False,
base_006180,train,train/base_006180.npz,85,False,
base_006181,train,train/base_006181.npz,276,False,
base_006182,train,train/base_006182.npz,121,False,
base_006183,train,train/base_006183.npz,85,False,
base_006184,train,train/base_006184.npz,85,False,
base_006185,train,train/base_006185.npz,91,False,
base_006186,train,train/base_006186.npz,116,False,
base_006187,train,train/base_006187.npz,182,False,
base_006188,train,train/base_006188.npz,182,False,
base_006189,train,train/base_006189.npz,60,False,
base_006190,train,train/base_006190.npz,92,False,
base_006191,train,train/base_006191.npz,160,False,
base_006192,train,train/base_006192.npz,490,False,
base_006193,train,train/base_006193.npz,116,False,
base_006194,train,train/base_006194.npz,116,False,
base_006195,train,train/base_006195.npz,85,False,
base_006196,train,train/base_006196.npz,85,False,
base_006197,train,train/base_006197.npz,63,False,
base_006198,train,train/base_006198.npz,180,False,
base_006199,train,train/base_006199.npz,40,False,
base_006200,train,train/base_006200.npz,60,False,
base_006201,train,train/base_006201.npz,421,False,
base_006202,train,train/base_006202.npz,120,False,
base_006203,train,train/base_006203.npz,40,False,
base_006204,train,train/base_006204.npz,63,False,
base_006205,train,train/base_006205.npz,182,False,
base_006206,train,train/base_006206.npz,85,False,
base_006207,train,train/base_006207.npz,177,False,
base_006208,train,train/base_006208.npz,262,False,
base_006209,train,train/base_006209.npz,45,False,
base_006210,train,train/base_006210.npz,92,False,
base_006211,train,train/base_006211.npz,276,False,
base_006212,train,train/base_006212.npz,182,False,
base_006213,train,train/base_006213.npz,41,False,
base_006214,train,train/base_006214.npz,60,False,
base_006215,train,train/base_006215.npz,63,False,
base_006216,train,train/base_006216.npz,121,False,
base_006217,train,train/base_006217.npz,85,False,
base_006218,train,train/base_006218.npz,177,False,
base_006219,train,train/base_006219.npz,276,False,
base_006220,train,train/base_006220.npz,255,False,
base_006221,train,train/base_006221.npz,41,False,
base_006222,train,train/base_006222.npz,367,False,
base_006223,train,train/base_006223.npz,158,False,
base_006224,train,train/base_006224.npz,120,False,
base_006225,train,train/base_006225.npz,149,False,
base_006226,train,train/base_006226.npz,471,False,
base_006227,train,train/base_006227.npz,276,False,
base_006228,train,train/base_006228.npz,62,False,
base_006229,train,train/base_006229.npz,138,False,
base_006230,train,train/base_006230.npz,180,False,
base_006231,train,train/base_006231.npz,180,False,
base_006232,train,train/base_006232.npz,232,False,
base_006233,train,train/base_006233.npz,121,False,
base_006234,train,train/base_006234.npz,432,False,
base_006235,train,train/base_006235.npz,359,False,
base_006236,train,train/base_006236.npz,116,False,
base_006237,train,train/base_006237.npz,120,False,
base_006238,train,train/base_006238.npz,476,False,
base_006239,train,train/base_006239.npz,216,False,
base_006240,train,train/base_006240.npz,85,False,
base_006241,train,train/base_006241.npz,460,False,
base_006242,train,train/base_006242.npz,68,False,
base_006243,train,train/base_006243.npz,180,False,
base_006244,train,train/base_006244.npz,418,False,
base_006245,train,train/base_006245.npz,85,False,
base_006246,train,train/base_006246.npz,416,False,
base_006247,train,train/base_006247.npz,304,False,
base_006248,train,train/base_006248.npz,304,False,
base_006249,train,train/base_006249.npz,41,False,
base_006250,train,train/base_006250.npz,63,False,
base_006251,train,train/base_006251.npz,216,False,
base_006252,train,train/base_006252.npz,320,False,
base_006253,train,train/base_006253.npz,183,False,
base_006254,train,train/base_006254.npz,91,False,
base_006255,train,train/base_006255.npz,120,False,
base_006256,train,train/base_006256.npz,91,False,
base_006257,train,train/base_006257.npz,332,False,
base_006258,train,train/base_006258.npz,41,False,
base_006259,train,train/base_006259.npz,232,False,
base_006260,train,train/base_006260.npz,85,False,
base_006261,train,train/base_006261.npz,181,False,
base_006262,train,train/base_006262.npz,160,False,
base_006263,train,train/base_006263.npz,366,False,
base_006264,train,train/base_006264.npz,150,False,
base_006265,train,train/base_006265.npz,275,False,
base_006266,train,train/base_006266.npz,63,False,
base_006267,train,train/base_006267.npz,91,False,
base_006268,train,train/base_006268.npz,304,False,
base_006269,train,train/base_006269.npz,92,False,
base_006270,train,train/base_006270.npz,432,False,
base_006271,train,train/base_006271.npz,118,False,
base_006272,train,train/base_006272.npz,176,False,
base_006273,train,train/base_006273.npz,320,False,
base_006274,train,train/base_006274.npz,320,False,
base_006275,train,train/base_006275.npz,121,False,
base_006276,train,train/base_006276.npz,59,False,
base_006277,train,train/base_006277.npz,432,False,
base_006278,train,train/base_006278.npz,64,False,
base_006279,train,train/base_006279.npz,45,False,
base_006280,train,train/base_006280.npz,45,False,
base_006281,train,train/base_006281.npz,63,False,
base_006282,train,train/base_006282.npz,149,False,
base_006283,train,train/base_006283.npz,150,False,
base_006284,train,train/base_006284.npz,356,False,
base_006285,train,train/base_006285.npz,150,False,
base_006286,train,train/base_006286.npz,304,False,
base_006287,train,train/base_006287.npz,305,False,
base_006288,train,train/base_006288.npz,260,False,
base_006289,train,train/base_006289.npz,193,False,
base_006290,train,train/base_006290.npz,332,False,
base_006291,train,train/base_006291.npz,416,False,
base_006292,train,train/base_006292.npz,216,False,
base_006293,train,train/base_006293.npz,471,False,
base_006294,train,train/base_006294.npz,216,False,
base_006295,train,train/base_006295.npz,150,False,
base_006296,train,train/base_006296.npz,68,False,
base_006297,train,train/base_006297.npz,261,False,
base_006298,train,train/base_006298.npz,359,False,
base_006299,train,train/base_006299.npz,121,False,
base_006300,train,train/base_006300.npz,232,False,
base_006301,train,train/base_006301.npz,460,False,
base_006302,train,train/base_006302.npz,41,False,
base_006303,train,train/base_006303.npz,180,False,
base_006304,train,train/base_006304.npz,60,False,
base_006305,train,train/base_006305.npz,92,False,
base_006306,train,train/base_006306.npz,116,False,
base_006307,train,train/base_006307.npz,63,False,
base_006308,train,train/base_006308.npz,158,False,
base_006309,train,train/base_006309.npz,85,False,
base_006310,train,train/base_006310.npz,182,False,
base_006311,train,train/base_006311.npz,149,False,
base_006312,train,train/base_006312.npz,176,False,
base_006313,train,train/base_006313.npz,92,False,
base_006314,train,train/base_006314.npz,40,False,
base_006315,train,train/base_006315.npz,149,False,
base_006316,train,train/base_006316.npz,91,False,
base_006317,train,train/base_006317.npz,183,False,
base_006318,train,train/base_006318.npz,121,False,
base_006319,train,train/base_006319.npz,262,False,
base_006320,train,train/base_006320.npz,368,False,
base_006321,train,train/base_006321.npz,150,False,
base_006322,train,train/base_006322.npz,91,False,
base_006323,train,train/base_006323.npz,318,False,
base_006324,train,train/base_006324.npz,64,False,
base_006325,train,train/base_006325.npz,41,False,
base_006326,train,train/base_006326.npz,432,False,
base_006327,train,train/base_006327.npz,85,False,
base_006328,train,train/base_006328.npz,85,False,
base_006329,train,train/base_006329.npz,45,False,
base_006330,train,train/base_006330.npz,91,False,
base_006331,train,train/base_006331.npz,62,False,
base_006332,train,train/base_006332.npz,232,False,
base_006333,train,train/base_006333.npz,368,False,
base_006334,train,train/base_006334.npz,193,False,
base_006335,train,train/base_006335.npz,63,False,
base_006336,train,train/base_006336.npz,109,False,
base_006337,train,train/base_006337.npz,175,False,
base_006338,train,train/base_006338.npz,260,False,
base_006339,train,train/base_006339.npz,85,False,
base_006340,train,train/base_006340.npz,490,False,
base_006341,train,train/base_006341.npz,116,False,
base_006342,train,train/base_006342.npz,116,False,
base_006343,train,train/base_006343.npz,118,False,
base_006344,train,train/base_006344.npz,63,False,
base_006345,train,train/base_006345.npz,116,False,
base_006346,train,train/base_006346.npz,150,False,
base_006347,train,train/base_006347.npz,120,False,
base_006348,train,train/base_006348.npz,68,False,
base_006349,train,train/base_006349.npz,416,False,
base_006350,train,train/base_006350.npz,421,False,
base_006351,train,train/base_006351.npz,432,False,
base_006352,train,train/base_006352.npz,40,False,
base_006353,train,train/base_006353.npz,85,False,
base_006354,train,train/base_006354.npz,62,False,
base_006355,train,train/base_006355.npz,432,False,
base_006356,train,train/base_006356.npz,476,False,
base_006357,train,train/base_006357.npz,232,False,
base_006358,train,train/base_006358.npz,304,False,
base_006359,train,train/base_006359.npz,91,False,
base_006360,train,train/base_006360.npz,320,False,
base_006361,train,train/base_006361.npz,332,False,
base_006362,train,train/base_006362.npz,63,False,
base_006363,train,train/base_006363.npz,120,False,
base_006364,train,train/base_006364.npz,262,False,
base_006365,train,train/base_006365.npz,85,False,
base_006366,train,train/base_006366.npz,232,False,
base_006367,train,train/base_006367.npz,177,False,
base_006368,train,train/base_006368.npz,91,False,
base_006369,train,train/base_006369.npz,149,False,
base_006370,train,train/base_006370.npz,416,False,
base_006371,train,train/base_006371.npz,60,False,
base_006372,train,train/base_006372.npz,490,False,
base_006373,train,train/base_006373.npz,232,False,
base_006374,train,train/base_006374.npz,63,False,
base_006375,train,train/base_006375.npz,64,False,
base_006376,train,train/base_006376.npz,418,False,
base_006377,train,train/base_006377.npz,149,False,
base_006378,train,train/base_006378.npz,116,False,
base_006379,train,train/base_006379.npz,182,False,
base_006380,train,train/base_006380.npz,276,False,
base_006381,train,train/base_006381.npz,477,False,
base_006382,train,train/base_006382.npz,45,False,
base_006383,train,train/base_006383.npz,116,False,
base_006384,train,train/base_006384.npz,60,False,
base_006385,train,train/base_006385.npz,232,False,
base_006386,train,train/base_006386.npz,216,False,
base_006387,train,train/base_006387.npz,461,False,
base_006388,train,train/base_006388.npz,109,False,
base_006389,train,train/base_006389.npz,64,False,
base_006390,train,train/base_006390.npz,59,False,
base_006391,train,train/base_006391.npz,120,False,
base_006392,train,train/base_006392.npz,460,False,
base_006393,train,train/base_006393.npz,320,False,
base_006394,train,train/base_006394.npz,85,False,
base_006395,train,train/base_006395.npz,421,False,
base_006396,train,train/base_006396.npz,261,False,
base_006397,train,train/base_006397.npz,368,False,
base_006398,train,train/base_006398.npz,85,False,
base_006399,train,train/base_006399.npz,121,False,
base_006400,train,train/base_006400.npz,118,False,
base_006401,train,train/base_006401.npz,116,False,
base_006402,train,train/base_006402.npz,177,False,
base_006403,train,train/base_006403.npz,320,False,
base_006404,train,train/base_006404.npz,183,False,
base_006405,train,train/base_006405.npz,401,False,
base_006406,train,train/base_006406.npz,138,False,
base_006407,train,train/base_006407.npz,368,False,
base_006408,train,train/base_006408.npz,433,False,
base_006409,train,train/base_006409.npz,318,False,
base_006410,train,train/base_006410.npz,41,False,
base_006411,train,train/base_006411.npz,175,False,
base_006412,train,train/base_006412.npz,138,False,
base_006413,train,train/base_006413.npz,118,False,
base_006414,train,train/base_006414.npz,160,False,
base_006415,train,train/base_006415.npz,232,False,
base_006416,train,train/base_006416.npz,41,False,
base_006417,train,train/base_006417.npz,85,False,
base_006418,train,train/base_006418.npz,216,False,
base_006419,train,train/base_006419.npz,121,False,
base_006420,train,train/base_006420.npz,91,False,
base_006421,train,train/base_006421.npz,150,False,
base_006422,train,train/base_006422.npz,160,False,
base_006423,train,train/base_006423.npz,320,False,
base_006424,train,train/base_006424.npz,477,False,
base_006425,train,train/base_006425.npz,91,False,
base_006426,train,train/base_006426.npz,318,False,
base_006427,train,train/base_006427.npz,149,False,
base_006428,train,train/base_006428.npz,461,False,
base_006429,train,train/base_006429.npz,158,False,
base_006430,train,train/base_006430.npz,63,False,
base_006431,train,train/base_006431.npz,60,False,
base_006432,train,train/base_006432.npz,433,False,
base_006433,train,train/base_006433.npz,60,False,
base_006434,train,train/base_006434.npz,476,False,
base_006435,train,train/base_006435.npz,149,False,
base_006436,train,train/base_006436.npz,138,False,
base_006437,train,train/base_006437.npz,109,False,
base_006438,train,train/base_006438.npz,477,False,
base_006439,train,train/base_006439.npz,120,False,
base_006440,train,train/base_006440.npz,417,False,
base_006441,train,train/base_006441.npz,476,False,
base_006442,train,train/base_006442.npz,91,False,
base_006443,train,train/base_006443.npz,85,False,
base_006444,train,train/base_006444.npz,261,False,
base_006445,train,train/base_006445.npz,45,False,
base_006446,train,train/base_006446.npz,116,False,
base_006447,train,train/base_006447.npz,121,False,
base_006448,train,train/base_006448.npz,60,False,
base_006449,train,train/base_006449.npz,150,False,
base_006450,train,train/base_006450.npz,232,False,
base_006451,train,train/base_006451.npz,121,False,
base_006452,train,train/base_006452.npz,40,False,
base_006453,train,train/base_006453.npz,255,False,
base_006454,train,train/base_006454.npz,116,False,
base_006455,train,train/base_006455.npz,359,False,
base_006456,train,train/base_006456.npz,41,False,
base_006457,train,train/base_006457.npz,356,False,
base_006458,train,train/base_006458.npz,320,False,
base_006459,train,train/base_006459.npz,63,False,
base_006460,train,train/base_006460.npz,490,False,
base_006461,train,train/base_006461.npz,85,False,
base_006462,train,train/base_006462.npz,418,False,
base_006463,train,train/base_006463.npz,138,False,
base_006464,train,train/base_006464.npz,150,False,
base_006465,train,train/base_006465.npz,120,False,
base_006466,train,train/base_006466.npz,91,False,
base_006467,train,train/base_006467.npz,260,False,
base_006468,train,train/base_006468.npz,85,False,
base_006469,train,train/base_006469.npz,160,False,
base_006470,train,train/base_006470.npz,432,False,
base_006471,train,train/base_006471.npz,85,False,
base_006472,train,train/base_006472.npz,216,False,
base_006473,train,train/base_006473.npz,332,False,
base_006474,train,train/base_006474.npz,85,False,
base_006475,train,train/base_006475.npz,150,False,
base_006476,train,train/base_006476.npz,368,False,
base_006477,train,train/base_006477.npz,91,False,
base_006478,train,train/base_006478.npz,138,False,
base_006479,train,train/base_006479.npz,150,False,
base_006480,train,train/base_006480.npz,232,False,
base_006481,train,train/base_006481.npz,64,False,
base_006482,train,train/base_006482.npz,320,False,
base_006483,train,train/base_006483.npz,60,False,
base_006484,train,train/base_006484.npz,150,False,
base_006485,train,train/base_006485.npz,149,False,
base_006486,train,train/base_006486.npz,45,False,
base_006487,train,train/base_006487.npz,91,False,
base_006488,train,train/base_006488.npz,59,False,
base_006489,train,train/base_006489.npz,59,False,
base_006490,train,train/base_006490.npz,116,False,
base_006491,train,train/base_006491.npz,63,False,
base_006492,train,train/base_006492.npz,41,False,
base_006493,train,train/base_006493.npz,216,False,
base_006494,train,train/base_006494.npz,216,False,
base_006495,train,train/base_006495.npz,41,False,
base_006496,train,train/base_006496.npz,261,False,
base_006497,train,train/base_006497.npz,60,False,
base_006498,train,train/base_006498.npz,45,False,
base_006499,train,train/base_006499.npz,85,False,
base_006500,train,train/base_006500.npz,41,False,
base_006501,train,train/base_006501.npz,85,False,
base_006502,train,train/base_006502.npz,116,False,
base_006503,train,train/base_006503.npz,432,False,
base_006504,train,train/base_006504.npz,432,False,
base_006505,train,train/base_006505.npz,415,False,
base_006506,train,train/base_006506.npz,45,False,
base_006507,train,train/base_006507.npz,60,False,
base_006508,train,train/base_006508.npz,63,False,
base_006509,train,train/base_006509.npz,320,False,
base_006510,train,train/base_006510.npz,118,False,
base_006511,train,train/base_006511.npz,175,False,
base_006512,train,train/base_006512.npz,118,False,
base_006513,train,train/base_006513.npz,304,False,
base_006514,train,train/base_006514.npz,232,False,
base_006515,train,train/base_006515.npz,92,False,
base_006516,train,train/base_006516.npz,45,False,
base_006517,train,train/base_006517.npz,477,False,
base_006518,train,train/base_006518.npz,262,False,
base_006519,train,train/base_006519.npz,149,False,
base_006520,train,train/base_006520.npz,332,False,
base_006521,train,train/base_006521.npz,173,False,
base_006522,train,train/base_006522.npz,182,False,
base_006523,train,train/base_006523.npz,60,False,
base_006524,train,train/base_006524.npz,332,False,
base_006525,train,train/base_006525.npz,40,False,
base_006526,train,train/base_006526.npz,181,False,
base_006527,train,train/base_006527.npz,490,False,
base_006528,train,train/base_006528.npz,149,False,
base_006529,train,train/base_006529.npz,216,False,
base_006530,train,train/base_006530.npz,41,False,
base_006531,train,train/base_006531.npz,63,False,
base_006532,train,train/base_006532.npz,232,False,
base_006533,train,train/base_006533.npz,138,False,
base_006534,train,train/base_006534.npz,216,False,
base_006535,train,train/base_006535.npz,183,False,
base_006536,train,train/base_006536.npz,216,False,
base_006537,train,train/base_006537.npz,120,False,
base_006538,train,train/base_006538.npz,91,False,
base_006539,train,train/base_006539.npz,85,False,
base_006540,train,train/base_006540.npz,432,False,
base_006541,train,train/base_006541.npz,116,False,
base_006542,train,train/base_006542.npz,45,False,
base_006543,train,train/base_006543.npz,416,False,
base_006544,train,train/base_006544.npz,116,False,
base_006545,train,train/base_006545.npz,255,False,
base_006546,train,train/base_006546.npz,359,False,
base_006547,train,train/base_006547.npz,319,False,
base_006548,train,train/base_006548.npz,118,False,
base_006549,train,train/base_006549.npz,259,False,
base_006550,train,train/base_006550.npz,216,False,
base_006551,train,train/base_006551.npz,461,False,
base_006552,train,train/base_006552.npz,45,False,
base_006553,train,train/base_006553.npz,366,False,
base_006554,train,train/base_006554.npz,415,False,
base_006555,train,train/base_006555.npz,368,False,
base_006556,train,train/base_006556.npz,138,False,
base_006557,train,train/base_006557.npz,60,False,
base_006558,train,train/base_006558.npz,92,False,
base_006559,train,train/base_006559.npz,150,False,
base_006560,train,train/base_006560.npz,158,False,
base_006561,train,train/base_006561.npz,415,False,
base_006562,train,train/base_006562.npz,276,False,
base_006563,train,train/base_006563.npz,180,False,
base_006564,train,train/base_006564.npz,255,False,
base_006565,train,train/base_006565.npz,304,False,
base_006566,train,train/base_006566.npz,63,False,
base_006567,train,train/base_006567.npz,232,False,
base_006568,train,train/base_006568.npz,62,False,
base_006569,train,train/base_006569.npz,255,False,
base_006570,train,train/base_006570.npz,304,False,
base_006571,train,train/base_006571.npz,91,False,
base_006572,train,train/base_006572.npz,63,False,
base_006573,train,train/base_006573.npz,45,False,
base_006574,train,train/base_006574.npz,332,False,
base_006575,train,train/base_006575.npz,68,False,
base_006576,train,train/base_006576.npz,490,False,
base_006577,train,train/base_006577.npz,40,False,
base_006578,train,train/base_006578.npz,149,False,
base_006579,train,train/base_006579.npz,63,False,
base_006580,train,train/base_006580.npz,60,False,
base_006581,train,train/base_006581.npz,64,False,
base_006582,train,train/base_006582.npz,91,False,
base_006583,train,train/base_006583.npz,91,False,
base_006584,train,train/base_006584.npz,116,False,
base_006585,train,train/base_006585.npz,320,False,
base_006586,train,train/base_006586.npz,60,False,
base_006587,train,train/base_006587.npz,63,False,
base_006588,train,train/base_006588.npz,64,False,
base_006589,train,train/base_006589.npz,476,False,
base_006590,train,train/base_006590.npz,332,False,
base_006591,train,train/base_006591.npz,182,False,
base_006592,train,train/base_006592.npz,45,False,
base_006593,train,train/base_006593.npz,63,False,
base_006594,train,train/base_006594.npz,91,False,
base_006595,train,train/base_006595.npz,262,False,
base_006596,train,train/base_006596.npz,45,False,
base_006597,train,train/base_006597.npz,368,False,
base_006598,train,train/base_006598.npz,416,False,
base_006599,train,train/base_006599.npz,92,False,
base_006600,train,train/base_006600.npz,182,False,
base_006601,train,train/base_006601.npz,91,False,
base_006602,train,train/base_006602.npz,63,False,
base_006603,train,train/base_006603.npz,41,False,
base_006604,train,train/base_006604.npz,121,False,
base_006605,train,train/base_006605.npz,41,False,
base_006606,train,train/base_006606.npz,60,False,
base_006607,train,train/base_006607.npz,40,False,
base_006608,train,train/base_006608.npz,158,False,
base_006609,train,train/base_006609.npz,40,False,
base_006610,train,train/base_006610.npz,320,False,
base_006611,train,train/base_006611.npz,332,False,
base_006612,train,train/base_006612.npz,359,False,
base_006613,train,train/base_006613.npz,416,False,
base_006614,train,train/base_006614.npz,121,False,
base_006615,train,train/base_006615.npz,121,False,
base_006616,train,train/base_006616.npz,332,False,
base_006617,train,train/base_006617.npz,150,False,
base_006618,train,train/base_006618.npz,109,False,
base_006619,train,train/base_006619.npz,180,False,
base_006620,train,train/base_006620.npz,177,False,
base_006621,train,train/base_006621.npz,120,False,
base_006622,train,train/base_006622.npz,92,False,
base_006623,train,train/base_006623.npz,118,False,
base_006624,train,train/base_006624.npz,332,False,
base_006625,train,train/base_006625.npz,418,False,
base_006626,train,train/base_006626.npz,232,False,
base_006627,train,train/base_006627.npz,85,False,
base_006628,train,train/base_006628.npz,173,False,
base_006629,train,train/base_006629.npz,320,False,
base_006630,train,train/base_006630.npz,216,False,
base_006631,train,train/base_006631.npz,182,False,
base_006632,train,train/base_006632.npz,91,False,
base_006633,train,train/base_006633.npz,232,False,
base_006634,train,train/base_006634.npz,62,False,
base_006635,train,train/base_006635.npz,59,False,
base_006636,train,train/base_006636.npz,216,False,
base_006637,train,train/base_006637.npz,421,False,
base_006638,train,train/base_006638.npz,320,False,
base_006639,train,train/base_006639.npz,232,False,
base_006640,train,train/base_006640.npz,275,False,
base_006641,train,train/base_006641.npz,121,False,
base_006642,train,train/base_006642.npz,216,False,
base_006643,train,train/base_006643.npz,85,False,
base_006644,train,train/base_006644.npz,261,False,
base_006645,train,train/base_006645.npz,41,False,
base_006646,train,train/base_006646.npz,121,False,
base_006647,train,train/base_006647.npz,85,False,
base_006648,train,train/base_006648.npz,60,False,
base_006649,train,train/base_006649.npz,158,False,
base_006650,train,train/base_006650.npz,368,False,
base_006651,train,train/base_006651.npz,45,False,
base_006652,train,train/base_006652.npz,232,False,
base_006653,train,train/base_006653.npz,320,False,
base_006654,train,train/base_006654.npz,118,False,
base_006655,train,train/base_006655.npz,109,False,
base_006656,train,train/base_006656.npz,85,False,
base_006657,train,train/base_006657.npz,216,False,
base_006658,train,train/base_006658.npz,40,False,
base_006659,train,train/base_006659.npz,175,False,
base_006660,train,train/base_006660.npz,63,False,
base_006661,train,train/base_006661.npz,59,False,
base_006662,train,train/base_006662.npz,109,False,
base_006663,train,train/base_006663.npz,304,False,
base_006664,train,train/base_006664.npz,177,False,
base_006665,train,train/base_006665.npz,232,False,
base_006666,train,train/base_006666.npz,432,False,
base_006667,train,train/base_006667.npz,421,False,
base_006668,train,train/base_006668.npz,174,False,
base_006669,train,train/base_006669.npz,92,False,
base_006670,train,train/base_006670.npz,120,False,
base_006671,train,train/base_006671.npz,418,False,
base_006672,train,train/base_006672.npz,41,False,
base_006673,train,train/base_006673.npz,460,False,
base_006674,train,train/base_006674.npz,275,False,
base_006675,train,train/base_006675.npz,91,False,
base_006676,train,train/base_006676.npz,63,False,
base_006677,train,train/base_006677.npz,216,False,
base_006678,train,train/base_006678.npz,158,False,
base_006679,train,train/base_006679.npz,64,False,
base_006680,train,train/base_006680.npz,232,False,
base_006681,train,train/base_006681.npz,85,False,
base_006682,train,train/base_006682.npz,92,False,
base_006683,train,train/base_006683.npz,490,False,
base_006684,train,train/base_006684.npz,262,False,
base_006685,train,train/base_006685.npz,85,False,
base_006686,train,train/base_006686.npz,64,False,
base_006687,train,train/base_006687.npz,490,False,
base_006688,train,train/base_006688.npz,320,False,
base_006689,train,train/base_006689.npz,177,False,
base_006690,train,train/base_006690.npz,320,False,
base_006691,train,train/base_006691.npz,68,False,
base_006692,train,train/base_006692.npz,259,False,
base_006693,train,train/base_006693.npz,60,False,
base_006694,train,train/base_006694.npz,138,False,
base_006695,train,train/base_006695.npz,150,False,
base_006696,train,train/base_006696.npz,320,False,
base_006697,train,train/base_006697.npz,477,False,
base_006698,train,train/base_006698.npz,320,False,
base_006699,train,train/base_006699.npz,92,False,
base_006700,train,train/base_006700.npz,40,False,
base_006701,train,train/base_006701.npz,41,False,
base_006702,train,train/base_006702.npz,85,False,
base_006703,train,train/base_006703.npz,138,False,
base_006704,train,train/base_006704.npz,259,False,
base_006705,train,train/base_006705.npz,85,False,
base_006706,train,train/base_006706.npz,183,False,
base_006707,train,train/base_006707.npz,173,False,
base_006708,train,train/base_006708.npz,116,False,
base_006709,train,train/base_006709.npz,232,False,
base_006710,train,train/base_006710.npz,175,False,
base_006711,train,train/base_006711.npz,477,False,
base_006712,train,train/base_006712.npz,62,False,
base_006713,train,train/base_006713.npz,158,False,
base_006714,train,train/base_006714.npz,150,False,
base_006715,train,train/base_006715.npz,417,False,
base_006716,train,train/base_006716.npz,182,False,
base_006717,train,train/base_006717.npz,121,False,
base_006718,train,train/base_006718.npz,138,False,
base_006719,train,train/base_006719.npz,181,False,
base_006720,train,train/base_006720.npz,320,False,
base_006721,train,train/base_006721.npz,91,False,
base_006722,train,train/base_006722.npz,41,False,
base_006723,train,train/base_006723.npz,368,False,
base_006724,train,train/base_006724.npz,275,False,
base_006725,train,train/base_006725.npz,180,False,
base_006726,train,train/base_006726.npz,276,False,
base_006727,train,train/base_006727.npz,138,False,
base_006728,train,train/base_006728.npz,91,False,
base_006729,train,train/base_006729.npz,320,False,
base_006730,train,train/base_006730.npz,174,False,
base_006731,train,train/base_006731.npz,416,False,
base_006732,train,train/base_006732.npz,175,False,
base_006733,train,train/base_006733.npz,275,False,
base_006734,train,train/base_006734.npz,173,False,
base_006735,train,train/base_006735.npz,92,False,
base_006736,train,train/base_006736.npz,85,False,
base_006737,train,train/base_006737.npz,138,False,
base_006738,train,train/base_006738.npz,160,False,
base_006739,train,train/base_006739.npz,63,False,
base_006740,train,train/base_006740.npz,255,False,
base_006741,train,train/base_006741.npz,216,False,
base_006742,train,train/base_006742.npz,45,False,
base_006743,train,train/base_006743.npz,45,False,
base_006744,train,train/base_006744.npz,232,False,
base_006745,train,train/base_006745.npz,64,False,
base_006746,train,train/base_006746.npz,476,False,
base_006747,train,train/base_006747.npz,359,False,
base_006748,train,train/base_006748.npz,63,False,
base_006749,train,train/base_006749.npz,182,False,
base_006750,train,train/base_006750.npz,359,False,
base_006751,train,train/base_006751.npz,40,False,
base_006752,train,train/base_006752.npz,45,False,
base_006753,train,train/base_006753.npz,138,False,
base_006754,train,train/base_006754.npz,216,False,
base_006755,train,train/base_006755.npz,415,False,
base_006756,train,train/base_006756.npz,85,False,
base_006757,train,train/base_006757.npz,276,False,
base_006758,train,train/base_006758.npz,41,False,
base_006759,train,train/base_006759.npz,261,False,
base_006760,train,train/base_006760.npz,109,False,
base_006761,train,train/base_006761.npz,121,False,
base_006762,train,train/base_006762.npz,59,False,
base_006763,train,train/base_006763.npz,182,False,
base_006764,train,train/base_006764.npz,367,False,
base_006765,train,train/base_006765.npz,63,False,
base_006766,train,train/base_006766.npz,121,False,
base_006767,train,train/base_006767.npz,63,False,
base_006768,train,train/base_006768.npz,150,False,
base_006769,train,train/base_006769.npz,40,False,
base_006770,train,train/base_006770.npz,255,False,
base_006771,train,train/base_006771.npz,490,False,
base_006772,train,train/base_006772.npz,45,False,
base_006773,train,train/base_006773.npz,332,False,
base_006774,train,train/base_006774.npz,121,False,
base_006775,train,train/base_006775.npz,63,False,
base_006776,train,train/base_006776.npz,262,False,
base_006777,train,train/base_006777.npz,216,False,
base_006778,train,train/base_006778.npz,91,False,
base_006779,train,train/base_006779.npz,216,False,
base_006780,train,train/base_006780.npz,41,False,
base_006781,train,train/base_006781.npz,85,False,
base_006782,train,train/base_006782.npz,41,False,
base_006783,train,train/base_006783.npz,216,False,
base_006784,train,train/base_006784.npz,116,False,
base_006785,train,train/base_006785.npz,150,False,
base_006786,train,train/base_006786.npz,359,False,
base_006787,train,train/base_006787.npz,41,False,
base_006788,train,train/base_006788.npz,64,False,
base_006789,train,train/base_006789.npz,120,False,
base_006790,train,train/base_006790.npz,477,False,
base_006791,train,train/base_006791.npz,91,False,
base_006792,train,train/base_006792.npz,320,False,
base_006793,train,train/base_006793.npz,150,False,
base_006794,train,train/base_006794.npz,175,False,
base_006795,train,train/base_006795.npz,40,False,
base_006796,train,train/base_006796.npz,232,False,
base_006797,train,train/base_006797.npz,180,False,
base_006798,train,train/base_006798.npz,62,False,
base_006799,train,train/base_006799.npz,109,False,
base_006800,train,train/base_006800.npz,471,False,
base_006801,train,train/base_006801.npz,85,False,
base_006802,train,train/base_006802.npz,216,False,
base_006803,train,train/base_006803.npz,368,False,
base_006804,train,train/base_006804.npz,261,False,
base_006805,train,train/base_006805.npz,332,False,
base_006806,train,train/base_006806.npz,432,False,
base_006807,train,train/base_006807.npz,232,False,
base_006808,train,train/base_006808.npz,116,False,
base_006809,train,train/base_006809.npz,304,False,
base_006810,train,train/base_006810.npz,121,False,
base_006811,train,train/base_006811.npz,173,False,
base_006812,train,train/base_006812.npz,45,False,
base_006813,train,train/base_006813.npz,85,False,
base_006814,train,train/base_006814.npz,304,False,
base_006815,train,train/base_006815.npz,477,False,
base_006816,train,train/base_006816.npz,150,False,
base_006817,train,train/base_006817.npz,92,False,
base_006818,train,train/base_006818.npz,366,False,
base_006819,train,train/base_006819.npz,320,False,
base_006820,train,train/base_006820.npz,109,False,
base_006821,train,train/base_006821.npz,63,False,
base_006822,train,train/base_006822.npz,138,False,
base_006823,train,train/base_006823.npz,320,False,
base_006824,train,train/base_006824.npz,232,False,
base_006825,train,train/base_006825.npz,182,False,
base_006826,train,train/base_006826.npz,262,False,
base_006827,train,train/base_006827.npz,150,False,
base_006828,train,train/base_006828.npz,64,False,
base_006829,train,train/base_006829.npz,276,False,
base_006830,train,train/base_006830.npz,120,False,
base_006831,train,train/base_006831.npz,304,False,
base_006832,train,train/base_006832.npz,232,False,
base_006833,train,train/base_006833.npz,120,False,
base_006834,train,train/base_006834.npz,366,False,
base_006835,train,train/base_006835.npz,85,False,
base_006836,train,train/base_006836.npz,41,False,
base_006837,train,train/base_006837.npz,320,False,
base_006838,train,train/base_006838.npz,40,False,
base_006839,train,train/base_006839.npz,91,False,
base_006840,train,train/base_006840.npz,41,False,
base_006841,train,train/base_006841.npz,91,False,
base_006842,train,train/base_006842.npz,40,False,
base_006843,train,train/base_006843.npz,85,False,
base_006844,train,train/base_006844.npz,366,False,
base_006845,train,train/base_006845.npz,85,False,
base_006846,train,train/base_006846.npz,45,False,
base_006847,train,train/base_006847.npz,432,False,
base_006848,train,train/base_006848.npz,232,False,
base_006849,train,train/base_006849.npz,121,False,
base_006850,train,train/base_006850.npz,262,False,
base_006851,train,train/base_006851.npz,262,False,
base_006852,train,train/base_006852.npz,85,False,
base_006853,train,train/base_006853.npz,262,False,
base_006854,train,train/base_006854.npz,477,False,
base_006855,train,train/base_006855.npz,138,False,
base_006856,train,train/base_006856.npz,255,False,
base_006857,train,train/base_006857.npz,63,False,
base_006858,train,train/base_006858.npz,109,False,
base_006859,train,train/base_006859.npz,92,False,
base_006860,train,train/base_006860.npz,366,False,
base_006861,train,train/base_006861.npz,183,False,
base_006862,train,train/base_006862.npz,63,False,
base_006863,train,train/base_006863.npz,160,False,
base_006864,train,train/base_006864.npz,118,False,
base_006865,train,train/base_006865.npz,158,False,
base_006866,train,train/base_006866.npz,150,False,
base_006867,train,train/base_006867.npz,45,False,
base_006868,train,train/base_006868.npz,91,False,
base_006869,train,train/base_006869.npz,40,False,
base_006870,train,train/base_006870.npz,490,False,
base_006871,train,train/base_006871.npz,476,False,
base_006872,train,train/base_006872.npz,176,False,
base_006873,train,train/base_006873.npz,149,False,
base_006874,train,train/base_006874.npz,180,False,
base_006875,train,train/base_006875.npz,120,False,
base_006876,train,train/base_006876.npz,68,False,
base_006877,train,train/base_006877.npz,416,False,
base_006878,train,train/base_006878.npz,276,False,
base_006879,train,train/base_006879.npz,150,False,
base_006880,train,train/base_006880.npz,85,False,
base_006881,train,train/base_006881.npz,490,False,
base_006882,train,train/base_006882.npz,175,False,
base_006883,train,train/base_006883.npz,64,False,
base_006884,train,train/base_006884.npz,183,False,
base_006885,train,train/base_006885.npz,121,False,
base_006886,train,train/base_006886.npz,174,False,
base_006887,train,train/base_006887.npz,62,False,
base_006888,train,train/base_006888.npz,216,False,
base_006889,train,train/base_006889.npz,120,False,
base_006890,train,train/base_006890.npz,150,False,
base_006891,train,train/base_006891.npz,216,False,
base_006892,train,train/base_006892.npz,332,False,
base_006893,train,train/base_006893.npz,64,False,
base_006894,train,train/base_006894.npz,91,False,
base_006895,train,train/base_006895.npz,262,False,
base_006896,train,train/base_006896.npz,85,False,
base_006897,train,train/base_006897.npz,116,False,
base_006898,train,train/base_006898.npz,304,False,
base_006899,train,train/base_006899.npz,64,False,
base_006900,train,train/base_006900.npz,63,False,
base_006901,train,train/base_006901.npz,41,False,
base_006902,train,train/base_006902.npz,477,False,
base_006903,train,train/base_006903.npz,368,False,
base_006904,train,train/base_006904.npz,64,False,
base_006905,train,train/base_006905.npz,91,False,
base_006906,train,train/base_006906.npz,262,False,
base_006907,train,train/base_006907.npz,41,False,
base_006908,train,train/base_006908.npz,261,False,
base_006909,train,train/base_006909.npz,45,False,
base_006910,train,train/base_006910.npz,367,False,
base_006911,train,train/base_006911.npz,193,False,
base_006912,train,train/base_006912.npz,63,False,
base_006913,train,train/base_006913.npz,45,False,
base_006914,train,train/base_006914.npz,85,False,
base_006915,train,train/base_006915.npz,45,False,
base_006916,train,train/base_006916.npz,41,False,
base_006917,train,train/base_006917.npz,193,False,
base_006918,train,train/base_006918.npz,85,False,
base_006919,train,train/base_006919.npz,138,False,
base_006920,train,train/base_006920.npz,64,False,
base_006921,train,train/base_006921.npz,304,False,
base_006922,train,train/base_006922.npz,116,False,
base_006923,train,train/base_006923.npz,63,False,
base_006924,train,train/base_006924.npz,261,False,
base_006925,train,train/base_006925.npz,85,False,
base_006926,train,train/base_006926.npz,261,False,
base_006927,train,train/base_006927.npz,275,False,
base_006928,train,train/base_006928.npz,149,False,
base_006929,train,train/base_006929.npz,120,False,
base_006930,train,train/base_006930.npz,60,False,
base_006931,train,train/base_006931.npz,182,False,
base_006932,train,train/base_006932.npz,359,False,
base_006933,train,train/base_006933.npz,118,False,
base_006934,train,train/base_006934.npz,91,False,
base_006935,train,train/base_006935.npz,64,False,
base_006936,train,train/base_006936.npz,232,False,
base_006937,train,train/base_006937.npz,304,False,
base_006938,train,train/base_006938.npz,116,False,
base_006939,train,train/base_006939.npz,276,False,
base_006940,train,train/base_006940.npz,356,False,
base_006941,train,train/base_006941.npz,85,False,
base_006942,train,train/base_006942.npz,60,False,
base_006943,train,train/base_006943.npz,138,False,
base_006944,train,train/base_006944.npz,116,False,
base_006945,train,train/base_006945.npz,476,False,
base_006946,train,train/base_006946.npz,175,False,
base_006947,train,train/base_006947.npz,216,False,
base_006948,train,train/base_006948.npz,121,False,
base_006949,train,train/base_006949.npz,216,False,
base_006950,train,train/base_006950.npz,63,False,
base_006951,train,train/base_006951.npz,276,False,
base_006952,train,train/base_006952.npz,41,False,
base_006953,train,train/base_006953.npz,433,False,
base_006954,train,train/base_006954.npz,160,False,
base_006955,train,train/base_006955.npz,91,False,
base_006956,train,train/base_006956.npz,85,False,
base_006957,train,train/base_006957.npz,471,False,
base_006958,train,train/base_006958.npz,85,False,
base_006959,train,train/base_006959.npz,460,False,
base_006960,train,train/base_006960.npz,216,False,
base_006961,train,train/base_006961.npz,150,False,
base_006962,train,train/base_006962.npz,85,False,
base_006963,train,train/base_006963.npz,116,False,
base_006964,train,train/base_006964.npz,91,False,
base_006965,train,train/base_006965.npz,62,False,
base_006966,train,train/base_006966.npz,149,False,
base_006967,train,train/base_006967.npz,63,False,
base_006968,train,train/base_006968.npz,216,False,
base_006969,train,train/base_006969.npz,116,False,
base_006970,train,train/base_006970.npz,45,False,
base_006971,train,train/base_006971.npz,64,False,
base_006972,train,train/base_006972.npz,63,False,
base_006973,train,train/base_006973.npz,471,False,
base_006974,train,train/base_006974.npz,433,False,
base_006975,train,train/base_006975.npz,41,False,
base_006976,train,train/base_006976.npz,85,False,
base_006977,train,train/base_006977.npz,150,False,
base_006978,train,train/base_006978.npz,41,False,
base_006979,train,train/base_006979.npz,45,False,
base_006980,train,train/base_006980.npz,416,False,
base_006981,train,train/base_006981.npz,262,False,
base_006982,train,train/base_006982.npz,121,False,
base_006983,train,train/base_006983.npz,149,False,
base_006984,train,train/base_006984.npz,41,False,
base_006985,train,train/base_006985.npz,216,False,
base_006986,train,train/base_006986.npz,421,False,
base_006987,train,train/base_006987.npz,255,False,
base_006988,train,train/base_006988.npz,320,False,
base_006989,train,train/base_006989.npz,359,False,
base_006990,train,train/base_006990.npz,85,False,
base_006991,train,train/base_006991.npz,216,False,
base_006992,train,train/base_006992.npz,175,False,
base_006993,train,train/base_006993.npz,320,False,
base_006994,train,train/base_006994.npz,320,False,
base_006995,train,train/base_006995.npz,432,False,
base_006996,train,train/base_006996.npz,45,False,
base_006997,train,train/base_006997.npz,232,False,
base_006998,train,train/base_006998.npz,232,False,
base_006999,train,train/base_006999.npz,359,False,
base_007000,train,train/base_007000.npz,60,False,
base_007001,train,train/base_007001.npz,116,False,
base_007002,train,train/base_007002.npz,417,False,
base_007003,train,train/base_007003.npz,63,False,
base_007004,train,train/base_007004.npz,320,False,
base_007005,train,train/base_007005.npz,60,False,
base_007006,train,train/base_007006.npz,477,False,
base_007007,train,train/base_007007.npz,116,False,
base_007008,train,train/base_007008.npz,149,False,
base_007009,train,train/base_007009.npz,216,False,
base_007010,train,train/base_007010.npz,421,False,
base_007011,train,train/base_007011.npz,91,False,
base_007012,train,train/base_007012.npz,432,False,
base_007013,train,train/base_007013.npz,150,False,
base_007014,train,train/base_007014.npz,461,False,
base_007015,train,train/base_007015.npz,60,False,
base_007016,train,train/base_007016.npz,118,False,
base_007017,train,train/base_007017.npz,138,False,
base_007018,train,train/base_007018.npz,158,False,
base_007019,train,train/base_007019.npz,45,False,
base_007020,train,train/base_007020.npz,175,False,
base_007021,train,train/base_007021.npz,150,False,
base_007022,train,train/base_007022.npz,116,False,
base_007023,train,train/base_007023.npz,41,False,
base_007024,train,train/base_007024.npz,63,False,
base_007025,train,train/base_007025.npz,490,False,
base_007026,train,train/base_007026.npz,216,False,
base_007027,train,train/base_007027.npz,91,False,
base_007028,train,train/base_007028.npz,138,False,
base_007029,train,train/base_007029.npz,232,False,
base_007030,train,train/base_007030.npz,41,False,
base_007031,train,train/base_007031.npz,433,False,
base_007032,train,train/base_007032.npz,149,False,
base_007033,train,train/base_007033.npz,40,False,
base_007034,train,train/base_007034.npz,41,False,
base_007035,train,train/base_007035.npz,149,False,
base_007036,train,train/base_007036.npz,366,False,
base_007037,train,train/base_007037.npz,320,False,
base_007038,train,train/base_007038.npz,359,False,
base_007039,train,train/base_007039.npz,45,False,
base_007040,train,train/base_007040.npz,416,False,
base_007041,train,train/base_007041.npz,183,False,
base_007042,train,train/base_007042.npz,138,False,
base_007043,train,train/base_007043.npz,175,False,
base_007044,train,train/base_007044.npz,60,False,
base_007045,train,train/base_007045.npz,64,False,
base_007046,train,train/base_007046.npz,118,False,
base_007047,train,train/base_007047.npz,477,False,
base_007048,train,train/base_007048.npz,216,False,
base_007049,train,train/base_007049.npz,216,False,
base_007050,train,train/base_007050.npz,216,False,
base_007051,train,train/base_007051.npz,490,False,
base_007052,train,train/base_007052.npz,180,False,
base_007053,train,train/base_007053.npz,116,False,
base_007054,train,train/base_007054.npz,45,False,
base_007055,train,train/base_007055.npz,40,False,
base_007056,train,train/base_007056.npz,216,False,
base_007057,train,train/base_007057.npz,120,False,
base_007058,train,train/base_007058.npz,41,False,
base_007059,train,train/base_007059.npz,305,False,
base_007060,train,train/base_007060.npz,116,False,
base_007061,train,train/base_007061.npz,91,False,
base_007062,train,train/base_007062.npz,180,False,
base_007063,train,train/base_007063.npz,64,False,
base_007064,train,train/base_007064.npz,116,False,
base_007065,train,train/base_007065.npz,180,False,
base_007066,train,train/base_007066.npz,421,False,
base_007067,train,train/base_007067.npz,490,False,
base_007068,train,train/base_007068.npz,304,False,
base_007069,train,train/base_007069.npz,216,False,
base_007070,train,train/base_007070.npz,64,False,
base_007071,train,train/base_007071.npz,45,False,
base_007072,train,train/base_007072.npz,433,False,
base_007073,train,train/base_007073.npz,177,False,
base_007074,train,train/base_007074.npz,262,False,
base_007075,train,train/base_007075.npz,116,False,
base_007076,train,train/base_007076.npz,232,False,
base_007077,train,train/base_007077.npz,490,False,
base_007078,train,train/base_007078.npz,92,False,
base_007079,train,train/base_007079.npz,85,False,
base_007080,train,train/base_007080.npz,320,False,
base_007081,train,train/base_007081.npz,138,False,
base_007082,train,train/base_007082.npz,177,False,
base_007083,train,train/base_007083.npz,216,False,
base_007084,train,train/base_007084.npz,85,False,
base_007085,train,train/base_007085.npz,91,False,
base_007086,train,train/base_007086.npz,216,False,
base_007087,train,train/base_007087.npz,175,False,
base_007088,train,train/base_007088.npz,85,False,
base_007089,train,train/base_007089.npz,45,False,
base_007090,train,train/base_007090.npz,85,False,
base_007091,train,train/base_007091.npz,63,False,
base_007092,train,train/base_007092.npz,150,False,
base_007093,train,train/base_007093.npz,232,False,
base_007094,train,train/base_007094.npz,63,False,
base_007095,train,train/base_007095.npz,476,False,
base_007096,train,train/base_007096.npz,432,False,
base_007097,train,train/base_007097.npz,232,False,
base_007098,train,train/base_007098.npz,45,False,
base_007099,train,train/base_007099.npz,432,False,
base_007100,train,train/base_007100.npz,85,False,
base_007101,train,train/base_007101.npz,60,False,
base_007102,train,train/base_007102.npz,91,False,
base_007103,train,train/base_007103.npz,216,False,
base_007104,train,train/base_007104.npz,150,False,
base_007105,train,train/base_007105.npz,91,False,
base_007106,train,train/base_007106.npz,261,False,
base_007107,train,train/base_007107.npz,91,False,
base_007108,train,train/base_007108.npz,477,False,
base_007109,train,train/base_007109.npz,175,False,
base_007110,train,train/base_007110.npz,276,False,
base_007111,train,train/base_007111.npz,85,False,
base_007112,train,train/base_007112.npz,332,False,
base_007113,train,train/base_007113.npz,216,False,
base_007114,train,train/base_007114.npz,180,False,
base_007115,train,train/base_007115.npz,91,False,
base_007116,train,train/base_007116.npz,120,False,
base_007117,train,train/base_007117.npz,45,False,
base_007118,train,train/base_007118.npz,41,False,
base_007119,train,train/base_007119.npz,461,False,
base_007120,train,train/base_007120.npz,116,False,
base_007121,train,train/base_007121.npz,68,False,
base_007122,train,train/base_007122.npz,304,False,
base_007123,train,train/base_007123.npz,276,False,
base_007124,train,train/base_007124.npz,275,False,
base_007125,train,train/base_007125.npz,490,False,
base_007126,train,train/base_007126.npz,85,False,
base_007127,train,train/base_007127.npz,121,False,
base_007128,train,train/base_007128.npz,59,False,
base_007129,train,train/base_007129.npz,60,False,
base_007130,train,train/base_007130.npz,41,False,
base_007131,train,train/base_007131.npz,261,False,
base_007132,train,train/base_007132.npz,320,False,
base_007133,train,train/base_007133.npz,232,False,
base_007134,train,train/base_007134.npz,474,False,
base_007135,train,train/base_007135.npz,85,False,
base_007136,train,train/base_007136.npz,116,False,
base_007137,train,train/base_007137.npz,41,False,
base_007138,train,train/base_007138.npz,180,False,
base_007139,train,train/base_007139.npz,216,False,
base_007140,train,train/base_007140.npz,45,False,
base_007141,train,train/base_007141.npz,216,False,
base_007142,train,train/base_007142.npz,85,False,
base_007143,train,train/base_007143.npz,64,False,
base_007144,train,train/base_007144.npz,432,False,
base_007145,train,train/base_007145.npz,318,False,
base_007146,train,train/base_007146.npz,60,False,
base_007147,train,train/base_007147.npz,262,False,
base_007148,train,train/base_007148.npz,85,False,
base_007149,train,train/base_007149.npz,64,False,
base_007150,train,train/base_007150.npz,91,False,
base_007151,train,train/base_007151.npz,149,False,
base_007152,train,train/base_007152.npz,261,False,
base_007153,train,train/base_007153.npz,471,False,
base_007154,train,train/base_007154.npz,216,False,
base_007155,train,train/base_007155.npz,138,False,
base_007156,train,train/base_007156.npz,116,False,
base_007157,train,train/base_007157.npz,138,False,
base_007158,train,train/base_007158.npz,320,False,
base_007159,train,train/base_007159.npz,332,False,
base_007160,train,train/base_007160.npz,176,False,
base_007161,train,train/base_007161.npz,366,False,
base_007162,train,train/base_007162.npz,216,False,
base_007163,train,train/base_007163.npz,175,False,
base_007164,train,train/base_007164.npz,366,False,
base_007165,train,train/base_007165.npz,60,False,
base_007166,train,train/base_007166.npz,40,False,
base_007167,train,train/base_007167.npz,416,False,
base_007168,train,train/base_007168.npz,85,False,
base_007169,train,train/base_007169.npz,85,False,
base_007170,train,train/base_007170.npz,41,False,
base_007171,train,train/base_007171.npz,45,False,
base_007172,train,train/base_007172.npz,85,False,
base_007173,train,train/base_007173.npz,216,False,
base_007174,train,train/base_007174.npz,85,False,
base_007175,train,train/base_007175.npz,116,False,
base_007176,train,train/base_007176.npz,182,False,
base_007177,train,train/base_007177.npz,216,False,
base_007178,train,train/base_007178.npz,85,False,
base_007179,train,train/base_007179.npz,232,False,
base_007180,train,train/base_007180.npz,318,False,
base_007181,train,train/base_007181.npz,232,False,
base_007182,train,train/base_007182.npz,60,False,
base_007183,train,train/base_007183.npz,319,False,
base_007184,train,train/base_007184.npz,120,False,
base_007185,train,train/base_007185.npz,261,False,
base_007186,train,train/base_007186.npz,149,False,
base_007187,train,train/base_007187.npz,118,False,
base_007188,train,train/base_007188.npz,356,False,
base_007189,train,train/base_007189.npz,175,False,
base_007190,train,train/base_007190.npz,158,False,
base_007191,train,train/base_007191.npz,359,False,
base_007192,train,train/base_007192.npz,477,False,
base_007193,train,train/base_007193.npz,116,False,
base_007194,train,train/base_007194.npz,232,False,
base_007195,train,train/base_007195.npz,173,False,
base_007196,train,train/base_007196.npz,471,False,
base_007197,train,train/base_007197.npz,305,False,
base_007198,train,train/base_007198.npz,474,False,
base_007199,train,train/base_007199.npz,359,False,
base_007200,train,train/base_007200.npz,121,False,
base_007201,train,train/base_007201.npz,64,False,
base_007202,train,train/base_007202.npz,60,False,
base_007203,train,train/base_007203.npz,64,False,
base_007204,train,train/base_007204.npz,116,False,
base_007205,train,train/base_007205.npz,63,False,
base_007206,train,train/base_007206.npz,216,False,
base_007207,train,train/base_007207.npz,40,False,
base_007208,train,train/base_007208.npz,91,False,
base_007209,train,train/base_007209.npz,91,False,
base_007210,train,train/base_007210.npz,64,False,
base_007211,train,train/base_007211.npz,366,False,
base_007212,train,train/base_007212.npz,91,False,
base_007213,train,train/base_007213.npz,91,False,
base_007214,train,train/base_007214.npz,366,False,
base_007215,train,train/base_007215.npz,216,False,
base_007216,train,train/base_007216.npz,41,False,
base_007217,train,train/base_007217.npz,121,False,
base_007218,train,train/base_007218.npz,121,False,
base_007219,train,train/base_007219.npz,332,False,
base_007220,train,train/base_007220.npz,63,False,
base_007221,train,train/base_007221.npz,109,False,
base_007222,train,train/base_007222.npz,368,False,
base_007223,train,train/base_007223.npz,85,False,
base_007224,train,train/base_007224.npz,216,False,
base_007225,train,train/base_007225.npz,471,False,
base_007226,train,train/base_007226.npz,92,False,
base_007227,train,train/base_007227.npz,68,False,
base_007228,train,train/base_007228.npz,182,False,
base_007229,train,train/base_007229.npz,275,False,
base_007230,train,train/base_007230.npz,85,False,
base_007231,train,train/base_007231.npz,40,False,
base_007232,train,train/base_007232.npz,320,False,
base_007233,train,train/base_007233.npz,85,False,
base_007234,train,train/base_007234.npz,320,False,
base_007235,train,train/base_007235.npz,45,False,
base_007236,train,train/base_007236.npz,116,False,
base_007237,train,train/base_007237.npz,116,False,
base_007238,train,train/base_007238.npz,150,False,
base_007239,train,train/base_007239.npz,158,False,
base_007240,train,train/base_007240.npz,60,False,
base_007241,train,train/base_007241.npz,92,False,
base_007242,train,train/base_007242.npz,63,False,
base_007243,train,train/base_007243.npz,41,False,
base_007244,train,train/base_007244.npz,180,False,
base_007245,train,train/base_007245.npz,183,False,
base_007246,train,train/base_007246.npz,41,False,
base_007247,train,train/base_007247.npz,175,False,
base_007248,train,train/base_007248.npz,177,False,
base_007249,train,train/base_007249.npz,120,False,
base_007250,train,train/base_007250.npz,366,False,
base_007251,train,train/base_007251.npz,416,False,
base_007252,train,train/base_007252.npz,138,False,
base_007253,train,train/base_007253.npz,259,False,
base_007254,train,train/base_007254.npz,320,False,
base_007255,train,train/base_007255.npz,92,False,
base_007256,train,train/base_007256.npz,232,False,
base_007257,train,train/base_007257.npz,175,False,
base_007258,train,train/base_007258.npz,64,False,
base_007259,train,train/base_007259.npz,92,False,
base_007260,train,train/base_007260.npz,261,False,
base_007261,train,train/base_007261.npz,64,False,
base_007262,train,train/base_007262.npz,158,False,
base_007263,train,train/base_007263.npz,216,False,
base_007264,train,train/base_007264.npz,415,False,
base_007265,train,train/base_007265.npz,255,False,
base_007266,train,train/base_007266.npz,366,False,
base_007267,train,train/base_007267.npz,490,False,
base_007268,train,train/base_007268.npz,92,False,
base_007269,train,train/base_007269.npz,476,False,
base_007270,train,train/base_007270.npz,120,False,
base_007271,train,train/base_007271.npz,232,False,
base_007272,train,train/base_007272.npz,320,False,
base_007273,train,train/base_007273.npz,149,False,
base_007274,train,train/base_007274.npz,320,False,
base_007275,train,train/base_007275.npz,305,False,
base_007276,train,train/base_007276.npz,232,False,
base_007277,train,train/base_007277.npz,490,False,
base_007278,train,train/base_007278.npz,150,False,
base_007279,train,train/base_007279.npz,304,False,
base_007280,train,train/base_007280.npz,262,False,
base_007281,train,train/base_007281.npz,116,False,
base_007282,train,train/base_007282.npz,85,False,
base_007283,train,train/base_007283.npz,359,False,
base_007284,train,train/base_007284.npz,40,False,
base_007285,train,train/base_007285.npz,182,False,
base_007286,train,train/base_007286.npz,85,False,
base_007287,train,train/base_007287.npz,259,False,
base_007288,train,train/base_007288.npz,138,False,
base_007289,train,train/base_007289.npz,40,False,
base_007290,train,train/base_007290.npz,149,False,
base_007291,train,train/base_007291.npz,416,False,
base_007292,train,train/base_007292.npz,366,False,
base_007293,train,train/base_007293.npz,182,False,
base_007294,train,train/base_007294.npz,320,False,
base_007295,train,train/base_007295.npz,216,False,
base_007296,train,train/base_007296.npz,116,False,
base_007297,train,train/base_007297.npz,260,False,
base_007298,train,train/base_007298.npz,490,False,
base_007299,train,train/base_007299.npz,116,False,
base_007300,train,train/base_007300.npz,474,False,
base_007301,train,train/base_007301.npz,275,False,
base_007302,train,train/base_007302.npz,275,False,
base_007303,train,train/base_007303.npz,175,False,
base_007304,train,train/base_007304.npz,432,False,
base_007305,train,train/base_007305.npz,180,False,
base_007306,train,train/base_007306.npz,366,False,
base_007307,train,train/base_007307.npz,121,False,
base_007308,train,train/base_007308.npz,416,False,
base_007309,train,train/base_007309.npz,63,False,
base_007310,train,train/base_007310.npz,60,False,
base_007311,train,train/base_007311.npz,91,False,
base_007312,train,train/base_007312.npz,150,False,
base_007313,train,train/base_007313.npz,63,False,
base_007314,train,train/base_007314.npz,85,False,
base_007315,train,train/base_007315.npz,415,False,
base_007316,train,train/base_007316.npz,116,False,
base_007317,train,train/base_007317.npz,121,False,
base_007318,train,train/base_007318.npz,431,False,
base_007319,train,train/base_007319.npz,85,False,
base_007320,train,train/base_007320.npz,261,False,
base_007321,train,train/base_007321.npz,232,False,
base_007322,train,train/base_007322.npz,60,False,
base_007323,train,train/base_007323.npz,64,False,
base_007324,train,train/base_007324.npz,175,False,
base_007325,train,train/base_007325.npz,63,False,
base_007326,train,train/base_007326.npz,59,False,
base_007327,train,train/base_007327.npz,138,False,
base_007328,train,train/base_007328.npz,91,False,
base_007329,train,train/base_007329.npz,476,False,
base_007330,train,train/base_007330.npz,92,False,
base_007331,train,train/base_007331.npz,474,False,
base_007332,train,train/base_007332.npz,474,False,
base_007333,train,train/base_007333.npz,149,False,
base_007334,train,train/base_007334.npz,255,False,
base_007335,train,train/base_007335.npz,64,False,
base_007336,train,train/base_007336.npz,471,False,
base_007337,train,train/base_007337.npz,150,False,
base_007338,train,train/base_007338.npz,41,False,
base_007339,train,train/base_007339.npz,92,False,
base_007340,train,train/base_007340.npz,109,False,
base_007341,train,train/base_007341.npz,149,False,
base_007342,train,train/base_007342.npz,150,False,
base_007343,train,train/base_007343.npz,116,False,
base_007344,train,train/base_007344.npz,421,False,
base_007345,train,train/base_007345.npz,432,False,
base_007346,train,train/base_007346.npz,320,False,
base_007347,train,train/base_007347.npz,216,False,
base_007348,train,train/base_007348.npz,118,False,
base_007349,train,train/base_007349.npz,150,False,
base_007350,train,train/base_007350.npz,368,False,
base_007351,train,train/base_007351.npz,180,False,
base_007352,train,train/base_007352.npz,63,False,
base_007353,train,train/base_007353.npz,121,False,
base_007354,train,train/base_007354.npz,60,False,
base_007355,train,train/base_007355.npz,63,False,
base_007356,train,train/base_007356.npz,304,False,
base_007357,train,train/base_007357.npz,91,False,
base_007358,train,train/base_007358.npz,120,False,
base_007359,train,train/base_007359.npz,85,False,
base_007360,train,train/base_007360.npz,116,False,
base_007361,train,train/base_007361.npz,490,False,
base_007362,train,train/base_007362.npz,232,False,
base_007363,train,train/base_007363.npz,149,False,
base_007364,train,train/base_007364.npz,121,False,
base_007365,train,train/base_007365.npz,261,False,
base_007366,train,train/base_007366.npz,304,False,
base_007367,train,train/base_007367.npz,318,False,
base_007368,train,train/base_007368.npz,418,False,
base_007369,train,train/base_007369.npz,116,False,
base_007370,train,train/base_007370.npz,91,False,
base_007371,train,train/base_007371.npz,261,False,
base_007372,train,train/base_007372.npz,183,False,
base_007373,train,train/base_007373.npz,60,False,
base_007374,train,train/base_007374.npz,474,False,
base_007375,train,train/base_007375.npz,255,False,
base_007376,train,train/base_007376.npz,41,False,
base_007377,train,train/base_007377.npz,320,False,
base_007378,train,train/base_007378.npz,40,False,
base_007379,train,train/base_007379.npz,432,False,
base_007380,train,train/base_007380.npz,150,False,
base_007381,train,train/base_007381.npz,116,False,
base_007382,train,train/base_007382.npz,359,False,
base_007383,train,train/base_007383.npz,261,False,
base_007384,train,train/base_007384.npz,60,False,
base_007385,train,train/base_007385.npz,85,False,
base_007386,train,train/base_007386.npz,92,False,
base_007387,train,train/base_007387.npz,149,False,
base_007388,train,train/base_007388.npz,158,False,
base_007389,train,train/base_007389.npz,150,False,
base_007390,train,train/base_007390.npz,68,False,
base_007391,train,train/base_007391.npz,356,False,
base_007392,train,train/base_007392.npz,149,False,
base_007393,train,train/base_007393.npz,116,False,
base_007394,train,train/base_007394.npz,216,False,
base_007395,train,train/base_007395.npz,232,False,
base_007396,train,train/base_007396.npz,474,False,
base_007397,train,train/base_007397.npz,216,False,
base_007398,train,train/base_007398.npz,180,False,
base_007399,train,train/base_007399.npz,183,False,
base_007400,train,train/base_007400.npz,41,False,
base_007401,train,train/base_007401.npz,359,False,
base_007402,train,train/base_007402.npz,121,False,
base_007403,train,train/base_007403.npz,41,False,
base_007404,train,train/base_007404.npz,177,False,
base_007405,train,train/base_007405.npz,120,False,
base_007406,train,train/base_007406.npz,63,False,
base_007407,train,train/base_007407.npz,180,False,
base_007408,train,train/base_007408.npz,116,False,
base_007409,train,train/base_007409.npz,261,False,
base_007410,train,train/base_007410.npz,232,False,
base_007411,train,train/base_007411.npz,121,False,
base_007412,train,train/base_007412.npz,91,False,
base_007413,train,train/base_007413.npz,476,False,
base_007414,train,train/base_007414.npz,320,False,
base_007415,train,train/base_007415.npz,474,False,
base_007416,train,train/base_007416.npz,232,False,
base_007417,train,train/base_007417.npz,232,False,
base_007418,train,train/base_007418.npz,418,False,
base_007419,train,train/base_007419.npz,40,False,
base_007420,train,train/base_007420.npz,138,False,
base_007421,train,train/base_007421.npz,177,False,
base_007422,train,train/base_007422.npz,63,False,
base_007423,train,train/base_007423.npz,320,False,
base_007424,train,train/base_007424.npz,276,False,
base_007425,train,train/base_007425.npz,149,False,
base_007426,train,train/base_007426.npz,477,False,
base_007427,train,train/base_007427.npz,116,False,
base_007428,train,train/base_007428.npz,276,False,
base_007429,train,train/base_007429.npz,150,False,
base_007430,train,train/base_007430.npz,149,False,
base_007431,train,train/base_007431.npz,180,False,
base_007432,train,train/base_007432.npz,116,False,
base_007433,train,train/base_007433.npz,41,False,
base_007434,train,train/base_007434.npz,474,False,
base_007435,train,train/base_007435.npz,216,False,
base_007436,train,train/base_007436.npz,175,False,
base_007437,train,train/base_007437.npz,304,False,
base_007438,train,train/base_007438.npz,304,False,
base_007439,train,train/base_007439.npz,150,False,
base_007440,train,train/base_007440.npz,45,False,
base_007441,train,train/base_007441.npz,180,False,
base_007442,train,train/base_007442.npz,175,False,
base_007443,train,train/base_007443.npz,63,False,
base_007444,train,train/base_007444.npz,41,False,
base_007445,train,train/base_007445.npz,45,False,
base_007446,train,train/base_007446.npz,432,False,
base_007447,train,train/base_007447.npz,368,False,
base_007448,train,train/base_007448.npz,41,False,
base_007449,train,train/base_007449.npz,41,False,
base_007450,train,train/base_007450.npz,91,False,
base_007451,train,train/base_007451.npz,232,False,
base_007452,train,train/base_007452.npz,320,False,
base_007453,train,train/base_007453.npz,149,False,
base_007454,train,train/base_007454.npz,85,False,
base_007455,train,train/base_007455.npz,63,False,
base_007456,train,train/base_007456.npz,359,False,
base_007457,train,train/base_007457.npz,150,False,
base_007458,train,train/base_007458.npz,320,False,
base_007459,train,train/base_007459.npz,366,False,
base_007460,train,train/base_007460.npz,64,False,
base_007461,train,train/base_007461.npz,182,False,
base_007462,train,train/base_007462.npz,182,False,
base_007463,train,train/base_007463.npz,216,False,
base_007464,train,train/base_007464.npz,319,False,
base_007465,train,train/base_007465.npz,68,False,
base_007466,train,train/base_007466.npz,262,False,
base_007467,train,train/base_007467.npz,275,False,
base_007468,train,train/base_007468.npz,63,False,
base_007469,train,train/base_007469.npz,305,False,
base_007470,train,train/base_007470.npz,45,False,
base_007471,train,train/base_007471.npz,150,False,
base_007472,train,train/base_007472.npz,85,False,
base_007473,train,train/base_007473.npz,120,False,
base_007474,train,train/base_007474.npz,477,False,
base_007475,train,train/base_007475.npz,216,False,
base_007476,train,train/base_007476.npz,109,False,
base_007477,train,train/base_007477.npz,64,False,
base_007478,train,train/base_007478.npz,183,False,
base_007479,train,train/base_007479.npz,304,False,
base_007480,train,train/base_007480.npz,232,False,
base_007481,train,train/base_007481.npz,320,False,
base_007482,train,train/base_007482.npz,461,False,
base_007483,train,train/base_007483.npz,63,False,
base_007484,train,train/base_007484.npz,64,False,
base_007485,train,train/base_007485.npz,64,False,
base_007486,train,train/base_007486.npz,216,False,
base_007487,train,train/base_007487.npz,63,False,
base_007488,train,train/base_007488.npz,63,False,
base_007489,train,train/base_007489.npz,477,False,
base_007490,train,train/base_007490.npz,471,False,
base_007491,train,train/base_007491.npz,460,False,
base_007492,train,train/base_007492.npz,216,False,
base_007493,train,train/base_007493.npz,255,False,
base_007494,train,train/base_007494.npz,63,False,
base_007495,train,train/base_007495.npz,41,False,
base_007496,train,train/base_007496.npz,433,False,
base_007497,train,train/base_007497.npz,149,False,
base_007498,train,train/base_007498.npz,116,False,
base_007499,train,train/base_007499.npz,276,False,
base_007500,train,train/base_007500.npz,160,False,
base_007501,train,train/base_007501.npz,85,False,
base_007502,train,train/base_007502.npz,261,False,
base_007503,train,train/base_007503.npz,64,False,
base_007504,train,train/base_007504.npz,368,False,
base_007505,train,train/base_007505.npz,116,False,
base_007506,train,train/base_007506.npz,320,False,
base_007507,train,train/base_007507.npz,368,False,
base_007508,train,train/base_007508.npz,474,False,
base_007509,train,train/base_007509.npz,45,False,
base_007510,train,train/base_007510.npz,183,False,
base_007511,train,train/base_007511.npz,433,False,
base_007512,train,train/base_007512.npz,85,False,
base_007513,train,train/base_007513.npz,60,False,
base_007514,train,train/base_007514.npz,216,False,
base_007515,train,train/base_007515.npz,477,False,
base_007516,train,train/base_007516.npz,85,False,
base_007517,train,train/base_007517.npz,183,False,
base_007518,train,train/base_007518.npz,320,False,
base_007519,train,train/base_007519.npz,160,False,
base_007520,train,train/base_007520.npz,216,False,
base_007521,train,train/base_007521.npz,320,False,
base_007522,train,train/base_007522.npz,63,False,
base_007523,train,train/base_007523.npz,118,False,
base_007524,train,train/base_007524.npz,120,False,
base_007525,train,train/base_007525.npz,182,False,
base_007526,train,train/base_007526.npz,45,False,
base_007527,train,train/base_007527.npz,121,False,
base_007528,train,train/base_007528.npz,138,False,
base_007529,train,train/base_007529.npz,474,False,
base_007530,train,train/base_007530.npz,416,False,
base_007531,train,train/base_007531.npz,149,False,
base_007532,train,train/base_007532.npz,421,False,
base_007533,train,train/base_007533.npz,60,False,
base_007534,train,train/base_007534.npz,64,False,
base_007535,train,train/base_007535.npz,64,False,
base_007536,train,train/base_007536.npz,180,False,
base_007537,train,train/base_007537.npz,85,False,
base_007538,train,train/base_007538.npz,359,False,
base_007539,train,train/base_007539.npz,120,False,
base_007540,train,train/base_007540.npz,180,False,
base_007541,train,train/base_007541.npz,41,False,
base_007542,train,train/base_007542.npz,116,False,
base_007543,train,train/base_007543.npz,60,False,
base_007544,train,train/base_007544.npz,41,False,
base_007545,train,train/base_007545.npz,433,False,
base_007546,train,train/base_007546.npz,320,False,
base_007547,train,train/base_007547.npz,120,False,
base_007548,train,train/base_007548.npz,255,False,
base_007549,train,train/base_007549.npz,121,False,
base_007550,train,train/base_007550.npz,474,False,
base_007551,train,train/base_007551.npz,149,False,
base_007552,train,train/base_007552.npz,216,False,
base_007553,train,train/base_007553.npz,216,False,
base_007554,train,train/base_007554.npz,91,False,
base_007555,train,train/base_007555.npz,476,False,
base_007556,train,train/base_007556.npz,175,False,
base_007557,train,train/base_007557.npz,304,False,
base_007558,train,train/base_007558.npz,85,False,
base_007559,train,train/base_007559.npz,149,False,
base_007560,train,train/base_007560.npz,262,False,
base_007561,train,train/base_007561.npz,232,False,
base_007562,train,train/base_007562.npz,60,False,
base_007563,train,train/base_007563.npz,182,False,
base_007564,train,train/base_007564.npz,417,False,
base_007565,train,train/base_007565.npz,149,False,
base_007566,train,train/base_007566.npz,64,False,
base_007567,train,train/base_007567.npz,150,False,
base_007568,train,train/base_007568.npz,173,False,
base_007569,train,train/base_007569.npz,175,False,
base_007570,train,train/base_007570.npz,432,False,
base_007571,train,train/base_007571.npz,120,False,
base_007572,train,train/base_007572.npz,175,False,
base_007573,train,train/base_007573.npz,432,False,
base_007574,train,train/base_007574.npz,41,False,
base_007575,train,train/base_007575.npz,150,False,
base_007576,train,train/base_007576.npz,175,False,
base_007577,train,train/base_007577.npz,116,False,
base_007578,train,train/base_007578.npz,320,False,
base_007579,train,train/base_007579.npz,116,False,
base_007580,train,train/base_007580.npz,92,False,
base_007581,train,train/base_007581.npz,421,False,
base_007582,train,train/base_007582.npz,432,False,
base_007583,train,train/base_007583.npz,474,False,
base_007584,train,train/base_007584.npz,476,False,
base_007585,train,train/base_007585.npz,85,False,
base_007586,train,train/base_007586.npz,45,False,
base_007587,train,train/base_007587.npz,109,False,
base_007588,train,train/base_007588.npz,320,False,
base_007589,train,train/base_007589.npz,91,False,
base_007590,train,train/base_007590.npz,45,False,
base_007591,train,train/base_007591.npz,120,False,
base_007592,train,train/base_007592.npz,160,False,
base_007593,train,train/base_007593.npz,59,False,
base_007594,train,train/base_007594.npz,121,False,
base_007595,train,train/base_007595.npz,359,False,
base_007596,train,train/base_007596.npz,85,False,
base_007597,train,train/base_007597.npz,368,False,
base_007598,train,train/base_007598.npz,477,False,
base_007599,train,train/base_007599.npz,304,False,
base_007600,train,train/base_007600.npz,262,False,
base_007601,train,train/base_007601.npz,216,False,
base_007602,train,train/base_007602.npz,64,False,
base_007603,train,train/base_007603.npz,421,False,
base_007604,train,train/base_007604.npz,183,False,
base_007605,train,train/base_007605.npz,41,False,
base_007606,train,train/base_007606.npz,91,False,
base_007607,train,train/base_007607.npz,490,False,
base_007608,train,train/base_007608.npz,116,False,
base_007609,train,train/base_007609.npz,359,False,
base_007610,train,train/base_007610.npz,64,False,
base_007611,train,train/base_007611.npz,320,False,
base_007612,train,train/base_007612.npz,121,False,
base_007613,train,train/base_007613.npz,116,False,
base_007614,train,train/base_007614.npz,366,False,
base_007615,train,train/base_007615.npz,432,False,
base_007616,train,train/base_007616.npz,150,False,
base_007617,train,train/base_007617.npz,180,False,
base_007618,train,train/base_007618.npz,216,False,
base_007619,train,train/base_007619.npz,116,False,
base_007620,train,train/base_007620.npz,232,False,
base_007621,train,train/base_007621.npz,359,False,
base_007622,train,train/base_007622.npz,41,False,
base_007623,train,train/base_007623.npz,41,False,
base_007624,train,train/base_007624.npz,332,False,
base_007625,train,train/base_007625.npz,232,False,
base_007626,train,train/base_007626.npz,320,False,
base_007627,train,train/base_007627.npz,304,False,
base_007628,train,train/base_007628.npz,138,False,
base_007629,train,train/base_007629.npz,359,False,
base_007630,train,train/base_007630.npz,85,False,
base_007631,train,train/base_007631.npz,60,False,
base_007632,train,train/base_007632.npz,359,False,
base_007633,train,train/base_007633.npz,182,False,
base_007634,train,train/base_007634.npz,63,False,
base_007635,train,train/base_007635.npz,60,False,
base_007636,train,train/base_007636.npz,116,False,
base_007637,train,train/base_007637.npz,432,False,
base_007638,train,train/base_007638.npz,40,False,
base_007639,train,train/base_007639.npz,471,False,
base_007640,train,train/base_007640.npz,261,False,
base_007641,train,train/base_007641.npz,418,False,
base_007642,train,train/base_007642.npz,216,False,
base_007643,train,train/base_007643.npz,320,False,
base_007644,train,train/base_007644.npz,64,False,
base_007645,train,train/base_007645.npz,183,False,
base_007646,train,train/base_007646.npz,160,False,
base_007647,train,train/base_007647.npz,150,False,
base_007648,train,train/base_007648.npz,260,False,
base_007649,train,train/base_007649.npz,150,False,
base_007650,train,train/base_007650.npz,477,False,
base_007651,train,train/base_007651.npz,401,False,
base_007652,train,train/base_007652.npz,216,False,
base_007653,train,train/base_007653.npz,232,False,
base_007654,train,train/base_007654.npz,59,False,
base_007655,train,train/base_007655.npz,366,False,
base_007656,train,train/base_007656.npz,416,False,
base_007657,train,train/base_007657.npz,232,False,
base_007658,train,train/base_007658.npz,232,False,
base_007659,train,train/base_007659.npz,432,False,
base_007660,train,train/base_007660.npz,60,False,
base_007661,train,train/base_007661.npz,432,False,
base_007662,train,train/base_007662.npz,41,False,
base_007663,train,train/base_007663.npz,359,False,
base_007664,train,train/base_007664.npz,474,False,
base_007665,train,train/base_007665.npz,304,False,
base_007666,train,train/base_007666.npz,304,False,
base_007667,train,train/base_007667.npz,421,False,
base_007668,train,train/base_007668.npz,116,False,
base_007669,train,train/base_007669.npz,175,False,
base_007670,train,train/base_007670.npz,418,False,
base_007671,train,train/base_007671.npz,40,False,
base_007672,train,train/base_007672.npz,120,False,
base_007673,train,train/base_007673.npz,91,False,
base_007674,train,train/base_007674.npz,85,False,
base_007675,train,train/base_007675.npz,158,False,
base_007676,train,train/base_007676.npz,91,False,
base_007677,train,train/base_007677.npz,91,False,
base_007678,train,train/base_007678.npz,432,False,
base_007679,train,train/base_007679.npz,216,False,
base_007680,train,train/base_007680.npz,232,False,
base_007681,train,train/base_007681.npz,40,False,
base_007682,train,train/base_007682.npz,63,False,
base_007683,train,train/base_007683.npz,149,False,
base_007684,train,train/base_007684.npz,63,False,
base_007685,train,train/base_007685.npz,232,False,
base_007686,train,train/base_007686.npz,64,False,
base_007687,train,train/base_007687.npz,150,False,
base_007688,train,train/base_007688.npz,91,False,
base_007689,train,train/base_007689.npz,63,False,
base_007690,train,train/base_007690.npz,216,False,
base_007691,train,train/base_007691.npz,92,False,
base_007692,train,train/base_007692.npz,359,False,
base_007693,train,train/base_007693.npz,40,False,
base_007694,train,train/base_007694.npz,62,False,
base_007695,train,train/base_007695.npz,63,False,
base_007696,train,train/base_007696.npz,120,False,
base_007697,train,train/base_007697.npz,175,False,
base_007698,train,train/base_007698.npz,175,False,
base_007699,train,train/base_007699.npz,63,False,
base_007700,train,train/base_007700.npz,477,False,
base_007701,train,train/base_007701.npz,40,False,
base_007702,train,train/base_007702.npz,60,False,
base_007703,train,train/base_007703.npz,261,False,
base_007704,train,train/base_007704.npz,45,False,
base_007705,train,train/base_007705.npz,85,False,
base_007706,train,train/base_007706.npz,91,False,
base_007707,train,train/base_007707.npz,63,False,
base_007708,train,train/base_007708.npz,319,False,
base_007709,train,train/base_007709.npz,180,False,
base_007710,train,train/base_007710.npz,262,False,
base_007711,train,train/base_007711.npz,85,False,
base_007712,train,train/base_007712.npz,85,False,
base_007713,train,train/base_007713.npz,40,False,
base_007714,train,train/base_007714.npz,182,False,
base_007715,train,train/base_007715.npz,60,False,
base_007716,train,train/base_007716.npz,149,False,
base_007717,train,train/base_007717.npz,275,False,
base_007718,train,train/base_007718.npz,183,False,
base_007719,train,train/base_007719.npz,320,False,
base_007720,train,train/base_007720.npz,180,False,
base_007721,train,train/base_007721.npz,318,False,
base_007722,train,train/base_007722.npz,320,False,
base_007723,train,train/base_007723.npz,367,False,
base_007724,train,train/base_007724.npz,40,False,
base_007725,train,train/base_007725.npz,116,False,
base_007726,train,train/base_007726.npz,120,False,
base_007727,train,train/base_007727.npz,120,False,
base_007728,train,train/base_007728.npz,45,False,
base_007729,train,train/base_007729.npz,276,False,
base_007730,train,train/base_007730.npz,40,False,
base_007731,train,train/base_007731.npz,60,False,
base_007732,train,train/base_007732.npz,320,False,
base_007733,train,train/base_007733.npz,182,False,
base_007734,train,train/base_007734.npz,366,False,
base_007735,train,train/base_007735.npz,150,False,
base_007736,train,train/base_007736.npz,85,False,
base_007737,train,train/base_007737.npz,262,False,
base_007738,train,train/base_007738.npz,180,False,
base_007739,train,train/base_007739.npz,85,False,
base_007740,train,train/base_007740.npz,63,False,
base_007741,train,train/base_007741.npz,121,False,
base_007742,train,train/base_007742.npz,180,False,
base_007743,train,train/base_007743.npz,232,False,
base_007744,train,train/base_007744.npz,216,False,
base_007745,train,train/base_007745.npz,41,False,
base_007746,train,train/base_007746.npz,359,False,
base_007747,train,train/base_007747.npz,85,False,
base_007748,train,train/base_007748.npz,216,False,
base_007749,train,train/base_007749.npz,416,False,
base_007750,train,train/base_007750.npz,150,False,
base_007751,train,train/base_007751.npz,63,False,
base_007752,train,train/base_007752.npz,41,False,
base_007753,train,train/base_007753.npz,359,False,
base_007754,train,train/base_007754.npz,471,False,
base_007755,train,train/base_007755.npz,421,False,
base_007756,train,train/base_007756.npz,477,False,
base_007757,train,train/base_007757.npz,232,False,
base_007758,train,train/base_007758.npz,275,False,
base_007759,train,train/base_007759.npz,418,False,
base_007760,train,train/base_007760.npz,85,False,
base_007761,train,train/base_007761.npz,421,False,
base_007762,train,train/base_007762.npz,118,False,
base_007763,train,train/base_007763.npz,85,False,
base_007764,train,train/base_007764.npz,255,False,
base_007765,train,train/base_007765.npz,216,False,
base_007766,train,train/base_007766.npz,366,False,
base_007767,train,train/base_007767.npz,62,False,
base_007768,train,train/base_007768.npz,275,False,
base_007769,train,train/base_007769.npz,63,False,
base_007770,train,train/base_007770.npz,63,False,
base_007771,train,train/base_007771.npz,85,False,
base_007772,train,train/base_007772.npz,276,False,
base_007773,train,train/base_007773.npz,40,False,
base_007774,train,train/base_007774.npz,216,False,
base_007775,train,train/base_007775.npz,40,False,
base_007776,train,train/base_007776.npz,262,False,
base_007777,train,train/base_007777.npz,160,False,
base_007778,train,train/base_007778.npz,91,False,
base_007779,train,train/base_007779.npz,216,False,
base_007780,train,train/base_007780.npz,275,False,
base_007781,train,train/base_007781.npz,255,False,
base_007782,train,train/base_007782.npz,62,False,
base_007783,train,train/base_007783.npz,149,False,
base_007784,train,train/base_007784.npz,175,False,
base_007785,train,train/base_007785.npz,91,False,
base_007786,train,train/base_007786.npz,216,False,
base_007787,train,train/base_007787.npz,182,False,
base_007788,train,train/base_007788.npz,259,False,
base_007789,train,train/base_007789.npz,421,False,
base_007790,train,train/base_007790.npz,63,False,
base_007791,train,train/base_007791.npz,160,False,
base_007792,train,train/base_007792.npz,180,False,
base_007793,train,train/base_007793.npz,41,False,
base_007794,train,train/base_007794.npz,173,False,
base_007795,train,train/base_007795.npz,320,False,
base_007796,train,train/base_007796.npz,216,False,
base_007797,train,train/base_007797.npz,63,False,
base_007798,train,train/base_007798.npz,150,False,
base_007799,train,train/base_007799.npz,64,False,
base_007800,train,train/base_007800.npz,150,False,
base_007801,train,train/base_007801.npz,60,False,
base_007802,train,train/base_007802.npz,182,False,
base_007803,train,train/base_007803.npz,173,False,
base_007804,train,train/base_007804.npz,181,False,
base_007805,train,train/base_007805.npz,120,False,
base_007806,train,train/base_007806.npz,63,False,
base_007807,train,train/base_007807.npz,232,False,
base_007808,train,train/base_007808.npz,180,False,
base_007809,train,train/base_007809.npz,474,False,
base_007810,train,train/base_007810.npz,116,False,
base_007811,train,train/base_007811.npz,261,False,
base_007812,train,train/base_007812.npz,158,False,
base_007813,train,train/base_007813.npz,45,False,
base_007814,train,train/base_007814.npz,91,False,
base_007815,train,train/base_007815.npz,109,False,
base_007816,train,train/base_007816.npz,150,False,
base_007817,train,train/base_007817.npz,109,False,
base_007818,train,train/base_007818.npz,85,False,
base_007819,train,train/base_007819.npz,183,False,
base_007820,train,train/base_007820.npz,150,False,
base_007821,train,train/base_007821.npz,109,False,
base_007822,train,train/base_007822.npz,359,False,
base_007823,train,train/base_007823.npz,421,False,
base_007824,train,train/base_007824.npz,232,False,
base_007825,train,train/base_007825.npz,91,False,
base_007826,train,train/base_007826.npz,173,False,
base_007827,train,train/base_007827.npz,490,False,
base_007828,train,train/base_007828.npz,173,False,
base_007829,train,train/base_007829.npz,85,False,
base_007830,train,train/base_007830.npz,160,False,
base_007831,train,train/base_007831.npz,40,False,
base_007832,train,train/base_007832.npz,116,False,
base_007833,train,train/base_007833.npz,63,False,
base_007834,train,train/base_007834.npz,85,False,
base_007835,train,train/base_007835.npz,262,False,
base_007836,train,train/base_007836.npz,368,False,
base_007837,train,train/base_007837.npz,85,False,
base_007838,train,train/base_007838.npz,149,False,
base_007839,train,train/base_007839.npz,60,False,
base_007840,train,train/base_007840.npz,109,False,
base_007841,train,train/base_007841.npz,92,False,
base_007842,train,train/base_007842.npz,63,False,
base_007843,train,train/base_007843.npz,431,False,
base_007844,train,train/base_007844.npz,471,False,
base_007845,train,train/base_007845.npz,150,False,
base_007846,train,train/base_007846.npz,368,False,
base_007847,train,train/base_007847.npz,41,False,
base_007848,train,train/base_007848.npz,63,False,
base_007849,train,train/base_007849.npz,91,False,
base_007850,train,train/base_007850.npz,432,False,
base_007851,train,train/base_007851.npz,433,False,
base_007852,train,train/base_007852.npz,41,False,
base_007853,train,train/base_007853.npz,40,False,
base_007854,train,train/base_007854.npz,60,False,
base_007855,train,train/base_007855.npz,262,False,
base_007856,train,train/base_007856.npz,41,False,
base_007857,train,train/base_007857.npz,41,False,
base_007858,train,train/base_007858.npz,181,False,
base_007859,train,train/base_007859.npz,216,False,
base_007860,train,train/base_007860.npz,260,False,
base_007861,train,train/base_007861.npz,149,False,
base_007862,train,train/base_007862.npz,216,False,
base_007863,train,train/base_007863.npz,368,False,
base_007864,train,train/base_007864.npz,45,False,
base_007865,train,train/base_007865.npz,359,False,
base_007866,train,train/base_007866.npz,418,False,
base_007867,train,train/base_007867.npz,85,False,
base_007868,train,train/base_007868.npz,121,False,
base_007869,train,train/base_007869.npz,91,False,
base_007870,train,train/base_007870.npz,150,False,
base_007871,train,train/base_007871.npz,91,False,
base_007872,train,train/base_007872.npz,63,False,
base_007873,train,train/base_007873.npz,180,False,
base_007874,train,train/base_007874.npz,60,False,
base_007875,train,train/base_007875.npz,477,False,
base_007876,train,train/base_007876.npz,180,False,
base_007877,train,train/base_007877.npz,366,False,
base_007878,train,train/base_007878.npz,116,False,
base_007879,train,train/base_007879.npz,91,False,
base_007880,train,train/base_007880.npz,63,False,
base_007881,train,train/base_007881.npz,91,False,
base_007882,train,train/base_007882.npz,91,False,
base_007883,train,train/base_007883.npz,476,False,
base_007884,train,train/base_007884.npz,182,False,
base_007885,train,train/base_007885.npz,216,False,
base_007886,train,train/base_007886.npz,40,False,
base_007887,train,train/base_007887.npz,64,False,
base_007888,train,train/base_007888.npz,85,False,
base_007889,train,train/base_007889.npz,259,False,
base_007890,train,train/base_007890.npz,85,False,
base_007891,train,train/base_007891.npz,116,False,
base_007892,train,train/base_007892.npz,260,False,
base_007893,train,train/base_007893.npz,116,False,
base_007894,train,train/base_007894.npz,41,False,
base_007895,train,train/base_007895.npz,432,False,
base_007896,train,train/base_007896.npz,60,False,
base_007897,train,train/base_007897.npz,41,False,
base_007898,train,train/base_007898.npz,477,False,
base_007899,train,train/base_007899.npz,63,False,
base_007900,train,train/base_007900.npz,433,False,
base_007901,train,train/base_007901.npz,120,False,
base_007902,train,train/base_007902.npz,421,False,
base_007903,train,train/base_007903.npz,259,False,
base_007904,train,train/base_007904.npz,91,False,
base_007905,train,train/base_007905.npz,366,False,
base_007906,train,train/base_007906.npz,216,False,
base_007907,train,train/base_007907.npz,304,False,
base_007908,train,train/base_007908.npz,64,False,
base_007909,train,train/base_007909.npz,91,False,
base_007910,train,train/base_007910.npz,41,False,
base_007911,train,train/base_007911.npz,262,False,
base_007912,train,train/base_007912.npz,368,False,
base_007913,train,train/base_007913.npz,150,False,
base_007914,train,train/base_007914.npz,359,False,
base_007915,train,train/base_007915.npz,180,False,
base_007916,train,train/base_007916.npz,118,False,
base_007917,train,train/base_007917.npz,320,False,
base_007918,train,train/base_007918.npz,304,False,
base_007919,train,train/base_007919.npz,232,False,
base_007920,train,train/base_007920.npz,59,False,
base_007921,train,train/base_007921.npz,45,False,
base_007922,train,train/base_007922.npz,173,False,
base_007923,train,train/base_007923.npz,320,False,
base_007924,train,train/base_007924.npz,41,False,
base_007925,train,train/base_007925.npz,121,False,
base_007926,train,train/base_007926.npz,304,False,
base_007927,train,train/base_007927.npz,474,False,
base_007928,train,train/base_007928.npz,160,False,
base_007929,train,train/base_007929.npz,41,False,
base_007930,train,train/base_007930.npz,160,False,
base_007931,train,train/base_007931.npz,359,False,
base_007932,train,train/base_007932.npz,63,False,
base_007933,train,train/base_007933.npz,177,False,
base_007934,train,train/base_007934.npz,138,False,
base_007935,train,train/base_007935.npz,160,False,
base_007936,train,train/base_007936.npz,359,False,
base_007937,train,train/base_007937.npz,62,False,
base_007938,train,train/base_007938.npz,359,False,
base_007939,train,train/base_007939.npz,85,False,
base_007940,train,train/base_007940.npz,91,False,
base_007941,train,train/base_007941.npz,160,False,
base_007942,train,train/base_007942.npz,232,False,
base_007943,train,train/base_007943.npz,92,False,
base_007944,train,train/base_007944.npz,45,False,
base_007945,train,train/base_007945.npz,92,False,
base_007946,train,train/base_007946.npz,85,False,
base_007947,train,train/base_007947.npz,177,False,
base_007948,train,train/base_007948.npz,416,False,
base_007949,train,train/base_007949.npz,477,False,
base_007950,train,train/base_007950.npz,40,False,
base_007951,train,train/base_007951.npz,490,False,
base_007952,train,train/base_007952.npz,477,False,
base_007953,train,train/base_007953.npz,116,False,
base_007954,train,train/base_007954.npz,173,False,
base_007955,train,train/base_007955.npz,63,False,
base_007956,train,train/base_007956.npz,320,False,
base_007957,train,train/base_007957.npz,332,False,
base_007958,train,train/base_007958.npz,41,False,
base_007959,train,train/base_007959.npz,150,False,
base_007960,train,train/base_007960.npz,40,False,
base_007961,train,train/base_007961.npz,138,False,
base_007962,train,train/base_007962.npz,149,False,
base_007963,train,train/base_007963.npz,149,False,
base_007964,train,train/base_007964.npz,181,False,
base_007965,train,train/base_007965.npz,175,False,
base_007966,train,train/base_007966.npz,138,False,
base_007967,train,train/base_007967.npz,149,False,
base_007968,train,train/base_007968.npz,232,False,
base_007969,train,train/base_007969.npz,120,False,
base_007970,train,train/base_007970.npz,63,False,
base_007971,train,train/base_007971.npz,60,False,
base_007972,train,train/base_007972.npz,85,False,
base_007973,train,train/base_007973.npz,121,False,
base_007974,train,train/base_007974.npz,432,False,
base_007975,train,train/base_007975.npz,63,False,
base_007976,train,train/base_007976.npz,418,False,
base_007977,train,train/base_007977.npz,121,False,
base_007978,train,train/base_007978.npz,477,False,
base_007979,train,train/base_007979.npz,261,False,
base_007980,train,train/base_007980.npz,68,False,
base_007981,train,train/base_007981.npz,63,False,
base_007982,train,train/base_007982.npz,477,False,
base_007983,train,train/base_007983.npz,91,False,
base_007984,train,train/base_007984.npz,40,False,
base_007985,train,train/base_007985.npz,63,False,
base_007986,train,train/base_007986.npz,366,False,
base_007987,train,train/base_007987.npz,120,False,
base_007988,train,train/base_007988.npz,262,False,
base_007989,train,train/base_007989.npz,68,False,
base_007990,train,train/base_007990.npz,85,False,
base_007991,train,train/base_007991.npz,418,False,
base_007992,train,train/base_007992.npz,149,False,
base_007993,train,train/base_007993.npz,85,False,
base_007994,train,train/base_007994.npz,120,False,
base_007995,train,train/base_007995.npz,262,False,
base_007996,train,train/base_007996.npz,45,False,
base_007997,train,train/base_007997.npz,433,False,
base_007998,train,train/base_007998.npz,216,False,
base_007999,train,train/base_007999.npz,64,False,
base_008000,val,val/base_008000.npz,183,False,
base_008001,val,val/base_008001.npz,41,False,
base_008002,val,val/base_008002.npz,276,False,
base_008003,val,val/base_008003.npz,173,False,
base_008004,val,val/base_008004.npz,471,False,
base_008005,val,val/base_008005.npz,175,False,
base_008006,val,val/base_008006.npz,232,False,
base_008007,val,val/base_008007.npz,63,False,
base_008008,val,val/base_008008.npz,60,False,
base_008009,val,val/base_008009.npz,304,False,
base_008010,val,val/base_008010.npz,40,False,
base_008011,val,val/base_008011.npz,40,False,
base_008012,val,val/base_008012.npz,62,False,
base_008013,val,val/base_008013.npz,180,False,
base_008014,val,val/base_008014.npz,92,False,
base_008015,val,val/base_008015.npz,332,False,
base_008016,val,val/base_008016.npz,92,False,
base_008017,val,val/base_008017.npz,262,False,
base_008018,val,val/base_008018.npz,180,False,
base_008019,val,val/base_008019.npz,85,False,
base_008020,val,val/base_008020.npz,174,False,
base_008021,val,val/base_008021.npz,40,False,
base_008022,val,val/base_008022.npz,359,False,
base_008023,val,val/base_008023.npz,85,False,
base_008024,val,val/base_008024.npz,45,False,
base_008025,val,val/base_008025.npz,45,False,
base_008026,val,val/base_008026.npz,421,False,
base_008027,val,val/base_008027.npz,261,False,
base_008028,val,val/base_008028.npz,477,False,
base_008029,val,val/base_008029.npz,63,False,
base_008030,val,val/base_008030.npz,332,False,
base_008031,val,val/base_008031.npz,416,False,
base_008032,val,val/base_008032.npz,356,False,
base_008033,val,val/base_008033.npz,180,False,
base_008034,val,val/base_008034.npz,120,False,
base_008035,val,val/base_008035.npz,320,False,
base_008036,val,val/base_008036.npz,60,False,
base_008037,val,val/base_008037.npz,120,False,
base_008038,val,val/base_008038.npz,216,False,
base_008039,val,val/base_008039.npz,63,False,
base_008040,val,val/base_008040.npz,121,False,
base_008041,val,val/base_008041.npz,232,False,
base_008042,val,val/base_008042.npz,138,False,
base_008043,val,val/base_008043.npz,474,False,
base_008044,val,val/base_008044.npz,304,False,
base_008045,val,val/base_008045.npz,181,False,
base_008046,val,val/base_008046.npz,120,False,
base_008047,val,val/base_008047.npz,262,False,
base_008048,val,val/base_008048.npz,60,False,
base_008049,val,val/base_008049.npz,64,False,
base_008050,val,val/base_008050.npz,91,False,
base_008051,val,val/base_008051.npz,85,False,
base_008052,val,val/base_008052.npz,421,False,
base_008053,val,val/base_008053.npz,332,False,
base_008054,val,val/base_008054.npz,40,False,
base_008055,val,val/base_008055.npz,60,False,
base_008056,val,val/base_008056.npz,177,False,
base_008057,val,val/base_008057.npz,304,False,
base_008058,val,val/base_008058.npz,255,False,
base_008059,val,val/base_008059.npz,368,False,
base_008060,val,val/base_008060.npz,160,False,
base_008061,val,val/base_008061.npz,160,False,
base_008062,val,val/base_008062.npz,432,False,
base_008063,val,val/base_008063.npz,368,False,
base_008064,val,val/base_008064.npz,91,False,
base_008065,val,val/base_008065.npz,63,False,
base_008066,val,val/base_008066.npz,64,False,
base_008067,val,val/base_008067.npz,416,False,
base_008068,val,val/base_008068.npz,138,False,
base_008069,val,val/base_008069.npz,60,False,
base_008070,val,val/base_008070.npz,116,False,
base_008071,val,val/base_008071.npz,490,False,
base_008072,val,val/base_008072.npz,255,False,
base_008073,val,val/base_008073.npz,216,False,
base_008074,val,val/base_008074.npz,41,False,
base_008075,val,val/base_008075.npz,158,False,
base_008076,val,val/base_008076.npz,63,False,
base_008077,val,val/base_008077.npz,320,False,
base_008078,val,val/base_008078.npz,473,False,
base_008079,val,val/base_008079.npz,180,False,
base_008080,val,val/base_008080.npz,304,False,
base_008081,val,val/base_008081.npz,366,False,
base_008082,val,val/base_008082.npz,216,False,
base_008083,val,val/base_008083.npz,85,False,
base_008084,val,val/base_008084.npz,150,False,
base_008085,val,val/base_008085.npz,160,False,
base_008086,val,val/base_008086.npz,41,False,
base_008087,val,val/base_008087.npz,320,False,
base_008088,val,val/base_008088.npz,477,False,
base_008089,val,val/base_008089.npz,85,False,
base_008090,val,val/base_008090.npz,261,False,
base_008091,val,val/base_008091.npz,60,False,
base_008092,val,val/base_008092.npz,255,False,
base_008093,val,val/base_008093.npz,216,False,
base_008094,val,val/base_008094.npz,471,False,
base_008095,val,val/base_008095.npz,63,False,
base_008096,val,val/base_008096.npz,175,False,
base_008097,val,val/base_008097.npz,41,False,
base_008098,val,val/base_008098.npz,216,False,
base_008099,val,val/base_008099.npz,276,False,
base_008100,val,val/base_008100.npz,40,False,
base_008101,val,val/base_008101.npz,60,False,
base_008102,val,val/base_008102.npz,216,False,
base_008103,val,val/base_008103.npz,160,False,
base_008104,val,val/base_008104.npz,173,False,
base_008105,val,val/base_008105.npz,116,False,
base_008106,val,val/base_008106.npz,232,False,
base_008107,val,val/base_008107.npz,173,False,
base_008108,val,val/base_008108.npz,216,False,
base_008109,val,val/base_008109.npz,216,False,
base_008110,val,val/base_008110.npz,40,False,
base_008111,val,val/base_008111.npz,64,False,
base_008112,val,val/base_008112.npz,116,False,
base_008113,val,val/base_008113.npz,120,False,
base_008114,val,val/base_008114.npz,150,False,
base_008115,val,val/base_008115.npz,216,False,
base_008116,val,val/base_008116.npz,160,False,
base_008117,val,val/base_008117.npz,45,False,
base_008118,val,val/base_008118.npz,320,False,
base_008119,val,val/base_008119.npz,319,False,
base_008120,val,val/base_008120.npz,262,False,
base_008121,val,val/base_008121.npz,63,False,
base_008122,val,val/base_008122.npz,116,False,
base_008123,val,val/base_008123.npz,109,False,
base_008124,val,val/base_008124.npz,262,False,
base_008125,val,val/base_008125.npz,320,False,
base_008126,val,val/base_008126.npz,60,False,
base_008127,val,val/base_008127.npz,91,False,
base_008128,val,val/base_008128.npz,45,False,
base_008129,val,val/base_008129.npz,262,False,
base_008130,val,val/base_008130.npz,116,False,
base_008131,val,val/base_008131.npz,320,False,
base_008132,val,val/base_008132.npz,359,False,
base_008133,val,val/base_008133.npz,433,False,
base_008134,val,val/base_008134.npz,91,False,
base_008135,val,val/base_008135.npz,109,False,
base_008136,val,val/base_008136.npz,63,False,
base_008137,val,val/base_008137.npz,91,False,
base_008138,val,val/base_008138.npz,91,False,
base_008139,val,val/base_008139.npz,421,False,
base_008140,val,val/base_008140.npz,173,False,
base_008141,val,val/base_008141.npz,63,False,
base_008142,val,val/base_008142.npz,64,False,
base_008143,val,val/base_008143.npz,62,False,
base_008144,val,val/base_008144.npz,182,False,
base_008145,val,val/base_008145.npz,85,False,
base_008146,val,val/base_008146.npz,64,False,
base_008147,val,val/base_008147.npz,85,False,
base_008148,val,val/base_008148.npz,216,False,
base_008149,val,val/base_008149.npz,474,False,
base_008150,val,val/base_008150.npz,216,False,
base_008151,val,val/base_008151.npz,366,False,
base_008152,val,val/base_008152.npz,121,False,
base_008153,val,val/base_008153.npz,216,False,
base_008154,val,val/base_008154.npz,138,False,
base_008155,val,val/base_008155.npz,216,False,
base_008156,val,val/base_008156.npz,60,False,
base_008157,val,val/base_008157.npz,149,False,
base_008158,val,val/base_008158.npz,138,False,
base_008159,val,val/base_008159.npz,216,False,
base_008160,val,val/base_008160.npz,261,False,
base_008161,val,val/base_008161.npz,304,False,
base_008162,val,val/base_008162.npz,474,False,
base_008163,val,val/base_008163.npz,41,False,
base_008164,val,val/base_008164.npz,40,False,
base_008165,val,val/base_008165.npz,63,False,
base_008166,val,val/base_008166.npz,85,False,
base_008167,val,val/base_008167.npz,477,False,
base_008168,val,val/base_008168.npz,216,False,
base_008169,val,val/base_008169.npz,357,False,
base_008170,val,val/base_008170.npz,45,False,
base_008171,val,val/base_008171.npz,262,False,
base_008172,val,val/base_008172.npz,216,False,
base_008173,val,val/base_008173.npz,116,False,
base_008174,val,val/base_008174.npz,304,False,
base_008175,val,val/base_008175.npz,116,False,
base_008176,val,val/base_008176.npz,255,False,
base_008177,val,val/base_008177.npz,92,False,
base_008178,val,val/base_008178.npz,476,False,
base_008179,val,val/base_008179.npz,255,False,
base_008180,val,val/base_008180.npz,332,False,
base_008181,val,val/base_008181.npz,261,False,
base_008182,val,val/base_008182.npz,120,False,
base_008183,val,val/base_008183.npz,60,False,
base_008184,val,val/base_008184.npz,64,False,
base_008185,val,val/base_008185.npz,490,False,
base_008186,val,val/base_008186.npz,304,False,
base_008187,val,val/base_008187.npz,149,False,
base_008188,val,val/base_008188.npz,366,False,
base_008189,val,val/base_008189.npz,63,False,
base_008190,val,val/base_008190.npz,85,False,
base_008191,val,val/base_008191.npz,60,False,
base_008192,val,val/base_008192.npz,91,False,
base_008193,val,val/base_008193.npz,92,False,
base_008194,val,val/base_008194.npz,432,False,
base_008195,val,val/base_008195.npz,180,False,
base_008196,val,val/base_008196.npz,118,False,
base_008197,val,val/base_008197.npz,85,False,
base_008198,val,val/base_008198.npz,216,False,
base_008199,val,val/base_008199.npz,149,False,
base_008200,val,val/base_008200.npz,150,False,
base_008201,val,val/base_008201.npz,261,False,
base_008202,val,val/base_008202.npz,158,False,
base_008203,val,val/base_008203.npz,490,False,
base_008204,val,val/base_008204.npz,118,False,
base_008205,val,val/base_008205.npz,116,False,
base_008206,val,val/base_008206.npz,150,False,
base_008207,val,val/base_008207.npz,40,False,
base_008208,val,val/base_008208.npz,116,False,
base_008209,val,val/base_008209.npz,173,False,
base_008210,val,val/base_008210.npz,85,False,
base_008211,val,val/base_008211.npz,182,False,
base_008212,val,val/base_008212.npz,180,False,
base_008213,val,val/base_008213.npz,63,False,
base_008214,val,val/base_008214.npz,91,False,
base_008215,val,val/base_008215.npz,276,False,
base_008216,val,val/base_008216.npz,116,False,
base_008217,val,val/base_008217.npz,193,False,
base_008218,val,val/base_008218.npz,175,False,
base_008219,val,val/base_008219.npz,109,False,
base_008220,val,val/base_008220.npz,320,False,
base_008221,val,val/base_008221.npz,40,False,
base_008222,val,val/base_008222.npz,120,False,
base_008223,val,val/base_008223.npz,116,False,
base_008224,val,val/base_008224.npz,41,False,
base_008225,val,val/base_008225.npz,259,False,
base_008226,val,val/base_008226.npz,150,False,
base_008227,val,val/base_008227.npz,91,False,
base_008228,val,val/base_008228.npz,138,False,
base_008229,val,val/base_008229.npz,116,False,
base_008230,val,val/base_008230.npz,490,False,
base_008231,val,val/base_008231.npz,182,False,
base_008232,val,val/base_008232.npz,63,False,
base_008233,val,val/base_008233.npz,120,False,
base_008234,val,val/base_008234.npz,275,False,
base_008235,val,val/base_008235.npz,59,False,
base_008236,val,val/base_008236.npz,490,False,
base_008237,val,val/base_008237.npz,91,False,
base_008238,val,val/base_008238.npz,63,False,
base_008239,val,val/base_008239.npz,41,False,
base_008240,val,val/base_008240.npz,182,False,
base_008241,val,val/base_008241.npz,60,False,
base_008242,val,val/base_008242.npz,183,False,
base_008243,val,val/base_008243.npz,45,False,
base_008244,val,val/base_008244.npz,416,False,
base_008245,val,val/base_008245.npz,40,False,
base_008246,val,val/base_008246.npz,45,False,
base_008247,val,val/base_008247.npz,116,False,
base_008248,val,val/base_008248.npz,160,False,
base_008249,val,val/base_008249.npz,181,False,
base_008250,val,val/base_008250.npz,320,False,
base_008251,val,val/base_008251.npz,320,False,
base_008252,val,val/base_008252.npz,91,False,
base_008253,val,val/base_008253.npz,85,False,
base_008254,val,val/base_008254.npz,63,False,
base_008255,val,val/base_008255.npz,150,False,
base_008256,val,val/base_008256.npz,332,False,
base_008257,val,val/base_008257.npz,320,False,
base_008258,val,val/base_008258.npz,359,False,
base_008259,val,val/base_008259.npz,85,False,
base_008260,val,val/base_008260.npz,160,False,
base_008261,val,val/base_008261.npz,261,False,
base_008262,val,val/base_008262.npz,85,False,
base_008263,val,val/base_008263.npz,158,False,
base_008264,val,val/base_008264.npz,149,False,
base_008265,val,val/base_008265.npz,150,False,
base_008266,val,val/base_008266.npz,232,False,
base_008267,val,val/base_008267.npz,121,False,
base_008268,val,val/base_008268.npz,120,False,
base_008269,val,val/base_008269.npz,359,False,
base_008270,val,val/base_008270.npz,60,False,
base_008271,val,val/base_008271.npz,45,False,
base_008272,val,val/base_008272.npz,116,False,
base_008273,val,val/base_008273.npz,260,False,
base_008274,val,val/base_008274.npz,421,False,
base_008275,val,val/base_008275.npz,63,False,
base_008276,val,val/base_008276.npz,45,False,
base_008277,val,val/base_008277.npz,138,False,
base_008278,val,val/base_008278.npz,216,False,
base_008279,val,val/base_008279.npz,120,False,
base_008280,val,val/base_008280.npz,63,False,
base_008281,val,val/base_008281.npz,41,False,
base_008282,val,val/base_008282.npz,366,False,
base_008283,val,val/base_008283.npz,261,False,
base_008284,val,val/base_008284.npz,91,False,
base_008285,val,val/base_008285.npz,91,False,
base_008286,val,val/base_008286.npz,138,False,
base_008287,val,val/base_008287.npz,116,False,
base_008288,val,val/base_008288.npz,368,False,
base_008289,val,val/base_008289.npz,41,False,
base_008290,val,val/base_008290.npz,64,False,
base_008291,val,val/base_008291.npz,85,False,
base_008292,val,val/base_008292.npz,109,False,
base_008293,val,val/base_008293.npz,60,False,
base_008294,val,val/base_008294.npz,149,False,
base_008295,val,val/base_008295.npz,490,False,
base_008296,val,val/base_008296.npz,359,False,
base_008297,val,val/base_008297.npz,85,False,
base_008298,val,val/base_008298.npz,59,False,
base_008299,val,val/base_008299.npz,63,False,
base_008300,val,val/base_008300.npz,109,False,
base_008301,val,val/base_008301.npz,320,False,
base_008302,val,val/base_008302.npz,41,False,
base_008303,val,val/base_008303.npz,109,False,
base_008304,val,val/base_008304.npz,60,False,
base_008305,val,val/base_008305.npz,120,False,
base_008306,val,val/base_008306.npz,180,False,
base_008307,val,val/base_008307.npz,359,False,
base_008308,val,val/base_008308.npz,92,False,
base_008309,val,val/base_008309.npz,60,False,
base_008310,val,val/base_008310.npz,432,False,
base_008311,val,val/base_008311.npz,59,False,
base_008312,val,val/base_008312.npz,180,False,
base_008313,val,val/base_008313.npz,368,False,
base_008314,val,val/base_008314.npz,138,False,
base_008315,val,val/base_008315.npz,232,False,
base_008316,val,val/base_008316.npz,45,False,
base_008317,val,val/base_008317.npz,305,False,
base_008318,val,val/base_008318.npz,359,False,
base_008319,val,val/base_008319.npz,276,False,
base_008320,val,val/base_008320.npz,175,False,
base_008321,val,val/base_008321.npz,255,False,
base_008322,val,val/base_008322.npz,64,False,
base_008323,val,val/base_008323.npz,149,False,
base_008324,val,val/base_008324.npz,138,False,
base_008325,val,val/base_008325.npz,471,False,
base_008326,val,val/base_008326.npz,63,False,
base_008327,val,val/base_008327.npz,304,False,
base_008328,val,val/base_008328.npz,85,False,
base_008329,val,val/base_008329.npz,232,False,
base_008330,val,val/base_008330.npz,181,False,
base_008331,val,val/base_008331.npz,175,False,
base_008332,val,val/base_008332.npz,41,False,
base_008333,val,val/base_008333.npz,182,False,
base_008334,val,val/base_008334.npz,275,False,
base_008335,val,val/base_008335.npz,173,False,
base_008336,val,val/base_008336.npz,366,False,
base_008337,val,val/base_008337.npz,109,False,
base_008338,val,val/base_008338.npz,45,False,
base_008339,val,val/base_008339.npz,91,False,
base_008340,val,val/base_008340.npz,232,False,
base_008341,val,val/base_008341.npz,45,False,
base_008342,val,val/base_008342.npz,175,False,
base_008343,val,val/base_008343.npz,41,False,
base_008344,val,val/base_008344.npz,41,False,
base_008345,val,val/base_008345.npz,421,False,
base_008346,val,val/base_008346.npz,367,False,
base_008347,val,val/base_008347.npz,261,False,
base_008348,val,val/base_008348.npz,85,False,
base_008349,val,val/base_008349.npz,63,False,
base_008350,val,val/base_008350.npz,63,False,
base_008351,val,val/base_008351.npz,471,False,
base_008352,val,val/base_008352.npz,85,False,
base_008353,val,val/base_008353.npz,85,False,
base_008354,val,val/base_008354.npz,474,False,
base_008355,val,val/base_008355.npz,149,False,
base_008356,val,val/base_008356.npz,118,False,
base_008357,val,val/base_008357.npz,85,False,
base_008358,val,val/base_008358.npz,474,False,
base_008359,val,val/base_008359.npz,262,False,
base_008360,val,val/base_008360.npz,490,False,
base_008361,val,val/base_008361.npz,121,False,
base_008362,val,val/base_008362.npz,150,False,
base_008363,val,val/base_008363.npz,45,False,
base_008364,val,val/base_008364.npz,276,False,
base_008365,val,val/base_008365.npz,60,False,
base_008366,val,val/base_008366.npz,121,False,
base_008367,val,val/base_008367.npz,60,False,
base_008368,val,val/base_008368.npz,158,False,
base_008369,val,val/base_008369.npz,180,False,
base_008370,val,val/base_008370.npz,418,False,
base_008371,val,val/base_008371.npz,177,False,
base_008372,val,val/base_008372.npz,45,False,
base_008373,val,val/base_008373.npz,216,False,
base_008374,val,val/base_008374.npz,158,False,
base_008375,val,val/base_008375.npz,40,False,
base_008376,val,val/base_008376.npz,116,False,
base_008377,val,val/base_008377.npz,275,False,
base_008378,val,val/base_008378.npz,45,False,
base_008379,val,val/base_008379.npz,150,False,
base_008380,val,val/base_008380.npz,60,False,
base_008381,val,val/base_008381.npz,304,False,
base_008382,val,val/base_008382.npz,85,False,
base_008383,val,val/base_008383.npz,216,False,
base_008384,val,val/base_008384.npz,41,False,
base_008385,val,val/base_008385.npz,91,False,
base_008386,val,val/base_008386.npz,85,False,
base_008387,val,val/base_008387.npz,85,False,
base_008388,val,val/base_008388.npz,181,False,
base_008389,val,val/base_008389.npz,92,False,
base_008390,val,val/base_008390.npz,158,False,
base_008391,val,val/base_008391.npz,45,False,
base_008392,val,val/base_008392.npz,120,False,
base_008393,val,val/base_008393.npz,41,False,
base_008394,val,val/base_008394.npz,45,False,
base_008395,val,val/base_008395.npz,150,False,
base_008396,val,val/base_008396.npz,359,False,
base_008397,val,val/base_008397.npz,150,False,
base_008398,val,val/base_008398.npz,149,False,
base_008399,val,val/base_008399.npz,63,False,
base_008400,val,val/base_008400.npz,60,False,
base_008401,val,val/base_008401.npz,368,False,
base_008402,val,val/base_008402.npz,305,False,
base_008403,val,val/base_008403.npz,182,False,
base_008404,val,val/base_008404.npz,255,False,
base_008405,val,val/base_008405.npz,63,False,
base_008406,val,val/base_008406.npz,366,False,
base_008407,val,val/base_008407.npz,121,False,
base_008408,val,val/base_008408.npz,320,False,
base_008409,val,val/base_008409.npz,216,False,
base_008410,val,val/base_008410.npz,490,False,
base_008411,val,val/base_008411.npz,85,False,
base_008412,val,val/base_008412.npz,138,False,
base_008413,val,val/base_008413.npz,63,False,
base_008414,val,val/base_008414.npz,477,False,
base_008415,val,val/base_008415.npz,63,False,
base_008416,val,val/base_008416.npz,63,False,
base_008417,val,val/base_008417.npz,366,False,
base_008418,val,val/base_008418.npz,182,False,
base_008419,val,val/base_008419.npz,92,False,
base_008420,val,val/base_008420.npz,182,False,
base_008421,val,val/base_008421.npz,490,False,
base_008422,val,val/base_008422.npz,45,False,
base_008423,val,val/base_008423.npz,45,False,
base_008424,val,val/base_008424.npz,91,False,
base_008425,val,val/base_008425.npz,180,False,
base_008426,val,val/base_008426.npz,60,False,
base_008427,val,val/base_008427.npz,60,False,
base_008428,val,val/base_008428.npz,121,False,
base_008429,val,val/base_008429.npz,366,False,
base_008430,val,val/base_008430.npz,41,False,
base_008431,val,val/base_008431.npz,109,False,
base_008432,val,val/base_008432.npz,91,False,
base_008433,val,val/base_008433.npz,40,False,
base_008434,val,val/base_008434.npz,304,False,
base_008435,val,val/base_008435.npz,276,False,
base_008436,val,val/base_008436.npz,120,False,
base_008437,val,val/base_008437.npz,91,False,
base_008438,val,val/base_008438.npz,275,False,
base_008439,val,val/base_008439.npz,116,False,
base_008440,val,val/base_008440.npz,85,False,
base_008441,val,val/base_008441.npz,138,False,
base_008442,val,val/base_008442.npz,183,False,
base_008443,val,val/base_008443.npz,91,False,
base_008444,val,val/base_008444.npz,180,False,
base_008445,val,val/base_008445.npz,41,False,
base_008446,val,val/base_008446.npz,332,False,
base_008447,val,val/base_008447.npz,368,False,
base_008448,val,val/base_008448.npz,320,False,
base_008449,val,val/base_008449.npz,320,False,
base_008450,val,val/base_008450.npz,216,False,
base_008451,val,val/base_008451.npz,91,False,
base_008452,val,val/base_008452.npz,183,False,
base_008453,val,val/base_008453.npz,59,False,
base_008454,val,val/base_008454.npz,85,False,
base_008455,val,val/base_008455.npz,91,False,
base_008456,val,val/base_008456.npz,232,False,
base_008457,val,val/base_008457.npz,432,False,
base_008458,val,val/base_008458.npz,216,False,
base_008459,val,val/base_008459.npz,304,False,
base_008460,val,val/base_008460.npz,183,False,
base_008461,val,val/base_008461.npz,359,False,
base_008462,val,val/base_008462.npz,64,False,
base_008463,val,val/base_008463.npz,160,False,
base_008464,val,val/base_008464.npz,477,False,
base_008465,val,val/base_008465.npz,60,False,
base_008466,val,val/base_008466.npz,63,False,
base_008467,val,val/base_008467.npz,433,False,
base_008468,val,val/base_008468.npz,121,False,
base_008469,val,val/base_008469.npz,85,False,
base_008470,val,val/base_008470.npz,359,False,
base_008471,val,val/base_008471.npz,318,False,
base_008472,val,val/base_008472.npz,41,False,
base_008473,val,val/base_008473.npz,158,False,
base_008474,val,val/base_008474.npz,421,False,
base_008475,val,val/base_008475.npz,366,False,
base_008476,val,val/base_008476.npz,490,False,
base_008477,val,val/base_008477.npz,180,False,
base_008478,val,val/base_008478.npz,432,False,
base_008479,val,val/base_008479.npz,305,False,
base_008480,val,val/base_008480.npz,367,False,
base_008481,val,val/base_008481.npz,45,False,
base_008482,val,val/base_008482.npz,85,False,
base_008483,val,val/base_008483.npz,41,False,
base_008484,val,val/base_008484.npz,40,False,
base_008485,val,val/base_008485.npz,92,False,
base_008486,val,val/base_008486.npz,158,False,
base_008487,val,val/base_008487.npz,91,False,
base_008488,val,val/base_008488.npz,477,False,
base_008489,val,val/base_008489.npz,276,False,
base_008490,val,val/base_008490.npz,63,False,
base_008491,val,val/base_008491.npz,85,False,
base_008492,val,val/base_008492.npz,45,False,
base_008493,val,val/base_008493.npz,320,False,
base_008494,val,val/base_008494.npz,460,False,
base_008495,val,val/base_008495.npz,432,False,
base_008496,val,val/base_008496.npz,120,False,
base_008497,val,val/base_008497.npz,232,False,
base_008498,val,val/base_008498.npz,41,False,
base_008499,val,val/base_008499.npz,85,False,
base_008500,val,val/base_008500.npz,183,False,
base_008501,val,val/base_008501.npz,474,False,
base_008502,val,val/base_008502.npz,431,False,
base_008503,val,val/base_008503.npz,304,False,
base_008504,val,val/base_008504.npz,232,False,
base_008505,val,val/base_008505.npz,41,False,
base_008506,val,val/base_008506.npz,92,False,
base_008507,val,val/base_008507.npz,116,False,
base_008508,val,val/base_008508.npz,121,False,
base_008509,val,val/base_008509.npz,476,False,
base_008510,val,val/base_008510.npz,320,False,
base_008511,val,val/base_008511.npz,320,False,
base_008512,val,val/base_008512.npz,320,False,
base_008513,val,val/base_008513.npz,421,False,
base_008514,val,val/base_008514.npz,120,False,
base_008515,val,val/base_008515.npz,305,False,
base_008516,val,val/base_008516.npz,64,False,
base_008517,val,val/base_008517.npz,359,False,
base_008518,val,val/base_008518.npz,116,False,
base_008519,val,val/base_008519.npz,416,False,
base_008520,val,val/base_008520.npz,149,False,
base_008521,val,val/base_008521.npz,109,False,
base_008522,val,val/base_008522.npz,216,False,
base_008523,val,val/base_008523.npz,432,False,
base_008524,val,val/base_008524.npz,332,False,
base_008525,val,val/base_008525.npz,121,False,
base_008526,val,val/base_008526.npz,366,False,
base_008527,val,val/base_008527.npz,320,False,
base_008528,val,val/base_008528.npz,63,False,
base_008529,val,val/base_008529.npz,85,False,
base_008530,val,val/base_008530.npz,216,False,
base_008531,val,val/base_008531.npz,121,False,
base_008532,val,val/base_008532.npz,150,False,
base_008533,val,val/base_008533.npz,319,False,
base_008534,val,val/base_008534.npz,109,False,
base_008535,val,val/base_008535.npz,216,False,
base_008536,val,val/base_008536.npz,116,False,
base_008537,val,val/base_008537.npz,432,False,
base_008538,val,val/base_008538.npz,490,False,
base_008539,val,val/base_008539.npz,120,False,
base_008540,val,val/base_008540.npz,45,False,
base_008541,val,val/base_008541.npz,59,False,
base_008542,val,val/base_008542.npz,366,False,
base_008543,val,val/base_008543.npz,120,False,
base_008544,val,val/base_008544.npz,433,False,
base_008545,val,val/base_008545.npz,85,False,
base_008546,val,val/base_008546.npz,367,False,
base_008547,val,val/base_008547.npz,63,False,
base_008548,val,val/base_008548.npz,138,False,
base_008549,val,val/base_008549.npz,421,False,
base_008550,val,val/base_008550.npz,63,False,
base_008551,val,val/base_008551.npz,261,False,
base_008552,val,val/base_008552.npz,85,False,
base_008553,val,val/base_008553.npz,40,False,
base_008554,val,val/base_008554.npz,60,False,
base_008555,val,val/base_008555.npz,476,False,
base_008556,val,val/base_008556.npz,150,False,
base_008557,val,val/base_008557.npz,60,False,
base_008558,val,val/base_008558.npz,41,False,
base_008559,val,val/base_008559.npz,255,False,
base_008560,val,val/base_008560.npz,182,False,
base_008561,val,val/base_008561.npz,60,False,
base_008562,val,val/base_008562.npz,85,False,
base_008563,val,val/base_008563.npz,476,False,
base_008564,val,val/base_008564.npz,150,False,
base_008565,val,val/base_008565.npz,477,False,
base_008566,val,val/base_008566.npz,216,False,
base_008567,val,val/base_008567.npz,45,False,
base_008568,val,val/base_008568.npz,118,False,
base_008569,val,val/base_008569.npz,63,False,
base_008570,val,val/base_008570.npz,366,False,
base_008571,val,val/base_008571.npz,477,False,
base_008572,val,val/base_008572.npz,59,False,
base_008573,val,val/base_008573.npz,85,False,
base_008574,val,val/base_008574.npz,415,False,
base_008575,val,val/base_008575.npz,415,False,
base_008576,val,val/base_008576.npz,149,False,
base_008577,val,val/base_008577.npz,183,False,
base_008578,val,val/base_008578.npz,415,False,
base_008579,val,val/base_008579.npz,421,False,
base_008580,val,val/base_008580.npz,276,False,
base_008581,val,val/base_008581.npz,45,False,
base_008582,val,val/base_008582.npz,149,False,
base_008583,val,val/base_008583.npz,149,False,
base_008584,val,val/base_008584.npz,158,False,
base_008585,val,val/base_008585.npz,92,False,
base_008586,val,val/base_008586.npz,116,False,
base_008587,val,val/base_008587.npz,150,False,
base_008588,val,val/base_008588.npz,421,False,
base_008589,val,val/base_008589.npz,91,False,
base_008590,val,val/base_008590.npz,366,False,
base_008591,val,val/base_008591.npz,476,False,
base_008592,val,val/base_008592.npz,92,False,
base_008593,val,val/base_008593.npz,180,False,
base_008594,val,val/base_008594.npz,92,False,
base_008595,val,val/base_008595.npz,259,False,
base_008596,val,val/base_008596.npz,183,False,
base_008597,val,val/base_008597.npz,320,False,
base_008598,val,val/base_008598.npz,60,False,
base_008599,val,val/base_008599.npz,304,False,
base_008600,val,val/base_008600.npz,421,False,
base_008601,val,val/base_008601.npz,60,False,
base_008602,val,val/base_008602.npz,121,False,
base_008603,val,val/base_008603.npz,150,False,
base_008604,val,val/base_008604.npz,59,False,
base_008605,val,val/base_008605.npz,259,False,
base_008606,val,val/base_008606.npz,359,False,
base_008607,val,val/base_008607.npz,120,False,
base_008608,val,val/base_008608.npz,63,False,
base_008609,val,val/base_008609.npz,85,False,
base_008610,val,val/base_008610.npz,320,False,
base_008611,val,val/base_008611.npz,232,False,
base_008612,val,val/base_008612.npz,366,False,
base_008613,val,val/base_008613.npz,138,False,
base_008614,val,val/base_008614.npz,182,False,
base_008615,val,val/base_008615.npz,432,False,
base_008616,val,val/base_008616.npz,118,False,
base_008617,val,val/base_008617.npz,180,False,
base_008618,val,val/base_008618.npz,261,False,
base_008619,val,val/base_008619.npz,63,False,
base_008620,val,val/base_008620.npz,109,False,
base_008621,val,val/base_008621.npz,45,False,
base_008622,val,val/base_008622.npz,92,False,
base_008623,val,val/base_008623.npz,121,False,
base_008624,val,val/base_008624.npz,41,False,
base_008625,val,val/base_008625.npz,85,False,
base_008626,val,val/base_008626.npz,68,False,
base_008627,val,val/base_008627.npz,173,False,
base_008628,val,val/base_008628.npz,216,False,
base_008629,val,val/base_008629.npz,175,False,
base_008630,val,val/base_008630.npz,150,False,
base_008631,val,val/base_008631.npz,216,False,
base_008632,val,val/base_008632.npz,262,False,
base_008633,val,val/base_008633.npz,138,False,
base_008634,val,val/base_008634.npz,368,False,
base_008635,val,val/base_008635.npz,180,False,
base_008636,val,val/base_008636.npz,63,False,
base_008637,val,val/base_008637.npz,415,False,
base_008638,val,val/base_008638.npz,120,False,
base_008639,val,val/base_008639.npz,85,False,
base_008640,val,val/base_008640.npz,180,False,
base_008641,val,val/base_008641.npz,320,False,
base_008642,val,val/base_008642.npz,45,False,
base_008643,val,val/base_008643.npz,259,False,
base_008644,val,val/base_008644.npz,64,False,
base_008645,val,val/base_008645.npz,367,False,
base_008646,val,val/base_008646.npz,421,False,
base_008647,val,val/base_008647.npz,60,False,
base_008648,val,val/base_008648.npz,160,False,
base_008649,val,val/base_008649.npz,261,False,
base_008650,val,val/base_008650.npz,121,False,
base_008651,val,val/base_008651.npz,85,False,
base_008652,val,val/base_008652.npz,232,False,
base_008653,val,val/base_008653.npz,64,False,
base_008654,val,val/base_008654.npz,41,False,
base_008655,val,val/base_008655.npz,41,False,
base_008656,val,val/base_008656.npz,368,False,
base_008657,val,val/base_008657.npz,320,False,
base_008658,val,val/base_008658.npz,262,False,
base_008659,val,val/base_008659.npz,160,False,
base_008660,val,val/base_008660.npz,59,False,
base_008661,val,val/base_008661.npz,45,False,
base_008662,val,val/base_008662.npz,460,False,
base_008663,val,val/base_008663.npz,63,False,
base_008664,val,val/base_008664.npz,476,False,
base_008665,val,val/base_008665.npz,216,False,
base_008666,val,val/base_008666.npz,175,False,
base_008667,val,val/base_008667.npz,63,False,
base_008668,val,val/base_008668.npz,92,False,
base_008669,val,val/base_008669.npz,92,False,
base_008670,val,val/base_008670.npz,175,False,
base_008671,val,val/base_008671.npz,41,False,
base_008672,val,val/base_008672.npz,421,False,
base_008673,val,val/base_008673.npz,216,False,
base_008674,val,val/base_008674.npz,183,False,
base_008675,val,val/base_008675.npz,332,False,
base_008676,val,val/base_008676.npz,60,False,
base_008677,val,val/base_008677.npz,421,False,
base_008678,val,val/base_008678.npz,45,False,
base_008679,val,val/base_008679.npz,232,False,
base_008680,val,val/base_008680.npz,85,False,
base_008681,val,val/base_008681.npz,477,False,
base_008682,val,val/base_008682.npz,64,False,
base_008683,val,val/base_008683.npz,120,False,
base_008684,val,val/base_008684.npz,64,False,
base_008685,val,val/base_008685.npz,45,False,
base_008686,val,val/base_008686.npz,275,False,
base_008687,val,val/base_008687.npz,120,False,
base_008688,val,val/base_008688.npz,416,False,
base_008689,val,val/base_008689.npz,121,False,
base_008690,val,val/base_008690.npz,262,False,
base_008691,val,val/base_008691.npz,64,False,
base_008692,val,val/base_008692.npz,120,False,
base_008693,val,val/base_008693.npz,45,False,
base_008694,val,val/base_008694.npz,320,False,
base_008695,val,val/base_008695.npz,359,False,
base_008696,val,val/base_008696.npz,116,False,
base_008697,val,val/base_008697.npz,63,False,
base_008698,val,val/base_008698.npz,41,False,
base_008699,val,val/base_008699.npz,216,False,
base_008700,val,val/base_008700.npz,180,False,
base_008701,val,val/base_008701.npz,92,False,
base_008702,val,val/base_008702.npz,63,False,
base_008703,val,val/base_008703.npz,366,False,
base_008704,val,val/base_008704.npz,149,False,
base_008705,val,val/base_008705.npz,92,False,
base_008706,val,val/base_008706.npz,60,False,
base_008707,val,val/base_008707.npz,182,False,
base_008708,val,val/base_008708.npz,216,False,
base_008709,val,val/base_008709.npz,45,False,
base_008710,val,val/base_008710.npz,120,False,
base_008711,val,val/base_008711.npz,182,False,
base_008712,val,val/base_008712.npz,91,False,
base_008713,val,val/base_008713.npz,63,False,
base_008714,val,val/base_008714.npz,216,False,
base_008715,val,val/base_008715.npz,432,False,
base_008716,val,val/base_008716.npz,85,False,
base_008717,val,val/base_008717.npz,45,False,
base_008718,val,val/base_008718.npz,255,False,
base_008719,val,val/base_008719.npz,260,False,
base_008720,val,val/base_008720.npz,40,False,
base_008721,val,val/base_008721.npz,64,False,
base_008722,val,val/base_008722.npz,232,False,
base_008723,val,val/base_008723.npz,474,False,
base_008724,val,val/base_008724.npz,85,False,
base_008725,val,val/base_008725.npz,116,False,
base_008726,val,val/base_008726.npz,261,False,
base_008727,val,val/base_008727.npz,85,False,
base_008728,val,val/base_008728.npz,183,False,
base_008729,val,val/base_008729.npz,63,False,
base_008730,val,val/base_008730.npz,85,False,
base_008731,val,val/base_008731.npz,41,False,
base_008732,val,val/base_008732.npz,182,False,
base_008733,val,val/base_008733.npz,60,False,
base_008734,val,val/base_008734.npz,304,False,
base_008735,val,val/base_008735.npz,150,False,
base_008736,val,val/base_008736.npz,366,False,
base_008737,val,val/base_008737.npz,432,False,
base_008738,val,val/base_008738.npz,216,False,
base_008739,val,val/base_008739.npz,359,False,
base_008740,val,val/base_008740.npz,182,False,
base_008741,val,val/base_008741.npz,60,False,
base_008742,val,val/base_008742.npz,180,False,
base_008743,val,val/base_008743.npz,260,False,
base_008744,val,val/base_008744.npz,92,False,
base_008745,val,val/base_008745.npz,91,False,
base_008746,val,val/base_008746.npz,320,False,
base_008747,val,val/base_008747.npz,359,False,
base_008748,val,val/base_008748.npz,85,False,
base_008749,val,val/base_008749.npz,183,False,
base_008750,val,val/base_008750.npz,477,False,
base_008751,val,val/base_008751.npz,149,False,
base_008752,val,val/base_008752.npz,319,False,
base_008753,val,val/base_008753.npz,262,False,
base_008754,val,val/base_008754.npz,150,False,
base_008755,val,val/base_008755.npz,232,False,
base_008756,val,val/base_008756.npz,60,False,
base_008757,val,val/base_008757.npz,262,False,
base_008758,val,val/base_008758.npz,359,False,
base_008759,val,val/base_008759.npz,421,False,
base_008760,val,val/base_008760.npz,182,False,
base_008761,val,val/base_008761.npz,91,False,
base_008762,val,val/base_008762.npz,158,False,
base_008763,val,val/base_008763.npz,275,False,
base_008764,val,val/base_008764.npz,474,False,
base_008765,val,val/base_008765.npz,40,False,
base_008766,val,val/base_008766.npz,45,False,
base_008767,val,val/base_008767.npz,232,False,
base_008768,val,val/base_008768.npz,149,False,
base_008769,val,val/base_008769.npz,232,False,
base_008770,val,val/base_008770.npz,109,False,
base_008771,val,val/base_008771.npz,41,False,
base_008772,val,val/base_008772.npz,116,False,
base_008773,val,val/base_008773.npz,138,False,
base_008774,val,val/base_008774.npz,121,False,
base_008775,val,val/base_008775.npz,432,False,
base_008776,val,val/base_008776.npz,64,False,
base_008777,val,val/base_008777.npz,64,False,
base_008778,val,val/base_008778.npz,63,False,
base_008779,val,val/base_008779.npz,276,False,
base_008780,val,val/base_008780.npz,116,False,
base_008781,val,val/base_008781.npz,85,False,
base_008782,val,val/base_008782.npz,92,False,
base_008783,val,val/base_008783.npz,138,False,
base_008784,val,val/base_008784.npz,91,False,
base_008785,val,val/base_008785.npz,182,False,
base_008786,val,val/base_008786.npz,60,False,
base_008787,val,val/base_008787.npz,460,False,
base_008788,val,val/base_008788.npz,85,False,
base_008789,val,val/base_008789.npz,85,False,
base_008790,val,val/base_008790.npz,432,False,
base_008791,val,val/base_008791.npz,138,False,
base_008792,val,val/base_008792.npz,64,False,
base_008793,val,val/base_008793.npz,91,False,
base_008794,val,val/base_008794.npz,432,False,
base_008795,val,val/base_008795.npz,150,False,
base_008796,val,val/base_008796.npz,149,False,
base_008797,val,val/base_008797.npz,60,False,
base_008798,val,val/base_008798.npz,216,False,
base_008799,val,val/base_008799.npz,41,False,
base_008800,val,val/base_008800.npz,275,False,
base_008801,val,val/base_008801.npz,60,False,
base_008802,val,val/base_008802.npz,183,False,
base_008803,val,val/base_008803.npz,150,False,
base_008804,val,val/base_008804.npz,41,False,
base_008805,val,val/base_008805.npz,85,False,
base_008806,val,val/base_008806.npz,118,False,
base_008807,val,val/base_008807.npz,63,False,
base_008808,val,val/base_008808.npz,138,False,
base_008809,val,val/base_008809.npz,92,False,
base_008810,val,val/base_008810.npz,367,False,
base_008811,val,val/base_008811.npz,149,False,
base_008812,val,val/base_008812.npz,63,False,
base_008813,val,val/base_008813.npz,85,False,
base_008814,val,val/base_008814.npz,150,False,
base_008815,val,val/base_008815.npz,216,False,
base_008816,val,val/base_008816.npz,41,False,
base_008817,val,val/base_008817.npz,41,False,
base_008818,val,val/base_008818.npz,366,False,
base_008819,val,val/base_008819.npz,116,False,
base_008820,val,val/base_008820.npz,149,False,
base_008821,val,val/base_008821.npz,359,False,
base_008822,val,val/base_008822.npz,138,False,
base_008823,val,val/base_008823.npz,121,False,
base_008824,val,val/base_008824.npz,175,False,
base_008825,val,val/base_008825.npz,232,False,
base_008826,val,val/base_008826.npz,63,False,
base_008827,val,val/base_008827.npz,320,False,
base_008828,val,val/base_008828.npz,121,False,
base_008829,val,val/base_008829.npz,41,False,
base_008830,val,val/base_008830.npz,120,False,
base_008831,val,val/base_008831.npz,85,False,
base_008832,val,val/base_008832.npz,41,False,
base_008833,val,val/base_008833.npz,138,False,
base_008834,val,val/base_008834.npz,417,False,
base_008835,val,val/base_008835.npz,60,False,
base_008836,val,val/base_008836.npz,116,False,
base_008837,val,val/base_008837.npz,180,False,
base_008838,val,val/base_008838.npz,116,False,
base_008839,val,val/base_008839.npz,59,False,
base_008840,val,val/base_008840.npz,261,False,
base_008841,val,val/base_008841.npz,461,False,
base_008842,val,val/base_008842.npz,116,False,
base_008843,val,val/base_008843.npz,471,False,
base_008844,val,val/base_008844.npz,182,False,
base_008845,val,val/base_008845.npz,60,False,
base_008846,val,val/base_008846.npz,91,False,
base_008847,val,val/base_008847.npz,332,False,
base_008848,val,val/base_008848.npz,490,False,
base_008849,val,val/base_008849.npz,359,False,
base_008850,val,val/base_008850.npz,232,False,
base_008851,val,val/base_008851.npz,432,False,
base_008852,val,val/base_008852.npz,319,False,
base_008853,val,val/base_008853.npz,490,False,
base_008854,val,val/base_008854.npz,64,False,
base_008855,val,val/base_008855.npz,320,False,
base_008856,val,val/base_008856.npz,116,False,
base_008857,val,val/base_008857.npz,63,False,
base_008858,val,val/base_008858.npz,85,False,
base_008859,val,val/base_008859.npz,116,False,
base_008860,val,val/base_008860.npz,63,False,
base_008861,val,val/base_008861.npz,401,False,
base_008862,val,val/base_008862.npz,150,False,
base_008863,val,val/base_008863.npz,121,False,
base_008864,val,val/base_008864.npz,41,False,
base_008865,val,val/base_008865.npz,121,False,
base_008866,val,val/base_008866.npz,109,False,
base_008867,val,val/base_008867.npz,421,False,
base_008868,val,val/base_008868.npz,45,False,
base_008869,val,val/base_008869.npz,121,False,
base_008870,val,val/base_008870.npz,216,False,
base_008871,val,val/base_008871.npz,320,False,
base_008872,val,val/base_008872.npz,320,False,
base_008873,val,val/base_008873.npz,116,False,
base_008874,val,val/base_008874.npz,216,False,
base_008875,val,val/base_008875.npz,64,False,
base_008876,val,val/base_008876.npz,121,False,
base_008877,val,val/base_008877.npz,175,False,
base_008878,val,val/base_008878.npz,232,False,
base_008879,val,val/base_008879.npz,138,False,
base_008880,val,val/base_008880.npz,367,False,
base_008881,val,val/base_008881.npz,60,False,
base_008882,val,val/base_008882.npz,85,False,
base_008883,val,val/base_008883.npz,92,False,
base_008884,val,val/base_008884.npz,183,False,
base_008885,val,val/base_008885.npz,160,False,
base_008886,val,val/base_008886.npz,183,False,
base_008887,val,val/base_008887.npz,275,False,
base_008888,val,val/base_008888.npz,490,False,
base_008889,val,val/base_008889.npz,432,False,
base_008890,val,val/base_008890.npz,368,False,
base_008891,val,val/base_008891.npz,63,False,
base_008892,val,val/base_008892.npz,116,False,
base_008893,val,val/base_008893.npz,232,False,
base_008894,val,val/base_008894.npz,40,False,
base_008895,val,val/base_008895.npz,64,False,
base_008896,val,val/base_008896.npz,85,False,
base_008897,val,val/base_008897.npz,175,False,
base_008898,val,val/base_008898.npz,255,False,
base_008899,val,val/base_008899.npz,262,False,
base_008900,val,val/base_008900.npz,356,False,
base_008901,val,val/base_008901.npz,121,False,
base_008902,val,val/base_008902.npz,173,False,
base_008903,val,val/base_008903.npz,91,False,
base_008904,val,val/base_008904.npz,359,False,
base_008905,val,val/base_008905.npz,64,False,
base_008906,val,val/base_008906.npz,433,False,
base_008907,val,val/base_008907.npz,116,False,
base_008908,val,val/base_008908.npz,121,False,
base_008909,val,val/base_008909.npz,177,False,
base_008910,val,val/base_008910.npz,116,False,
base_008911,val,val/base_008911.npz,320,False,
base_008912,val,val/base_008912.npz,262,False,
base_008913,val,val/base_008913.npz,92,False,
base_008914,val,val/base_008914.npz,116,False,
base_008915,val,val/base_008915.npz,41,False,
base_008916,val,val/base_008916.npz,149,False,
base_008917,val,val/base_008917.npz,85,False,
base_008918,val,val/base_008918.npz,460,False,
base_008919,val,val/base_008919.npz,85,False,
base_008920,val,val/base_008920.npz,138,False,
base_008921,val,val/base_008921.npz,41,False,
base_008922,val,val/base_008922.npz,262,False,
base_008923,val,val/base_008923.npz,63,False,
base_008924,val,val/base_008924.npz,180,False,
base_008925,val,val/base_008925.npz,63,False,
base_008926,val,val/base_008926.npz,461,False,
base_008927,val,val/base_008927.npz,149,False,
base_008928,val,val/base_008928.npz,85,False,
base_008929,val,val/base_008929.npz,232,False,
base_008930,val,val/base_008930.npz,180,False,
base_008931,val,val/base_008931.npz,116,False,
base_008932,val,val/base_008932.npz,262,False,
base_008933,val,val/base_008933.npz,421,False,
base_008934,val,val/base_008934.npz,216,False,
base_008935,val,val/base_008935.npz,121,False,
base_008936,val,val/base_008936.npz,85,False,
base_008937,val,val/base_008937.npz,357,False,
base_008938,val,val/base_008938.npz,180,False,
base_008939,val,val/base_008939.npz,64,False,
base_008940,val,val/base_008940.npz,216,False,
base_008941,val,val/base_008941.npz,64,False,
base_008942,val,val/base_008942.npz,232,False,
base_008943,val,val/base_008943.npz,176,False,
base_008944,val,val/base_008944.npz,320,False,
base_008945,val,val/base_008945.npz,149,False,
base_008946,val,val/base_008946.npz,63,False,
base_008947,val,val/base_008947.npz,262,False,
base_008948,val,val/base_008948.npz,276,False,
base_008949,val,val/base_008949.npz,490,False,
base_008950,val,val/base_008950.npz,368,False,
base_008951,val,val/base_008951.npz,91,False,
base_008952,val,val/base_008952.npz,216,False,
base_008953,val,val/base_008953.npz,262,False,
base_008954,val,val/base_008954.npz,183,False,
base_008955,val,val/base_008955.npz,138,False,
base_008956,val,val/base_008956.npz,40,False,
base_008957,val,val/base_008957.npz,121,False,
base_008958,val,val/base_008958.npz,471,False,
base_008959,val,val/base_008959.npz,490,False,
base_008960,val,val/base_008960.npz,150,False,
base_008961,val,val/base_008961.npz,262,False,
base_008962,val,val/base_008962.npz,63,False,
base_008963,val,val/base_008963.npz,366,False,
base_008964,val,val/base_008964.npz,41,False,
base_008965,val,val/base_008965.npz,63,False,
base_008966,val,val/base_008966.npz,460,False,
base_008967,val,val/base_008967.npz,366,False,
base_008968,val,val/base_008968.npz,62,False,
base_008969,val,val/base_008969.npz,320,False,
base_008970,val,val/base_008970.npz,232,False,
base_008971,val,val/base_008971.npz,259,False,
base_008972,val,val/base_008972.npz,261,False,
base_008973,val,val/base_008973.npz,63,False,
base_008974,val,val/base_008974.npz,174,False,
base_008975,val,val/base_008975.npz,41,False,
base_008976,val,val/base_008976.npz,59,False,
base_008977,val,val/base_008977.npz,41,False,
base_008978,val,val/base_008978.npz,138,False,
base_008979,val,val/base_008979.npz,432,False,
base_008980,val,val/base_008980.npz,175,False,
base_008981,val,val/base_008981.npz,85,False,
base_008982,val,val/base_008982.npz,490,False,
base_008983,val,val/base_008983.npz,85,False,
base_008984,val,val/base_008984.npz,121,False,
base_008985,val,val/base_008985.npz,216,False,
base_008986,val,val/base_008986.npz,149,False,
base_008987,val,val/base_008987.npz,116,False,
base_008988,val,val/base_008988.npz,63,False,
base_008989,val,val/base_008989.npz,85,False,
base_008990,val,val/base_008990.npz,477,False,
base_008991,val,val/base_008991.npz,109,False,
base_008992,val,val/base_008992.npz,41,False,
base_008993,val,val/base_008993.npz,45,False,
base_008994,val,val/base_008994.npz,85,False,
base_008995,val,val/base_008995.npz,150,False,
base_008996,val,val/base_008996.npz,232,False,
base_008997,val,val/base_008997.npz,183,False,
base_008998,val,val/base_008998.npz,85,False,
base_008999,val,val/base_008999.npz,183,False,
base_009000,test_id,test_id/base_009000.npz,92,False,
base_009001,test_id,test_id/base_009001.npz,216,False,
base_009002,test_id,test_id/base_009002.npz,59,False,
base_009003,test_id,test_id/base_009003.npz,92,False,
base_009004,test_id,test_id/base_009004.npz,45,False,
base_009005,test_id,test_id/base_009005.npz,158,False,
base_009006,test_id,test_id/base_009006.npz,121,False,
base_009007,test_id,test_id/base_009007.npz,173,False,
base_009008,test_id,test_id/base_009008.npz,40,False,
base_009009,test_id,test_id/base_009009.npz,175,False,
base_009010,test_id,test_id/base_009010.npz,40,False,
base_009011,test_id,test_id/base_009011.npz,116,False,
base_009012,test_id,test_id/base_009012.npz,232,False,
base_009013,test_id,test_id/base_009013.npz,45,False,
base_009014,test_id,test_id/base_009014.npz,474,False,
base_009015,test_id,test_id/base_009015.npz,59,False,
base_009016,test_id,test_id/base_009016.npz,173,False,
base_009017,test_id,test_id/base_009017.npz,60,False,
base_009018,test_id,test_id/base_009018.npz,91,False,
base_009019,test_id,test_id/base_009019.npz,232,False,
base_009020,test_id,test_id/base_009020.npz,177,False,
base_009021,test_id,test_id/base_009021.npz,116,False,
base_009022,test_id,test_id/base_009022.npz,120,False,
base_009023,test_id,test_id/base_009023.npz,150,False,
base_009024,test_id,test_id/base_009024.npz,45,False,
base_009025,test_id,test_id/base_009025.npz,60,False,
base_009026,test_id,test_id/base_009026.npz,262,False,
base_009027,test_id,test_id/base_009027.npz,182,False,
base_009028,test_id,test_id/base_009028.npz,138,False,
base_009029,test_id,test_id/base_009029.npz,116,False,
base_009030,test_id,test_id/base_009030.npz,160,False,
base_009031,test_id,test_id/base_009031.npz,120,False,
base_009032,test_id,test_id/base_009032.npz,92,False,
base_009033,test_id,test_id/base_009033.npz,232,False,
base_009034,test_id,test_id/base_009034.npz,232,False,
base_009035,test_id,test_id/base_009035.npz,433,False,
base_009036,test_id,test_id/base_009036.npz,41,False,
base_009037,test_id,test_id/base_009037.npz,85,False,
base_009038,test_id,test_id/base_009038.npz,60,False,
base_009039,test_id,test_id/base_009039.npz,85,False,
base_009040,test_id,test_id/base_009040.npz,176,False,
base_009041,test_id,test_id/base_009041.npz,261,False,
base_009042,test_id,test_id/base_009042.npz,41,False,
base_009043,test_id,test_id/base_009043.npz,259,False,
base_009044,test_id,test_id/base_009044.npz,332,False,
base_009045,test_id,test_id/base_009045.npz,175,False,
base_009046,test_id,test_id/base_009046.npz,91,False,
base_009047,test_id,test_id/base_009047.npz,232,False,
base_009048,test_id,test_id/base_009048.npz,262,False,
base_009049,test_id,test_id/base_009049.npz,40,False,
base_009050,test_id,test_id/base_009050.npz,175,False,
base_009051,test_id,test_id/base_009051.npz,216,False,
base_009052,test_id,test_id/base_009052.npz,175,False,
base_009053,test_id,test_id/base_009053.npz,232,False,
base_009054,test_id,test_id/base_009054.npz,45,False,
base_009055,test_id,test_id/base_009055.npz,304,False,
base_009056,test_id,test_id/base_009056.npz,109,False,
base_009057,test_id,test_id/base_009057.npz,92,False,
base_009058,test_id,test_id/base_009058.npz,180,False,
base_009059,test_id,test_id/base_009059.npz,232,False,
base_009060,test_id,test_id/base_009060.npz,276,False,
base_009061,test_id,test_id/base_009061.npz,276,False,
base_009062,test_id,test_id/base_009062.npz,150,False,
base_009063,test_id,test_id/base_009063.npz,471,False,
base_009064,test_id,test_id/base_009064.npz,490,False,
base_009065,test_id,test_id/base_009065.npz,276,False,
base_009066,test_id,test_id/base_009066.npz,304,False,
base_009067,test_id,test_id/base_009067.npz,85,False,
base_009068,test_id,test_id/base_009068.npz,109,False,
base_009069,test_id,test_id/base_009069.npz,68,False,
base_009070,test_id,test_id/base_009070.npz,173,False,
base_009071,test_id,test_id/base_009071.npz,116,False,
base_009072,test_id,test_id/base_009072.npz,149,False,
base_009073,test_id,test_id/base_009073.npz,120,False,
base_009074,test_id,test_id/base_009074.npz,45,False,
base_009075,test_id,test_id/base_009075.npz,262,False,
base_009076,test_id,test_id/base_009076.npz,460,False,
base_009077,test_id,test_id/base_009077.npz,120,False,
base_009078,test_id,test_id/base_009078.npz,180,False,
base_009079,test_id,test_id/base_009079.npz,63,False,
base_009080,test_id,test_id/base_009080.npz,91,False,
base_009081,test_id,test_id/base_009081.npz,64,False,
base_009082,test_id,test_id/base_009082.npz,180,False,
base_009083,test_id,test_id/base_009083.npz,421,False,
base_009084,test_id,test_id/base_009084.npz,476,False,
base_009085,test_id,test_id/base_009085.npz,175,False,
base_009086,test_id,test_id/base_009086.npz,232,False,
base_009087,test_id,test_id/base_009087.npz,216,False,
base_009088,test_id,test_id/base_009088.npz,260,False,
base_009089,test_id,test_id/base_009089.npz,120,False,
base_009090,test_id,test_id/base_009090.npz,109,False,
base_009091,test_id,test_id/base_009091.npz,149,False,
base_009092,test_id,test_id/base_009092.npz,60,False,
base_009093,test_id,test_id/base_009093.npz,68,False,
base_009094,test_id,test_id/base_009094.npz,432,False,
base_009095,test_id,test_id/base_009095.npz,216,False,
base_009096,test_id,test_id/base_009096.npz,45,False,
base_009097,test_id,test_id/base_009097.npz,320,False,
base_009098,test_id,test_id/base_009098.npz,359,False,
base_009099,test_id,test_id/base_009099.npz,121,False,
base_009100,test_id,test_id/base_009100.npz,232,False,
base_009101,test_id,test_id/base_009101.npz,276,False,
base_009102,test_id,test_id/base_009102.npz,85,False,
base_009103,test_id,test_id/base_009103.npz,120,False,
base_009104,test_id,test_id/base_009104.npz,216,False,
base_009105,test_id,test_id/base_009105.npz,150,False,
base_009106,test_id,test_id/base_009106.npz,85,False,
base_009107,test_id,test_id/base_009107.npz,176,False,
base_009108,test_id,test_id/base_009108.npz,63,False,
base_009109,test_id,test_id/base_009109.npz,366,False,
base_009110,test_id,test_id/base_009110.npz,255,False,
base_009111,test_id,test_id/base_009111.npz,232,False,
base_009112,test_id,test_id/base_009112.npz,471,False,
base_009113,test_id,test_id/base_009113.npz,91,False,
base_009114,test_id,test_id/base_009114.npz,182,False,
base_009115,test_id,test_id/base_009115.npz,418,False,
base_009116,test_id,test_id/base_009116.npz,63,False,
base_009117,test_id,test_id/base_009117.npz,417,False,
base_009118,test_id,test_id/base_009118.npz,45,False,
base_009119,test_id,test_id/base_009119.npz,64,False,
base_009120,test_id,test_id/base_009120.npz,366,False,
base_009121,test_id,test_id/base_009121.npz,320,False,
base_009122,test_id,test_id/base_009122.npz,121,False,
base_009123,test_id,test_id/base_009123.npz,60,False,
base_009124,test_id,test_id/base_009124.npz,116,False,
base_009125,test_id,test_id/base_009125.npz,416,False,
base_009126,test_id,test_id/base_009126.npz,150,False,
base_009127,test_id,test_id/base_009127.npz,63,False,
base_009128,test_id,test_id/base_009128.npz,320,False,
base_009129,test_id,test_id/base_009129.npz,85,False,
base_009130,test_id,test_id/base_009130.npz,320,False,
base_009131,test_id,test_id/base_009131.npz,64,False,
base_009132,test_id,test_id/base_009132.npz,116,False,
base_009133,test_id,test_id/base_009133.npz,149,False,
base_009134,test_id,test_id/base_009134.npz,85,False,
base_009135,test_id,test_id/base_009135.npz,216,False,
base_009136,test_id,test_id/base_009136.npz,173,False,
base_009137,test_id,test_id/base_009137.npz,59,False,
base_009138,test_id,test_id/base_009138.npz,60,False,
base_009139,test_id,test_id/base_009139.npz,304,False,
base_009140,test_id,test_id/base_009140.npz,490,False,
base_009141,test_id,test_id/base_009141.npz,120,False,
base_009142,test_id,test_id/base_009142.npz,45,False,
base_009143,test_id,test_id/base_009143.npz,91,False,
base_009144,test_id,test_id/base_009144.npz,149,False,
base_009145,test_id,test_id/base_009145.npz,85,False,
base_009146,test_id,test_id/base_009146.npz,432,False,
base_009147,test_id,test_id/base_009147.npz,121,False,
base_009148,test_id,test_id/base_009148.npz,173,False,
base_009149,test_id,test_id/base_009149.npz,332,False,
base_009150,test_id,test_id/base_009150.npz,64,False,
base_009151,test_id,test_id/base_009151.npz,85,False,
base_009152,test_id,test_id/base_009152.npz,116,False,
base_009153,test_id,test_id/base_009153.npz,276,False,
base_009154,test_id,test_id/base_009154.npz,91,False,
base_009155,test_id,test_id/base_009155.npz,150,False,
base_009156,test_id,test_id/base_009156.npz,150,False,
base_009157,test_id,test_id/base_009157.npz,91,False,
base_009158,test_id,test_id/base_009158.npz,490,False,
base_009159,test_id,test_id/base_009159.npz,320,False,
base_009160,test_id,test_id/base_009160.npz,320,False,
base_009161,test_id,test_id/base_009161.npz,160,False,
base_009162,test_id,test_id/base_009162.npz,359,False,
base_009163,test_id,test_id/base_009163.npz,63,False,
base_009164,test_id,test_id/base_009164.npz,60,False,
base_009165,test_id,test_id/base_009165.npz,45,False,
base_009166,test_id,test_id/base_009166.npz,85,False,
base_009167,test_id,test_id/base_009167.npz,120,False,
base_009168,test_id,test_id/base_009168.npz,421,False,
base_009169,test_id,test_id/base_009169.npz,304,False,
base_009170,test_id,test_id/base_009170.npz,216,False,
base_009171,test_id,test_id/base_009171.npz,474,False,
base_009172,test_id,test_id/base_009172.npz,40,False,
base_009173,test_id,test_id/base_009173.npz,490,False,
base_009174,test_id,test_id/base_009174.npz,183,False,
base_009175,test_id,test_id/base_009175.npz,59,False,
base_009176,test_id,test_id/base_009176.npz,262,False,
base_009177,test_id,test_id/base_009177.npz,63,False,
base_009178,test_id,test_id/base_009178.npz,320,False,
base_009179,test_id,test_id/base_009179.npz,63,False,
base_009180,test_id,test_id/base_009180.npz,460,False,
base_009181,test_id,test_id/base_009181.npz,259,False,
base_009182,test_id,test_id/base_009182.npz,261,False,
base_009183,test_id,test_id/base_009183.npz,116,False,
base_009184,test_id,test_id/base_009184.npz,262,False,
base_009185,test_id,test_id/base_009185.npz,216,False,
base_009186,test_id,test_id/base_009186.npz,85,False,
base_009187,test_id,test_id/base_009187.npz,174,False,
base_009188,test_id,test_id/base_009188.npz,367,False,
base_009189,test_id,test_id/base_009189.npz,359,False,
base_009190,test_id,test_id/base_009190.npz,366,False,
base_009191,test_id,test_id/base_009191.npz,92,False,
base_009192,test_id,test_id/base_009192.npz,116,False,
base_009193,test_id,test_id/base_009193.npz,59,False,
base_009194,test_id,test_id/base_009194.npz,368,False,
base_009195,test_id,test_id/base_009195.npz,150,False,
base_009196,test_id,test_id/base_009196.npz,367,False,
base_009197,test_id,test_id/base_009197.npz,116,False,
base_009198,test_id,test_id/base_009198.npz,63,False,
base_009199,test_id,test_id/base_009199.npz,40,False,
base_009200,test_id,test_id/base_009200.npz,232,False,
base_009201,test_id,test_id/base_009201.npz,262,False,
base_009202,test_id,test_id/base_009202.npz,182,False,
base_009203,test_id,test_id/base_009203.npz,359,False,
base_009204,test_id,test_id/base_009204.npz,92,False,
base_009205,test_id,test_id/base_009205.npz,116,False,
base_009206,test_id,test_id/base_009206.npz,40,False,
base_009207,test_id,test_id/base_009207.npz,91,False,
base_009208,test_id,test_id/base_009208.npz,60,False,
base_009209,test_id,test_id/base_009209.npz,138,False,
base_009210,test_id,test_id/base_009210.npz,432,False,
base_009211,test_id,test_id/base_009211.npz,432,False,
base_009212,test_id,test_id/base_009212.npz,63,False,
base_009213,test_id,test_id/base_009213.npz,149,False,
base_009214,test_id,test_id/base_009214.npz,359,False,
base_009215,test_id,test_id/base_009215.npz,421,False,
base_009216,test_id,test_id/base_009216.npz,138,False,
base_009217,test_id,test_id/base_009217.npz,359,False,
base_009218,test_id,test_id/base_009218.npz,91,False,
base_009219,test_id,test_id/base_009219.npz,262,False,
base_009220,test_id,test_id/base_009220.npz,41,False,
base_009221,test_id,test_id/base_009221.npz,116,False,
base_009222,test_id,test_id/base_009222.npz,232,False,
base_009223,test_id,test_id/base_009223.npz,262,False,
base_009224,test_id,test_id/base_009224.npz,40,False,
base_009225,test_id,test_id/base_009225.npz,173,False,
base_009226,test_id,test_id/base_009226.npz,92,False,
base_009227,test_id,test_id/base_009227.npz,64,False,
base_009228,test_id,test_id/base_009228.npz,262,False,
base_009229,test_id,test_id/base_009229.npz,477,False,
base_009230,test_id,test_id/base_009230.npz,91,False,
base_009231,test_id,test_id/base_009231.npz,160,False,
base_009232,test_id,test_id/base_009232.npz,276,False,
base_009233,test_id,test_id/base_009233.npz,366,False,
base_009234,test_id,test_id/base_009234.npz,262,False,
base_009235,test_id,test_id/base_009235.npz,232,False,
base_009236,test_id,test_id/base_009236.npz,85,False,
base_009237,test_id,test_id/base_009237.npz,276,False,
base_009238,test_id,test_id/base_009238.npz,85,False,
base_009239,test_id,test_id/base_009239.npz,60,False,
base_009240,test_id,test_id/base_009240.npz,120,False,
base_009241,test_id,test_id/base_009241.npz,471,False,
base_009242,test_id,test_id/base_009242.npz,85,False,
base_009243,test_id,test_id/base_009243.npz,149,False,
base_009244,test_id,test_id/base_009244.npz,416,False,
base_009245,test_id,test_id/base_009245.npz,216,False,
base_009246,test_id,test_id/base_009246.npz,262,False,
base_009247,test_id,test_id/base_009247.npz,320,False,
base_009248,test_id,test_id/base_009248.npz,320,False,
base_009249,test_id,test_id/base_009249.npz,63,False,
base_009250,test_id,test_id/base_009250.npz,366,False,
base_009251,test_id,test_id/base_009251.npz,45,False,
base_009252,test_id,test_id/base_009252.npz,63,False,
base_009253,test_id,test_id/base_009253.npz,304,False,
base_009254,test_id,test_id/base_009254.npz,416,False,
base_009255,test_id,test_id/base_009255.npz,149,False,
base_009256,test_id,test_id/base_009256.npz,182,False,
base_009257,test_id,test_id/base_009257.npz,60,False,
base_009258,test_id,test_id/base_009258.npz,116,False,
base_009259,test_id,test_id/base_009259.npz,45,False,
base_009260,test_id,test_id/base_009260.npz,416,False,
base_009261,test_id,test_id/base_009261.npz,232,False,
base_009262,test_id,test_id/base_009262.npz,216,False,
base_009263,test_id,test_id/base_009263.npz,40,False,
base_009264,test_id,test_id/base_009264.npz,85,False,
base_009265,test_id,test_id/base_009265.npz,461,False,
base_009266,test_id,test_id/base_009266.npz,45,False,
base_009267,test_id,test_id/base_009267.npz,63,False,
base_009268,test_id,test_id/base_009268.npz,262,False,
base_009269,test_id,test_id/base_009269.npz,63,False,
base_009270,test_id,test_id/base_009270.npz,160,False,
base_009271,test_id,test_id/base_009271.npz,149,False,
base_009272,test_id,test_id/base_009272.npz,368,False,
base_009273,test_id,test_id/base_009273.npz,120,False,
base_009274,test_id,test_id/base_009274.npz,120,False,
base_009275,test_id,test_id/base_009275.npz,276,False,
base_009276,test_id,test_id/base_009276.npz,262,False,
base_009277,test_id,test_id/base_009277.npz,359,False,
base_009278,test_id,test_id/base_009278.npz,85,False,
base_009279,test_id,test_id/base_009279.npz,359,False,
base_009280,test_id,test_id/base_009280.npz,85,False,
base_009281,test_id,test_id/base_009281.npz,149,False,
base_009282,test_id,test_id/base_009282.npz,432,False,
base_009283,test_id,test_id/base_009283.npz,461,False,
base_009284,test_id,test_id/base_009284.npz,116,False,
base_009285,test_id,test_id/base_009285.npz,45,False,
base_009286,test_id,test_id/base_009286.npz,261,False,
base_009287,test_id,test_id/base_009287.npz,416,False,
base_009288,test_id,test_id/base_009288.npz,150,False,
base_009289,test_id,test_id/base_009289.npz,85,False,
base_009290,test_id,test_id/base_009290.npz,477,False,
base_009291,test_id,test_id/base_009291.npz,320,False,
base_009292,test_id,test_id/base_009292.npz,41,False,
base_009293,test_id,test_id/base_009293.npz,232,False,
base_009294,test_id,test_id/base_009294.npz,359,False,
base_009295,test_id,test_id/base_009295.npz,401,False,
base_009296,test_id,test_id/base_009296.npz,138,False,
base_009297,test_id,test_id/base_009297.npz,183,False,
base_009298,test_id,test_id/base_009298.npz,158,False,
base_009299,test_id,test_id/base_009299.npz,433,False,
base_009300,test_id,test_id/base_009300.npz,45,False,
base_009301,test_id,test_id/base_009301.npz,418,False,
base_009302,test_id,test_id/base_009302.npz,45,False,
base_009303,test_id,test_id/base_009303.npz,85,False,
base_009304,test_id,test_id/base_009304.npz,120,False,
base_009305,test_id,test_id/base_009305.npz,91,False,
base_009306,test_id,test_id/base_009306.npz,182,False,
base_009307,test_id,test_id/base_009307.npz,320,False,
base_009308,test_id,test_id/base_009308.npz,261,False,
base_009309,test_id,test_id/base_009309.npz,368,False,
base_009310,test_id,test_id/base_009310.npz,320,False,
base_009311,test_id,test_id/base_009311.npz,91,False,
base_009312,test_id,test_id/base_009312.npz,160,False,
base_009313,test_id,test_id/base_009313.npz,63,False,
base_009314,test_id,test_id/base_009314.npz,262,False,
base_009315,test_id,test_id/base_009315.npz,418,False,
base_009316,test_id,test_id/base_009316.npz,41,False,
base_009317,test_id,test_id/base_009317.npz,59,False,
base_009318,test_id,test_id/base_009318.npz,471,False,
base_009319,test_id,test_id/base_009319.npz,45,False,
base_009320,test_id,test_id/base_009320.npz,149,False,
base_009321,test_id,test_id/base_009321.npz,40,False,
base_009322,test_id,test_id/base_009322.npz,41,False,
base_009323,test_id,test_id/base_009323.npz,255,False,
base_009324,test_id,test_id/base_009324.npz,118,False,
base_009325,test_id,test_id/base_009325.npz,40,False,
base_009326,test_id,test_id/base_009326.npz,366,False,
base_009327,test_id,test_id/base_009327.npz,85,False,
base_009328,test_id,test_id/base_009328.npz,63,False,
base_009329,test_id,test_id/base_009329.npz,45,False,
base_009330,test_id,test_id/base_009330.npz,109,False,
base_009331,test_id,test_id/base_009331.npz,182,False,
base_009332,test_id,test_id/base_009332.npz,64,False,
base_009333,test_id,test_id/base_009333.npz,182,False,
base_009334,test_id,test_id/base_009334.npz,116,False,
base_009335,test_id,test_id/base_009335.npz,118,False,
base_009336,test_id,test_id/base_009336.npz,64,False,
base_009337,test_id,test_id/base_009337.npz,332,False,
base_009338,test_id,test_id/base_009338.npz,120,False,
base_009339,test_id,test_id/base_009339.npz,64,False,
base_009340,test_id,test_id/base_009340.npz,60,False,
base_009341,test_id,test_id/base_009341.npz,85,False,
base_009342,test_id,test_id/base_009342.npz,415,False,
base_009343,test_id,test_id/base_009343.npz,416,False,
base_009344,test_id,test_id/base_009344.npz,366,False,
base_009345,test_id,test_id/base_009345.npz,150,False,
base_009346,test_id,test_id/base_009346.npz,60,False,
base_009347,test_id,test_id/base_009347.npz,150,False,
base_009348,test_id,test_id/base_009348.npz,60,False,
base_009349,test_id,test_id/base_009349.npz,63,False,
base_009350,test_id,test_id/base_009350.npz,260,False,
base_009351,test_id,test_id/base_009351.npz,490,False,
base_009352,test_id,test_id/base_009352.npz,121,False,
base_009353,test_id,test_id/base_009353.npz,138,False,
base_009354,test_id,test_id/base_009354.npz,41,False,
base_009355,test_id,test_id/base_009355.npz,41,False,
base_009356,test_id,test_id/base_009356.npz,320,False,
base_009357,test_id,test_id/base_009357.npz,276,False,
base_009358,test_id,test_id/base_009358.npz,177,False,
base_009359,test_id,test_id/base_009359.npz,320,False,
base_009360,test_id,test_id/base_009360.npz,255,False,
base_009361,test_id,test_id/base_009361.npz,64,False,
base_009362,test_id,test_id/base_009362.npz,149,False,
base_009363,test_id,test_id/base_009363.npz,60,False,
base_009364,test_id,test_id/base_009364.npz,116,False,
base_009365,test_id,test_id/base_009365.npz,216,False,
base_009366,test_id,test_id/base_009366.npz,477,False,
base_009367,test_id,test_id/base_009367.npz,63,False,
base_009368,test_id,test_id/base_009368.npz,60,False,
base_009369,test_id,test_id/base_009369.npz,138,False,
base_009370,test_id,test_id/base_009370.npz,180,False,
base_009371,test_id,test_id/base_009371.npz,41,False,
base_009372,test_id,test_id/base_009372.npz,477,False,
base_009373,test_id,test_id/base_009373.npz,138,False,
base_009374,test_id,test_id/base_009374.npz,275,False,
base_009375,test_id,test_id/base_009375.npz,183,False,
base_009376,test_id,test_id/base_009376.npz,432,False,
base_009377,test_id,test_id/base_009377.npz,41,False,
base_009378,test_id,test_id/base_009378.npz,109,False,
base_009379,test_id,test_id/base_009379.npz,63,False,
base_009380,test_id,test_id/base_009380.npz,158,False,
base_009381,test_id,test_id/base_009381.npz,41,False,
base_009382,test_id,test_id/base_009382.npz,63,False,
base_009383,test_id,test_id/base_009383.npz,490,False,
base_009384,test_id,test_id/base_009384.npz,418,False,
base_009385,test_id,test_id/base_009385.npz,181,False,
base_009386,test_id,test_id/base_009386.npz,356,False,
base_009387,test_id,test_id/base_009387.npz,116,False,
base_009388,test_id,test_id/base_009388.npz,63,False,
base_009389,test_id,test_id/base_009389.npz,216,False,
base_009390,test_id,test_id/base_009390.npz,85,False,
base_009391,test_id,test_id/base_009391.npz,45,False,
base_009392,test_id,test_id/base_009392.npz,85,False,
base_009393,test_id,test_id/base_009393.npz,63,False,
base_009394,test_id,test_id/base_009394.npz,59,False,
base_009395,test_id,test_id/base_009395.npz,320,False,
base_009396,test_id,test_id/base_009396.npz,85,False,
base_009397,test_id,test_id/base_009397.npz,173,False,
base_009398,test_id,test_id/base_009398.npz,255,False,
base_009399,test_id,test_id/base_009399.npz,60,False,
base_009400,test_id,test_id/base_009400.npz,181,False,
base_009401,test_id,test_id/base_009401.npz,40,False,
base_009402,test_id,test_id/base_009402.npz,432,False,
base_009403,test_id,test_id/base_009403.npz,85,False,
base_009404,test_id,test_id/base_009404.npz,320,False,
base_009405,test_id,test_id/base_009405.npz,216,False,
base_009406,test_id,test_id/base_009406.npz,418,False,
base_009407,test_id,test_id/base_009407.npz,116,False,
base_009408,test_id,test_id/base_009408.npz,261,False,
base_009409,test_id,test_id/base_009409.npz,85,False,
base_009410,test_id,test_id/base_009410.npz,158,False,
base_009411,test_id,test_id/base_009411.npz,359,False,
base_009412,test_id,test_id/base_009412.npz,262,False,
base_009413,test_id,test_id/base_009413.npz,359,False,
base_009414,test_id,test_id/base_009414.npz,416,False,
base_009415,test_id,test_id/base_009415.npz,193,False,
base_009416,test_id,test_id/base_009416.npz,138,False,
base_009417,test_id,test_id/base_009417.npz,92,False,
base_009418,test_id,test_id/base_009418.npz,177,False,
base_009419,test_id,test_id/base_009419.npz,149,False,
base_009420,test_id,test_id/base_009420.npz,85,False,
base_009421,test_id,test_id/base_009421.npz,433,False,
base_009422,test_id,test_id/base_009422.npz,60,False,
base_009423,test_id,test_id/base_009423.npz,216,False,
base_009424,test_id,test_id/base_009424.npz,367,False,
base_009425,test_id,test_id/base_009425.npz,181,False,
base_009426,test_id,test_id/base_009426.npz,182,False,
base_009427,test_id,test_id/base_009427.npz,255,False,
base_009428,test_id,test_id/base_009428.npz,320,False,
base_009429,test_id,test_id/base_009429.npz,116,False,
base_009430,test_id,test_id/base_009430.npz,91,False,
base_009431,test_id,test_id/base_009431.npz,304,False,
base_009432,test_id,test_id/base_009432.npz,109,False,
base_009433,test_id,test_id/base_009433.npz,490,False,
base_009434,test_id,test_id/base_009434.npz,45,False,
base_009435,test_id,test_id/base_009435.npz,474,False,
base_009436,test_id,test_id/base_009436.npz,138,False,
base_009437,test_id,test_id/base_009437.npz,432,False,
base_009438,test_id,test_id/base_009438.npz,91,False,
base_009439,test_id,test_id/base_009439.npz,180,False,
base_009440,test_id,test_id/base_009440.npz,432,False,
base_009441,test_id,test_id/base_009441.npz,116,False,
base_009442,test_id,test_id/base_009442.npz,366,False,
base_009443,test_id,test_id/base_009443.npz,260,False,
base_009444,test_id,test_id/base_009444.npz,490,False,
base_009445,test_id,test_id/base_009445.npz,160,False,
base_009446,test_id,test_id/base_009446.npz,63,False,
base_009447,test_id,test_id/base_009447.npz,120,False,
base_009448,test_id,test_id/base_009448.npz,60,False,
base_009449,test_id,test_id/base_009449.npz,477,False,
base_009450,test_id,test_id/base_009450.npz,41,False,
base_009451,test_id,test_id/base_009451.npz,476,False,
base_009452,test_id,test_id/base_009452.npz,180,False,
base_009453,test_id,test_id/base_009453.npz,359,False,
base_009454,test_id,test_id/base_009454.npz,92,False,
base_009455,test_id,test_id/base_009455.npz,45,False,
base_009456,test_id,test_id/base_009456.npz,232,False,
base_009457,test_id,test_id/base_009457.npz,255,False,
base_009458,test_id,test_id/base_009458.npz,121,False,
base_009459,test_id,test_id/base_009459.npz,216,False,
base_009460,test_id,test_id/base_009460.npz,433,False,
base_009461,test_id,test_id/base_009461.npz,359,False,
base_009462,test_id,test_id/base_009462.npz,174,False,
base_009463,test_id,test_id/base_009463.npz,359,False,
base_009464,test_id,test_id/base_009464.npz,85,False,
base_009465,test_id,test_id/base_009465.npz,85,False,
base_009466,test_id,test_id/base_009466.npz,262,False,
base_009467,test_id,test_id/base_009467.npz,149,False,
base_009468,test_id,test_id/base_009468.npz,368,False,
base_009469,test_id,test_id/base_009469.npz,116,False,
base_009470,test_id,test_id/base_009470.npz,415,False,
base_009471,test_id,test_id/base_009471.npz,216,False,
base_009472,test_id,test_id/base_009472.npz,160,False,
base_009473,test_id,test_id/base_009473.npz,109,False,
base_009474,test_id,test_id/base_009474.npz,63,False,
base_009475,test_id,test_id/base_009475.npz,85,False,
base_009476,test_id,test_id/base_009476.npz,85,False,
base_009477,test_id,test_id/base_009477.npz,138,False,
base_009478,test_id,test_id/base_009478.npz,175,False,
base_009479,test_id,test_id/base_009479.npz,216,False,
base_009480,test_id,test_id/base_009480.npz,116,False,
base_009481,test_id,test_id/base_009481.npz,255,False,
base_009482,test_id,test_id/base_009482.npz,216,False,
base_009483,test_id,test_id/base_009483.npz,216,False,
base_009484,test_id,test_id/base_009484.npz,92,False,
base_009485,test_id,test_id/base_009485.npz,91,False,
base_009486,test_id,test_id/base_009486.npz,320,False,
base_009487,test_id,test_id/base_009487.npz,138,False,
base_009488,test_id,test_id/base_009488.npz,149,False,
base_009489,test_id,test_id/base_009489.npz,85,False,
base_009490,test_id,test_id/base_009490.npz,85,False,
base_009491,test_id,test_id/base_009491.npz,232,False,
base_009492,test_id,test_id/base_009492.npz,41,False,
base_009493,test_id,test_id/base_009493.npz,85,False,
base_009494,test_id,test_id/base_009494.npz,232,False,
base_009495,test_id,test_id/base_009495.npz,85,False,
base_009496,test_id,test_id/base_009496.npz,40,False,
base_009497,test_id,test_id/base_009497.npz,262,False,
base_009498,test_id,test_id/base_009498.npz,477,False,
base_009499,test_id,test_id/base_009499.npz,41,False,
base_009500,test_id,test_id/base_009500.npz,45,False,
base_009501,test_id,test_id/base_009501.npz,116,False,
base_009502,test_id,test_id/base_009502.npz,150,False,
base_009503,test_id,test_id/base_009503.npz,432,False,
base_009504,test_id,test_id/base_009504.npz,416,False,
base_009505,test_id,test_id/base_009505.npz,158,False,
base_009506,test_id,test_id/base_009506.npz,320,False,
base_009507,test_id,test_id/base_009507.npz,180,False,
base_009508,test_id,test_id/base_009508.npz,175,False,
base_009509,test_id,test_id/base_009509.npz,181,False,
base_009510,test_id,test_id/base_009510.npz,318,False,
base_009511,test_id,test_id/base_009511.npz,176,False,
base_009512,test_id,test_id/base_009512.npz,118,False,
base_009513,test_id,test_id/base_009513.npz,40,False,
base_009514,test_id,test_id/base_009514.npz,121,False,
base_009515,test_id,test_id/base_009515.npz,120,False,
base_009516,test_id,test_id/base_009516.npz,45,False,
base_009517,test_id,test_id/base_009517.npz,474,False,
base_009518,test_id,test_id/base_009518.npz,116,False,
base_009519,test_id,test_id/base_009519.npz,138,False,
base_009520,test_id,test_id/base_009520.npz,232,False,
base_009521,test_id,test_id/base_009521.npz,41,False,
base_009522,test_id,test_id/base_009522.npz,304,False,
base_009523,test_id,test_id/base_009523.npz,433,False,
base_009524,test_id,test_id/base_009524.npz,259,False,
base_009525,test_id,test_id/base_009525.npz,261,False,
base_009526,test_id,test_id/base_009526.npz,85,False,
base_009527,test_id,test_id/base_009527.npz,320,False,
base_009528,test_id,test_id/base_009528.npz,91,False,
base_009529,test_id,test_id/base_009529.npz,64,False,
base_009530,test_id,test_id/base_009530.npz,45,False,
base_009531,test_id,test_id/base_009531.npz,63,False,
base_009532,test_id,test_id/base_009532.npz,182,False,
base_009533,test_id,test_id/base_009533.npz,138,False,
base_009534,test_id,test_id/base_009534.npz,216,False,
base_009535,test_id,test_id/base_009535.npz,85,False,
base_009536,test_id,test_id/base_009536.npz,149,False,
base_009537,test_id,test_id/base_009537.npz,182,False,
base_009538,test_id,test_id/base_009538.npz,232,False,
base_009539,test_id,test_id/base_009539.npz,366,False,
base_009540,test_id,test_id/base_009540.npz,116,False,
base_009541,test_id,test_id/base_009541.npz,63,False,
base_009542,test_id,test_id/base_009542.npz,461,False,
base_009543,test_id,test_id/base_009543.npz,85,False,
base_009544,test_id,test_id/base_009544.npz,85,False,
base_009545,test_id,test_id/base_009545.npz,367,False,
base_009546,test_id,test_id/base_009546.npz,63,False,
base_009547,test_id,test_id/base_009547.npz,91,False,
base_009548,test_id,test_id/base_009548.npz,149,False,
base_009549,test_id,test_id/base_009549.npz,120,False,
base_009550,test_id,test_id/base_009550.npz,232,False,
base_009551,test_id,test_id/base_009551.npz,320,False,
base_009552,test_id,test_id/base_009552.npz,91,False,
base_009553,test_id,test_id/base_009553.npz,121,False,
base_009554,test_id,test_id/base_009554.npz,62,False,
base_009555,test_id,test_id/base_009555.npz,262,False,
base_009556,test_id,test_id/base_009556.npz,476,False,
base_009557,test_id,test_id/base_009557.npz,183,False,
base_009558,test_id,test_id/base_009558.npz,45,False,
base_009559,test_id,test_id/base_009559.npz,116,False,
base_009560,test_id,test_id/base_009560.npz,60,False,
base_009561,test_id,test_id/base_009561.npz,63,False,
base_009562,test_id,test_id/base_009562.npz,216,False,
base_009563,test_id,test_id/base_009563.npz,92,False,
base_009564,test_id,test_id/base_009564.npz,474,False,
base_009565,test_id,test_id/base_009565.npz,63,False,
base_009566,test_id,test_id/base_009566.npz,120,False,
base_009567,test_id,test_id/base_009567.npz,367,False,
base_009568,test_id,test_id/base_009568.npz,64,False,
base_009569,test_id,test_id/base_009569.npz,109,False,
base_009570,test_id,test_id/base_009570.npz,320,False,
base_009571,test_id,test_id/base_009571.npz,276,False,
base_009572,test_id,test_id/base_009572.npz,304,False,
base_009573,test_id,test_id/base_009573.npz,116,False,
base_009574,test_id,test_id/base_009574.npz,92,False,
base_009575,test_id,test_id/base_009575.npz,63,False,
base_009576,test_id,test_id/base_009576.npz,41,False,
base_009577,test_id,test_id/base_009577.npz,305,False,
base_009578,test_id,test_id/base_009578.npz,477,False,
base_009579,test_id,test_id/base_009579.npz,232,False,
base_009580,test_id,test_id/base_009580.npz,216,False,
base_009581,test_id,test_id/base_009581.npz,60,False,
base_009582,test_id,test_id/base_009582.npz,262,False,
base_009583,test_id,test_id/base_009583.npz,63,False,
base_009584,test_id,test_id/base_009584.npz,63,False,
base_009585,test_id,test_id/base_009585.npz,63,False,
base_009586,test_id,test_id/base_009586.npz,63,False,
base_009587,test_id,test_id/base_009587.npz,116,False,
base_009588,test_id,test_id/base_009588.npz,120,False,
base_009589,test_id,test_id/base_009589.npz,320,False,
base_009590,test_id,test_id/base_009590.npz,116,False,
base_009591,test_id,test_id/base_009591.npz,276,False,
base_009592,test_id,test_id/base_009592.npz,432,False,
base_009593,test_id,test_id/base_009593.npz,262,False,
base_009594,test_id,test_id/base_009594.npz,85,False,
base_009595,test_id,test_id/base_009595.npz,62,False,
base_009596,test_id,test_id/base_009596.npz,138,False,
base_009597,test_id,test_id/base_009597.npz,359,False,
base_009598,test_id,test_id/base_009598.npz,150,False,
base_009599,test_id,test_id/base_009599.npz,138,False,
base_009600,test_id,test_id/base_009600.npz,91,False,
base_009601,test_id,test_id/base_009601.npz,41,False,
base_009602,test_id,test_id/base_009602.npz,216,False,
base_009603,test_id,test_id/base_009603.npz,432,False,
base_009604,test_id,test_id/base_009604.npz,45,False,
base_009605,test_id,test_id/base_009605.npz,121,False,
base_009606,test_id,test_id/base_009606.npz,121,False,
base_009607,test_id,test_id/base_009607.npz,182,False,
base_009608,test_id,test_id/base_009608.npz,158,False,
base_009609,test_id,test_id/base_009609.npz,109,False,
base_009610,test_id,test_id/base_009610.npz,150,False,
base_009611,test_id,test_id/base_009611.npz,367,False,
base_009612,test_id,test_id/base_009612.npz,92,False,
base_009613,test_id,test_id/base_009613.npz,304,False,
base_009614,test_id,test_id/base_009614.npz,304,False,
base_009615,test_id,test_id/base_009615.npz,216,False,
base_009616,test_id,test_id/base_009616.npz,260,False,
base_009617,test_id,test_id/base_009617.npz,41,False,
base_009618,test_id,test_id/base_009618.npz,261,False,
base_009619,test_id,test_id/base_009619.npz,60,False,
base_009620,test_id,test_id/base_009620.npz,255,False,
base_009621,test_id,test_id/base_009621.npz,461,False,
base_009622,test_id,test_id/base_009622.npz,63,False,
base_009623,test_id,test_id/base_009623.npz,64,False,
base_009624,test_id,test_id/base_009624.npz,63,False,
base_009625,test_id,test_id/base_009625.npz,60,False,
base_009626,test_id,test_id/base_009626.npz,262,False,
base_009627,test_id,test_id/base_009627.npz,64,False,
base_009628,test_id,test_id/base_009628.npz,460,False,
base_009629,test_id,test_id/base_009629.npz,85,False,
base_009630,test_id,test_id/base_009630.npz,121,False,
base_009631,test_id,test_id/base_009631.npz,63,False,
base_009632,test_id,test_id/base_009632.npz,63,False,
base_009633,test_id,test_id/base_009633.npz,356,False,
base_009634,test_id,test_id/base_009634.npz,121,False,
base_009635,test_id,test_id/base_009635.npz,150,False,
base_009636,test_id,test_id/base_009636.npz,490,False,
base_009637,test_id,test_id/base_009637.npz,417,False,
base_009638,test_id,test_id/base_009638.npz,116,False,
base_009639,test_id,test_id/base_009639.npz,91,False,
base_009640,test_id,test_id/base_009640.npz,59,False,
base_009641,test_id,test_id/base_009641.npz,138,False,
base_009642,test_id,test_id/base_009642.npz,85,False,
base_009643,test_id,test_id/base_009643.npz,304,False,
base_009644,test_id,test_id/base_009644.npz,85,False,
base_009645,test_id,test_id/base_009645.npz,255,False,
base_009646,test_id,test_id/base_009646.npz,121,False,
base_009647,test_id,test_id/base_009647.npz,116,False,
base_009648,test_id,test_id/base_009648.npz,150,False,
base_009649,test_id,test_id/base_009649.npz,173,False,
base_009650,test_id,test_id/base_009650.npz,367,False,
base_009651,test_id,test_id/base_009651.npz,432,False,
base_009652,test_id,test_id/base_009652.npz,421,False,
base_009653,test_id,test_id/base_009653.npz,320,False,
base_009654,test_id,test_id/base_009654.npz,149,False,
base_009655,test_id,test_id/base_009655.npz,63,False,
base_009656,test_id,test_id/base_009656.npz,474,False,
base_009657,test_id,test_id/base_009657.npz,91,False,
base_009658,test_id,test_id/base_009658.npz,232,False,
base_009659,test_id,test_id/base_009659.npz,91,False,
base_009660,test_id,test_id/base_009660.npz,91,False,
base_009661,test_id,test_id/base_009661.npz,149,False,
base_009662,test_id,test_id/base_009662.npz,180,False,
base_009663,test_id,test_id/base_009663.npz,116,False,
base_009664,test_id,test_id/base_009664.npz,59,False,
base_009665,test_id,test_id/base_009665.npz,116,False,
base_009666,test_id,test_id/base_009666.npz,120,False,
base_009667,test_id,test_id/base_009667.npz,85,False,
base_009668,test_id,test_id/base_009668.npz,149,False,
base_009669,test_id,test_id/base_009669.npz,92,False,
base_009670,test_id,test_id/base_009670.npz,41,False,
base_009671,test_id,test_id/base_009671.npz,421,False,
base_009672,test_id,test_id/base_009672.npz,63,False,
base_009673,test_id,test_id/base_009673.npz,60,False,
base_009674,test_id,test_id/base_009674.npz,40,False,
base_009675,test_id,test_id/base_009675.npz,490,False,
base_009676,test_id,test_id/base_009676.npz,63,False,
base_009677,test_id,test_id/base_009677.npz,490,False,
base_009678,test_id,test_id/base_009678.npz,158,False,
base_009679,test_id,test_id/base_009679.npz,255,False,
base_009680,test_id,test_id/base_009680.npz,91,False,
base_009681,test_id,test_id/base_009681.npz,45,False,
base_009682,test_id,test_id/base_009682.npz,85,False,
base_009683,test_id,test_id/base_009683.npz,432,False,
base_009684,test_id,test_id/base_009684.npz,120,False,
base_009685,test_id,test_id/base_009685.npz,182,False,
base_009686,test_id,test_id/base_009686.npz,180,False,
base_009687,test_id,test_id/base_009687.npz,216,False,
base_009688,test_id,test_id/base_009688.npz,490,False,
base_009689,test_id,test_id/base_009689.npz,85,False,
base_009690,test_id,test_id/base_009690.npz,92,False,
base_009691,test_id,test_id/base_009691.npz,85,False,
base_009692,test_id,test_id/base_009692.npz,158,False,
base_009693,test_id,test_id/base_009693.npz,366,False,
base_009694,test_id,test_id/base_009694.npz,41,False,
base_009695,test_id,test_id/base_009695.npz,91,False,
base_009696,test_id,test_id/base_009696.npz,120,False,
base_009697,test_id,test_id/base_009697.npz,91,False,
base_009698,test_id,test_id/base_009698.npz,45,False,
base_009699,test_id,test_id/base_009699.npz,150,False,
base_009700,test_id,test_id/base_009700.npz,59,False,
base_009701,test_id,test_id/base_009701.npz,216,False,
base_009702,test_id,test_id/base_009702.npz,149,False,
base_009703,test_id,test_id/base_009703.npz,91,False,
base_009704,test_id,test_id/base_009704.npz,64,False,
base_009705,test_id,test_id/base_009705.npz,120,False,
base_009706,test_id,test_id/base_009706.npz,304,False,
base_009707,test_id,test_id/base_009707.npz,41,False,
base_009708,test_id,test_id/base_009708.npz,63,False,
base_009709,test_id,test_id/base_009709.npz,318,False,
base_009710,test_id,test_id/base_009710.npz,160,False,
base_009711,test_id,test_id/base_009711.npz,216,False,
base_009712,test_id,test_id/base_009712.npz,416,False,
base_009713,test_id,test_id/base_009713.npz,85,False,
base_009714,test_id,test_id/base_009714.npz,118,False,
base_009715,test_id,test_id/base_009715.npz,116,False,
base_009716,test_id,test_id/base_009716.npz,92,False,
base_009717,test_id,test_id/base_009717.npz,276,False,
base_009718,test_id,test_id/base_009718.npz,368,False,
base_009719,test_id,test_id/base_009719.npz,91,False,
base_009720,test_id,test_id/base_009720.npz,255,False,
base_009721,test_id,test_id/base_009721.npz,116,False,
base_009722,test_id,test_id/base_009722.npz,367,False,
base_009723,test_id,test_id/base_009723.npz,262,False,
base_009724,test_id,test_id/base_009724.npz,59,False,
base_009725,test_id,test_id/base_009725.npz,182,False,
base_009726,test_id,test_id/base_009726.npz,64,False,
base_009727,test_id,test_id/base_009727.npz,262,False,
base_009728,test_id,test_id/base_009728.npz,41,False,
base_009729,test_id,test_id/base_009729.npz,85,False,
base_009730,test_id,test_id/base_009730.npz,92,False,
base_009731,test_id,test_id/base_009731.npz,41,False,
base_009732,test_id,test_id/base_009732.npz,91,False,
base_009733,test_id,test_id/base_009733.npz,41,False,
base_009734,test_id,test_id/base_009734.npz,85,False,
base_009735,test_id,test_id/base_009735.npz,182,False,
base_009736,test_id,test_id/base_009736.npz,91,False,
base_009737,test_id,test_id/base_009737.npz,175,False,
base_009738,test_id,test_id/base_009738.npz,175,False,
base_009739,test_id,test_id/base_009739.npz,320,False,
base_009740,test_id,test_id/base_009740.npz,64,False,
base_009741,test_id,test_id/base_009741.npz,255,False,
base_009742,test_id,test_id/base_009742.npz,60,False,
base_009743,test_id,test_id/base_009743.npz,45,False,
base_009744,test_id,test_id/base_009744.npz,262,False,
base_009745,test_id,test_id/base_009745.npz,368,False,
base_009746,test_id,test_id/base_009746.npz,59,False,
base_009747,test_id,test_id/base_009747.npz,45,False,
base_009748,test_id,test_id/base_009748.npz,116,False,
base_009749,test_id,test_id/base_009749.npz,63,False,
base_009750,test_id,test_id/base_009750.npz,477,False,
base_009751,test_id,test_id/base_009751.npz,474,False,
base_009752,test_id,test_id/base_009752.npz,59,False,
base_009753,test_id,test_id/base_009753.npz,92,False,
base_009754,test_id,test_id/base_009754.npz,276,False,
base_009755,test_id,test_id/base_009755.npz,175,False,
base_009756,test_id,test_id/base_009756.npz,232,False,
base_009757,test_id,test_id/base_009757.npz,41,False,
base_009758,test_id,test_id/base_009758.npz,60,False,
base_009759,test_id,test_id/base_009759.npz,416,False,
base_009760,test_id,test_id/base_009760.npz,149,False,
base_009761,test_id,test_id/base_009761.npz,175,False,
base_009762,test_id,test_id/base_009762.npz,332,False,
base_009763,test_id,test_id/base_009763.npz,91,False,
base_009764,test_id,test_id/base_009764.npz,64,False,
base_009765,test_id,test_id/base_009765.npz,181,False,
base_009766,test_id,test_id/base_009766.npz,91,False,
base_009767,test_id,test_id/base_009767.npz,232,False,
base_009768,test_id,test_id/base_009768.npz,109,False,
base_009769,test_id,test_id/base_009769.npz,477,False,
base_009770,test_id,test_id/base_009770.npz,180,False,
base_009771,test_id,test_id/base_009771.npz,40,False,
base_009772,test_id,test_id/base_009772.npz,276,False,
base_009773,test_id,test_id/base_009773.npz,91,False,
base_009774,test_id,test_id/base_009774.npz,85,False,
base_009775,test_id,test_id/base_009775.npz,216,False,
base_009776,test_id,test_id/base_009776.npz,91,False,
base_009777,test_id,test_id/base_009777.npz,85,False,
base_009778,test_id,test_id/base_009778.npz,85,False,
base_009779,test_id,test_id/base_009779.npz,41,False,
base_009780,test_id,test_id/base_009780.npz,85,False,
base_009781,test_id,test_id/base_009781.npz,91,False,
base_009782,test_id,test_id/base_009782.npz,232,False,
base_009783,test_id,test_id/base_009783.npz,41,False,
base_009784,test_id,test_id/base_009784.npz,232,False,
base_009785,test_id,test_id/base_009785.npz,476,False,
base_009786,test_id,test_id/base_009786.npz,116,False,
base_009787,test_id,test_id/base_009787.npz,91,False,
base_009788,test_id,test_id/base_009788.npz,45,False,
base_009789,test_id,test_id/base_009789.npz,85,False,
base_009790,test_id,test_id/base_009790.npz,40,False,
base_009791,test_id,test_id/base_009791.npz,120,False,
base_009792,test_id,test_id/base_009792.npz,320,False,
base_009793,test_id,test_id/base_009793.npz,232,False,
base_009794,test_id,test_id/base_009794.npz,85,False,
base_009795,test_id,test_id/base_009795.npz,490,False,
base_009796,test_id,test_id/base_009796.npz,158,False,
base_009797,test_id,test_id/base_009797.npz,180,False,
base_009798,test_id,test_id/base_009798.npz,138,False,
base_009799,test_id,test_id/base_009799.npz,368,False,
base_009800,test_id,test_id/base_009800.npz,150,False,
base_009801,test_id,test_id/base_009801.npz,138,False,
base_009802,test_id,test_id/base_009802.npz,91,False,
base_009803,test_id,test_id/base_009803.npz,180,False,
base_009804,test_id,test_id/base_009804.npz,45,False,
base_009805,test_id,test_id/base_009805.npz,45,False,
base_009806,test_id,test_id/base_009806.npz,320,False,
base_009807,test_id,test_id/base_009807.npz,216,False,
base_009808,test_id,test_id/base_009808.npz,63,False,
base_009809,test_id,test_id/base_009809.npz,63,False,
base_009810,test_id,test_id/base_009810.npz,175,False,
base_009811,test_id,test_id/base_009811.npz,368,False,
base_009812,test_id,test_id/base_009812.npz,85,False,
base_009813,test_id,test_id/base_009813.npz,474,False,
base_009814,test_id,test_id/base_009814.npz,91,False,
base_009815,test_id,test_id/base_009815.npz,59,False,
base_009816,test_id,test_id/base_009816.npz,232,False,
base_009817,test_id,test_id/base_009817.npz,118,False,
base_009818,test_id,test_id/base_009818.npz,121,False,
base_009819,test_id,test_id/base_009819.npz,91,False,
base_009820,test_id,test_id/base_009820.npz,332,False,
base_009821,test_id,test_id/base_009821.npz,138,False,
base_009822,test_id,test_id/base_009822.npz,63,False,
base_009823,test_id,test_id/base_009823.npz,63,False,
base_009824,test_id,test_id/base_009824.npz,85,False,
base_009825,test_id,test_id/base_009825.npz,149,False,
base_009826,test_id,test_id/base_009826.npz,60,False,
base_009827,test_id,test_id/base_009827.npz,232,False,
base_009828,test_id,test_id/base_009828.npz,182,False,
base_009829,test_id,test_id/base_009829.npz,176,False,
base_009830,test_id,test_id/base_009830.npz,262,False,
base_009831,test_id,test_id/base_009831.npz,216,False,
base_009832,test_id,test_id/base_009832.npz,41,False,
base_009833,test_id,test_id/base_009833.npz,181,False,
base_009834,test_id,test_id/base_009834.npz,40,False,
base_009835,test_id,test_id/base_009835.npz,63,False,
base_009836,test_id,test_id/base_009836.npz,40,False,
base_009837,test_id,test_id/base_009837.npz,149,False,
base_009838,test_id,test_id/base_009838.npz,261,False,
base_009839,test_id,test_id/base_009839.npz,432,False,
base_009840,test_id,test_id/base_009840.npz,149,False,
base_009841,test_id,test_id/base_009841.npz,232,False,
base_009842,test_id,test_id/base_009842.npz,121,False,
base_009843,test_id,test_id/base_009843.npz,432,False,
base_009844,test_id,test_id/base_009844.npz,421,False,
base_009845,test_id,test_id/base_009845.npz,60,False,
base_009846,test_id,test_id/base_009846.npz,261,False,
base_009847,test_id,test_id/base_009847.npz,121,False,
base_009848,test_id,test_id/base_009848.npz,150,False,
base_009849,test_id,test_id/base_009849.npz,59,False,
base_009850,test_id,test_id/base_009850.npz,255,False,
base_009851,test_id,test_id/base_009851.npz,476,False,
base_009852,test_id,test_id/base_009852.npz,45,False,
base_009853,test_id,test_id/base_009853.npz,149,False,
base_009854,test_id,test_id/base_009854.npz,432,False,
base_009855,test_id,test_id/base_009855.npz,160,False,
base_009856,test_id,test_id/base_009856.npz,176,False,
base_009857,test_id,test_id/base_009857.npz,366,False,
base_009858,test_id,test_id/base_009858.npz,68,False,
base_009859,test_id,test_id/base_009859.npz,276,False,
base_009860,test_id,test_id/base_009860.npz,121,False,
base_009861,test_id,test_id/base_009861.npz,176,False,
base_009862,test_id,test_id/base_009862.npz,460,False,
base_009863,test_id,test_id/base_009863.npz,63,False,
base_009864,test_id,test_id/base_009864.npz,85,False,
base_009865,test_id,test_id/base_009865.npz,40,False,
base_009866,test_id,test_id/base_009866.npz,216,False,
base_009867,test_id,test_id/base_009867.npz,216,False,
base_009868,test_id,test_id/base_009868.npz,477,False,
base_009869,test_id,test_id/base_009869.npz,332,False,
base_009870,test_id,test_id/base_009870.npz,432,False,
base_009871,test_id,test_id/base_009871.npz,367,False,
base_009872,test_id,test_id/base_009872.npz,40,False,
base_009873,test_id,test_id/base_009873.npz,64,False,
base_009874,test_id,test_id/base_009874.npz,359,False,
base_009875,test_id,test_id/base_009875.npz,45,False,
base_009876,test_id,test_id/base_009876.npz,45,False,
base_009877,test_id,test_id/base_009877.npz,177,False,
base_009878,test_id,test_id/base_009878.npz,474,False,
base_009879,test_id,test_id/base_009879.npz,158,False,
base_009880,test_id,test_id/base_009880.npz,356,False,
base_009881,test_id,test_id/base_009881.npz,109,False,
base_009882,test_id,test_id/base_009882.npz,490,False,
base_009883,test_id,test_id/base_009883.npz,416,False,
base_009884,test_id,test_id/base_009884.npz,85,False,
base_009885,test_id,test_id/base_009885.npz,359,False,
base_009886,test_id,test_id/base_009886.npz,59,False,
base_009887,test_id,test_id/base_009887.npz,60,False,
base_009888,test_id,test_id/base_009888.npz,40,False,
base_009889,test_id,test_id/base_009889.npz,476,False,
base_009890,test_id,test_id/base_009890.npz,276,False,
base_009891,test_id,test_id/base_009891.npz,432,False,
base_009892,test_id,test_id/base_009892.npz,262,False,
base_009893,test_id,test_id/base_009893.npz,63,False,
base_009894,test_id,test_id/base_009894.npz,85,False,
base_009895,test_id,test_id/base_009895.npz,116,False,
base_009896,test_id,test_id/base_009896.npz,416,False,
base_009897,test_id,test_id/base_009897.npz,120,False,
base_009898,test_id,test_id/base_009898.npz,149,False,
base_009899,test_id,test_id/base_009899.npz,60,False,
base_009900,test_id,test_id/base_009900.npz,85,False,
base_009901,test_id,test_id/base_009901.npz,432,False,
base_009902,test_id,test_id/base_009902.npz,150,False,
base_009903,test_id,test_id/base_009903.npz,432,False,
base_009904,test_id,test_id/base_009904.npz,91,False,
base_009905,test_id,test_id/base_009905.npz,232,False,
base_009906,test_id,test_id/base_009906.npz,416,False,
base_009907,test_id,test_id/base_009907.npz,40,False,
base_009908,test_id,test_id/base_009908.npz,63,False,
base_009909,test_id,test_id/base_009909.npz,121,False,
base_009910,test_id,test_id/base_009910.npz,60,False,
base_009911,test_id,test_id/base_009911.npz,359,False,
base_009912,test_id,test_id/base_009912.npz,64,False,
base_009913,test_id,test_id/base_009913.npz,150,False,
base_009914,test_id,test_id/base_009914.npz,85,False,
base_009915,test_id,test_id/base_009915.npz,232,False,
base_009916,test_id,test_id/base_009916.npz,45,False,
base_009917,test_id,test_id/base_009917.npz,91,False,
base_009918,test_id,test_id/base_009918.npz,416,False,
base_009919,test_id,test_id/base_009919.npz,121,False,
base_009920,test_id,test_id/base_009920.npz,149,False,
base_009921,test_id,test_id/base_009921.npz,85,False,
base_009922,test_id,test_id/base_009922.npz,91,False,
base_009923,test_id,test_id/base_009923.npz,91,False,
base_009924,test_id,test_id/base_009924.npz,367,False,
base_009925,test_id,test_id/base_009925.npz,255,False,
base_009926,test_id,test_id/base_009926.npz,276,False,
base_009927,test_id,test_id/base_009927.npz,41,False,
base_009928,test_id,test_id/base_009928.npz,415,False,
base_009929,test_id,test_id/base_009929.npz,150,False,
base_009930,test_id,test_id/base_009930.npz,320,False,
base_009931,test_id,test_id/base_009931.npz,150,False,
base_009932,test_id,test_id/base_009932.npz,64,False,
base_009933,test_id,test_id/base_009933.npz,180,False,
base_009934,test_id,test_id/base_009934.npz,304,False,
base_009935,test_id,test_id/base_009935.npz,41,False,
base_009936,test_id,test_id/base_009936.npz,432,False,
base_009937,test_id,test_id/base_009937.npz,177,False,
base_009938,test_id,test_id/base_009938.npz,367,False,
base_009939,test_id,test_id/base_009939.npz,232,False,
base_009940,test_id,test_id/base_009940.npz,366,False,
base_009941,test_id,test_id/base_009941.npz,85,False,
base_009942,test_id,test_id/base_009942.npz,182,False,
base_009943,test_id,test_id/base_009943.npz,366,False,
base_009944,test_id,test_id/base_009944.npz,175,False,
base_009945,test_id,test_id/base_009945.npz,91,False,
base_009946,test_id,test_id/base_009946.npz,320,False,
base_009947,test_id,test_id/base_009947.npz,262,False,
base_009948,test_id,test_id/base_009948.npz,175,False,
base_009949,test_id,test_id/base_009949.npz,182,False,
base_009950,test_id,test_id/base_009950.npz,366,False,
base_009951,test_id,test_id/base_009951.npz,320,False,
base_009952,test_id,test_id/base_009952.npz,64,False,
base_009953,test_id,test_id/base_009953.npz,416,False,
base_009954,test_id,test_id/base_009954.npz,63,False,
base_009955,test_id,test_id/base_009955.npz,366,False,
base_009956,test_id,test_id/base_009956.npz,182,False,
base_009957,test_id,test_id/base_009957.npz,416,False,
base_009958,test_id,test_id/base_009958.npz,63,False,
base_009959,test_id,test_id/base_009959.npz,91,False,
base_009960,test_id,test_id/base_009960.npz,262,False,
base_009961,test_id,test_id/base_009961.npz,109,False,
base_009962,test_id,test_id/base_009962.npz,276,False,
base_009963,test_id,test_id/base_009963.npz,116,False,
base_009964,test_id,test_id/base_009964.npz,366,False,
base_009965,test_id,test_id/base_009965.npz,85,False,
base_009966,test_id,test_id/base_009966.npz,432,False,
base_009967,test_id,test_id/base_009967.npz,175,False,
base_009968,test_id,test_id/base_009968.npz,64,False,
base_009969,test_id,test_id/base_009969.npz,41,False,
base_009970,test_id,test_id/base_009970.npz,368,False,
base_009971,test_id,test_id/base_009971.npz,41,False,
base_009972,test_id,test_id/base_009972.npz,359,False,
base_009973,test_id,test_id/base_009973.npz,359,False,
base_009974,test_id,test_id/base_009974.npz,92,False,
base_009975,test_id,test_id/base_009975.npz,477,False,
base_009976,test_id,test_id/base_009976.npz,91,False,
base_009977,test_id,test_id/base_009977.npz,116,False,
base_009978,test_id,test_id/base_009978.npz,91,False,
base_009979,test_id,test_id/base_009979.npz,304,False,
base_009980,test_id,test_id/base_009980.npz,40,False,
base_009981,test_id,test_id/base_009981.npz,85,False,
base_009982,test_id,test_id/base_009982.npz,180,False,
base_009983,test_id,test_id/base_009983.npz,85,False,
base_009984,test_id,test_id/base_009984.npz,262,False,
base_009985,test_id,test_id/base_009985.npz,149,False,
base_009986,test_id,test_id/base_009986.npz,262,False,
base_009987,test_id,test_id/base_009987.npz,91,False,
base_009988,test_id,test_id/base_009988.npz,182,False,
base_009989,test_id,test_id/base_009989.npz,91,False,
base_009990,test_id,test_id/base_009990.npz,45,False,
base_009991,test_id,test_id/base_009991.npz,368,False,
base_009992,test_id,test_id/base_009992.npz,45,False,
base_009993,test_id,test_id/base_009993.npz,63,False,
base_009994,test_id,test_id/base_009994.npz,85,False,
base_009995,test_id,test_id/base_009995.npz,40,False,
base_009996,test_id,test_id/base_009996.npz,332,False,
base_009997,test_id,test_id/base_009997.npz,477,False,
base_009998,test_id,test_id/base_009998.npz,149,False,
base_009999,test_id,test_id/base_009999.npz,116,False,
channel_blockade_000000,test_ood,test_ood/channel_blockade_000000.npz,59,True,channel_blockade
channel_blockade_000001,test_ood,test_ood/channel_blockade_000001.npz,64,True,channel_blockade
channel_blockade_000002,test_ood,test_ood/channel_blockade_000002.npz,216,True,channel_blockade
channel_blockade_000003,test_ood,test_ood/channel_blockade_000003.npz,120,True,channel_blockade
channel_blockade_000004,test_ood,test_ood/channel_blockade_000004.npz,421,True,channel_blockade
channel_blockade_000005,test_ood,test_ood/channel_blockade_000005.npz,41,True,channel_blockade
channel_blockade_000006,test_ood,test_ood/channel_blockade_000006.npz,183,True,channel_blockade
channel_blockade_000007,test_ood,test_ood/channel_blockade_000007.npz,261,True,channel_blockade
channel_blockade_000008,test_ood,test_ood/channel_blockade_000008.npz,471,True,channel_blockade
channel_blockade_000009,test_ood,test_ood/channel_blockade_000009.npz,91,True,channel_blockade
channel_blockade_000010,test_ood,test_ood/channel_blockade_000010.npz,91,True,channel_blockade
channel_blockade_000011,test_ood,test_ood/channel_blockade_000011.npz,121,True,channel_blockade
channel_blockade_000012,test_ood,test_ood/channel_blockade_000012.npz,305,True,channel_blockade
channel_blockade_000013,test_ood,test_ood/channel_blockade_000013.npz,368,True,channel_blockade
channel_blockade_000014,test_ood,test_ood/channel_blockade_000014.npz,181,True,channel_blockade
channel_blockade_000015,test_ood,test_ood/channel_blockade_000015.npz,216,True,channel_blockade
channel_blockade_000016,test_ood,test_ood/channel_blockade_000016.npz,477,True,channel_blockade
channel_blockade_000017,test_ood,test_ood/channel_blockade_000017.npz,232,True,channel_blockade
channel_blockade_000018,test_ood,test_ood/channel_blockade_000018.npz,85,True,channel_blockade
channel_blockade_000019,test_ood,test_ood/channel_blockade_000019.npz,320,True,channel_blockade
channel_blockade_000020,test_ood,test_ood/channel_blockade_000020.npz,85,True,channel_blockade
channel_blockade_000021,test_ood,test_ood/channel_blockade_000021.npz,366,True,channel_blockade
channel_blockade_000022,test_ood,test_ood/channel_blockade_000022.npz,45,True,channel_blockade
channel_blockade_000023,test_ood,test_ood/channel_blockade_000023.npz,63,True,channel_blockade
channel_blockade_000024,test_ood,test_ood/channel_blockade_000024.npz,461,True,channel_blockade
channel_blockade_000025,test_ood,test_ood/channel_blockade_000025.npz,366,True,channel_blockade
channel_blockade_000026,test_ood,test_ood/channel_blockade_000026.npz,109,True,channel_blockade
channel_blockade_000027,test_ood,test_ood/channel_blockade_000027.npz,216,True,channel_blockade
channel_blockade_000028,test_ood,test_ood/channel_blockade_000028.npz,160,True,channel_blockade
channel_blockade_000029,test_ood,test_ood/channel_blockade_000029.npz,121,True,channel_blockade
channel_blockade_000030,test_ood,test_ood/channel_blockade_000030.npz,304,True,channel_blockade
channel_blockade_000031,test_ood,test_ood/channel_blockade_000031.npz,275,True,channel_blockade
channel_blockade_000032,test_ood,test_ood/channel_blockade_000032.npz,63,True,channel_blockade
channel_blockade_000033,test_ood,test_ood/channel_blockade_000033.npz,232,True,channel_blockade
channel_blockade_000034,test_ood,test_ood/channel_blockade_000034.npz,60,True,channel_blockade
channel_blockade_000035,test_ood,test_ood/channel_blockade_000035.npz,63,True,channel_blockade
channel_blockade_000036,test_ood,test_ood/channel_blockade_000036.npz,40,True,channel_blockade
channel_blockade_000037,test_ood,test_ood/channel_blockade_000037.npz,92,True,channel_blockade
channel_blockade_000038,test_ood,test_ood/channel_blockade_000038.npz,116,True,channel_blockade
channel_blockade_000039,test_ood,test_ood/channel_blockade_000039.npz,91,True,channel_blockade
channel_blockade_000040,test_ood,test_ood/channel_blockade_000040.npz,232,True,channel_blockade
channel_blockade_000041,test_ood,test_ood/channel_blockade_000041.npz,150,True,channel_blockade
channel_blockade_000042,test_ood,test_ood/channel_blockade_000042.npz,261,True,channel_blockade
channel_blockade_000043,test_ood,test_ood/channel_blockade_000043.npz,304,True,channel_blockade
channel_blockade_000044,test_ood,test_ood/channel_blockade_000044.npz,232,True,channel_blockade
channel_blockade_000045,test_ood,test_ood/channel_blockade_000045.npz,421,True,channel_blockade
channel_blockade_000046,test_ood,test_ood/channel_blockade_000046.npz,490,True,channel_blockade
channel_blockade_000047,test_ood,test_ood/channel_blockade_000047.npz,45,True,channel_blockade
channel_blockade_000048,test_ood,test_ood/channel_blockade_000048.npz,91,True,channel_blockade
channel_blockade_000049,test_ood,test_ood/channel_blockade_000049.npz,85,True,channel_blockade
channel_blockade_000050,test_ood,test_ood/channel_blockade_000050.npz,63,True,channel_blockade
channel_blockade_000051,test_ood,test_ood/channel_blockade_000051.npz,121,True,channel_blockade
channel_blockade_000052,test_ood,test_ood/channel_blockade_000052.npz,116,True,channel_blockade
channel_blockade_000053,test_ood,test_ood/channel_blockade_000053.npz,91,True,channel_blockade
channel_blockade_000054,test_ood,test_ood/channel_blockade_000054.npz,64,True,channel_blockade
channel_blockade_000055,test_ood,test_ood/channel_blockade_000055.npz,120,True,channel_blockade
channel_blockade_000056,test_ood,test_ood/channel_blockade_000056.npz,41,True,channel_blockade
channel_blockade_000057,test_ood,test_ood/channel_blockade_000057.npz,138,True,channel_blockade
channel_blockade_000058,test_ood,test_ood/channel_blockade_000058.npz,421,True,channel_blockade
channel_blockade_000059,test_ood,test_ood/channel_blockade_000059.npz,45,True,channel_blockade
channel_blockade_000060,test_ood,test_ood/channel_blockade_000060.npz,85,True,channel_blockade
channel_blockade_000061,test_ood,test_ood/channel_blockade_000061.npz,356,True,channel_blockade
channel_blockade_000062,test_ood,test_ood/channel_blockade_000062.npz,216,True,channel_blockade
channel_blockade_000063,test_ood,test_ood/channel_blockade_000063.npz,216,True,channel_blockade
channel_blockade_000064,test_ood,test_ood/channel_blockade_000064.npz,63,True,channel_blockade
channel_blockade_000065,test_ood,test_ood/channel_blockade_000065.npz,63,True,channel_blockade
channel_blockade_000066,test_ood,test_ood/channel_blockade_000066.npz,262,True,channel_blockade
channel_blockade_000067,test_ood,test_ood/channel_blockade_000067.npz,138,True,channel_blockade
channel_blockade_000068,test_ood,test_ood/channel_blockade_000068.npz,116,True,channel_blockade
channel_blockade_000069,test_ood,test_ood/channel_blockade_000069.npz,320,True,channel_blockade
channel_blockade_000070,test_ood,test_ood/channel_blockade_000070.npz,262,True,channel_blockade
channel_blockade_000071,test_ood,test_ood/channel_blockade_000071.npz,63,True,channel_blockade
channel_blockade_000072,test_ood,test_ood/channel_blockade_000072.npz,176,True,channel_blockade
channel_blockade_000073,test_ood,test_ood/channel_blockade_000073.npz,91,True,channel_blockade
channel_blockade_000074,test_ood,test_ood/channel_blockade_000074.npz,64,True,channel_blockade
channel_blockade_000075,test_ood,test_ood/channel_blockade_000075.npz,40,True,channel_blockade
channel_blockade_000076,test_ood,test_ood/channel_blockade_000076.npz,368,True,channel_blockade
channel_blockade_000077,test_ood,test_ood/channel_blockade_000077.npz,149,True,channel_blockade
channel_blockade_000078,test_ood,test_ood/channel_blockade_000078.npz,359,True,channel_blockade
channel_blockade_000079,test_ood,test_ood/channel_blockade_000079.npz,63,True,channel_blockade
channel_blockade_000080,test_ood,test_ood/channel_blockade_000080.npz,116,True,channel_blockade
channel_blockade_000081,test_ood,test_ood/channel_blockade_000081.npz,150,True,channel_blockade
channel_blockade_000082,test_ood,test_ood/channel_blockade_000082.npz,150,True,channel_blockade
channel_blockade_000083,test_ood,test_ood/channel_blockade_000083.npz,150,True,channel_blockade
channel_blockade_000084,test_ood,test_ood/channel_blockade_000084.npz,85,True,channel_blockade
channel_blockade_000085,test_ood,test_ood/channel_blockade_000085.npz,320,True,channel_blockade
channel_blockade_000086,test_ood,test_ood/channel_blockade_000086.npz,415,True,channel_blockade
channel_blockade_000087,test_ood,test_ood/channel_blockade_000087.npz,173,True,channel_blockade
channel_blockade_000088,test_ood,test_ood/channel_blockade_000088.npz,85,True,channel_blockade
channel_blockade_000089,test_ood,test_ood/channel_blockade_000089.npz,232,True,channel_blockade
channel_blockade_000090,test_ood,test_ood/channel_blockade_000090.npz,216,True,channel_blockade
channel_blockade_000091,test_ood,test_ood/channel_blockade_000091.npz,92,True,channel_blockade
channel_blockade_000092,test_ood,test_ood/channel_blockade_000092.npz,91,True,channel_blockade
channel_blockade_000093,test_ood,test_ood/channel_blockade_000093.npz,216,True,channel_blockade
channel_blockade_000094,test_ood,test_ood/channel_blockade_000094.npz,417,True,channel_blockade
channel_blockade_000095,test_ood,test_ood/channel_blockade_000095.npz,232,True,channel_blockade
channel_blockade_000096,test_ood,test_ood/channel_blockade_000096.npz,63,True,channel_blockade
channel_blockade_000097,test_ood,test_ood/channel_blockade_000097.npz,91,True,channel_blockade
channel_blockade_000098,test_ood,test_ood/channel_blockade_000098.npz,490,True,channel_blockade
channel_blockade_000099,test_ood,test_ood/channel_blockade_000099.npz,149,True,channel_blockade
channel_blockade_000100,test_ood,test_ood/channel_blockade_000100.npz,138,True,channel_blockade
channel_blockade_000101,test_ood,test_ood/channel_blockade_000101.npz,262,True,channel_blockade
channel_blockade_000102,test_ood,test_ood/channel_blockade_000102.npz,60,True,channel_blockade
channel_blockade_000103,test_ood,test_ood/channel_blockade_000103.npz,63,True,channel_blockade
channel_blockade_000104,test_ood,test_ood/channel_blockade_000104.npz,366,True,channel_blockade
channel_blockade_000105,test_ood,test_ood/channel_blockade_000105.npz,138,True,channel_blockade
channel_blockade_000106,test_ood,test_ood/channel_blockade_000106.npz,63,True,channel_blockade
channel_blockade_000107,test_ood,test_ood/channel_blockade_000107.npz,41,True,channel_blockade
channel_blockade_000108,test_ood,test_ood/channel_blockade_000108.npz,62,True,channel_blockade
channel_blockade_000109,test_ood,test_ood/channel_blockade_000109.npz,41,True,channel_blockade
channel_blockade_000110,test_ood,test_ood/channel_blockade_000110.npz,460,True,channel_blockade
channel_blockade_000111,test_ood,test_ood/channel_blockade_000111.npz,158,True,channel_blockade
channel_blockade_000112,test_ood,test_ood/channel_blockade_000112.npz,490,True,channel_blockade
channel_blockade_000113,test_ood,test_ood/channel_blockade_000113.npz,359,True,channel_blockade
channel_blockade_000114,test_ood,test_ood/channel_blockade_000114.npz,304,True,channel_blockade
channel_blockade_000115,test_ood,test_ood/channel_blockade_000115.npz,63,True,channel_blockade
channel_blockade_000116,test_ood,test_ood/channel_blockade_000116.npz,60,True,channel_blockade
channel_blockade_000117,test_ood,test_ood/channel_blockade_000117.npz,182,True,channel_blockade
channel_blockade_000118,test_ood,test_ood/channel_blockade_000118.npz,460,True,channel_blockade
channel_blockade_000119,test_ood,test_ood/channel_blockade_000119.npz,64,True,channel_blockade
channel_blockade_000120,test_ood,test_ood/channel_blockade_000120.npz,232,True,channel_blockade
channel_blockade_000121,test_ood,test_ood/channel_blockade_000121.npz,85,True,channel_blockade
channel_blockade_000122,test_ood,test_ood/channel_blockade_000122.npz,121,True,channel_blockade
channel_blockade_000123,test_ood,test_ood/channel_blockade_000123.npz,150,True,channel_blockade
channel_blockade_000124,test_ood,test_ood/channel_blockade_000124.npz,138,True,channel_blockade
channel_blockade_000125,test_ood,test_ood/channel_blockade_000125.npz,45,True,channel_blockade
channel_blockade_000126,test_ood,test_ood/channel_blockade_000126.npz,261,True,channel_blockade
channel_blockade_000127,test_ood,test_ood/channel_blockade_000127.npz,116,True,channel_blockade
channel_blockade_000128,test_ood,test_ood/channel_blockade_000128.npz,116,True,channel_blockade
channel_blockade_000129,test_ood,test_ood/channel_blockade_000129.npz,64,True,channel_blockade
channel_blockade_000130,test_ood,test_ood/channel_blockade_000130.npz,92,True,channel_blockade
channel_blockade_000131,test_ood,test_ood/channel_blockade_000131.npz,60,True,channel_blockade
channel_blockade_000132,test_ood,test_ood/channel_blockade_000132.npz,116,True,channel_blockade
channel_blockade_000133,test_ood,test_ood/channel_blockade_000133.npz,476,True,channel_blockade
channel_blockade_000134,test_ood,test_ood/channel_blockade_000134.npz,116,True,channel_blockade
channel_blockade_000135,test_ood,test_ood/channel_blockade_000135.npz,216,True,channel_blockade
channel_blockade_000136,test_ood,test_ood/channel_blockade_000136.npz,85,True,channel_blockade
channel_blockade_000137,test_ood,test_ood/channel_blockade_000137.npz,45,True,channel_blockade
channel_blockade_000138,test_ood,test_ood/channel_blockade_000138.npz,63,True,channel_blockade
channel_blockade_000139,test_ood,test_ood/channel_blockade_000139.npz,174,True,channel_blockade
channel_blockade_000140,test_ood,test_ood/channel_blockade_000140.npz,60,True,channel_blockade
channel_blockade_000141,test_ood,test_ood/channel_blockade_000141.npz,149,True,channel_blockade
channel_blockade_000142,test_ood,test_ood/channel_blockade_000142.npz,109,True,channel_blockade
channel_blockade_000143,test_ood,test_ood/channel_blockade_000143.npz,175,True,channel_blockade
channel_blockade_000144,test_ood,test_ood/channel_blockade_000144.npz,150,True,channel_blockade
channel_blockade_000145,test_ood,test_ood/channel_blockade_000145.npz,418,True,channel_blockade
channel_blockade_000146,test_ood,test_ood/channel_blockade_000146.npz,432,True,channel_blockade
channel_blockade_000147,test_ood,test_ood/channel_blockade_000147.npz,490,True,channel_blockade
channel_blockade_000148,test_ood,test_ood/channel_blockade_000148.npz,477,True,channel_blockade
channel_blockade_000149,test_ood,test_ood/channel_blockade_000149.npz,85,True,channel_blockade
channel_blockade_000150,test_ood,test_ood/channel_blockade_000150.npz,45,True,channel_blockade
channel_blockade_000151,test_ood,test_ood/channel_blockade_000151.npz,60,True,channel_blockade
channel_blockade_000152,test_ood,test_ood/channel_blockade_000152.npz,91,True,channel_blockade
channel_blockade_000153,test_ood,test_ood/channel_blockade_000153.npz,41,True,channel_blockade
channel_blockade_000154,test_ood,test_ood/channel_blockade_000154.npz,85,True,channel_blockade
channel_blockade_000155,test_ood,test_ood/channel_blockade_000155.npz,320,True,channel_blockade
channel_blockade_000156,test_ood,test_ood/channel_blockade_000156.npz,60,True,channel_blockade
channel_blockade_000157,test_ood,test_ood/channel_blockade_000157.npz,45,True,channel_blockade
channel_blockade_000158,test_ood,test_ood/channel_blockade_000158.npz,490,True,channel_blockade
channel_blockade_000159,test_ood,test_ood/channel_blockade_000159.npz,45,True,channel_blockade
channel_blockade_000160,test_ood,test_ood/channel_blockade_000160.npz,416,True,channel_blockade
channel_blockade_000161,test_ood,test_ood/channel_blockade_000161.npz,320,True,channel_blockade
channel_blockade_000162,test_ood,test_ood/channel_blockade_000162.npz,91,True,channel_blockade
channel_blockade_000163,test_ood,test_ood/channel_blockade_000163.npz,320,True,channel_blockade
channel_blockade_000164,test_ood,test_ood/channel_blockade_000164.npz,41,True,channel_blockade
channel_blockade_000165,test_ood,test_ood/channel_blockade_000165.npz,150,True,channel_blockade
channel_blockade_000166,test_ood,test_ood/channel_blockade_000166.npz,416,True,channel_blockade
channel_blockade_000167,test_ood,test_ood/channel_blockade_000167.npz,116,True,channel_blockade
channel_blockade_000168,test_ood,test_ood/channel_blockade_000168.npz,138,True,channel_blockade
channel_blockade_000169,test_ood,test_ood/channel_blockade_000169.npz,91,True,channel_blockade
channel_blockade_000170,test_ood,test_ood/channel_blockade_000170.npz,118,True,channel_blockade
channel_blockade_000171,test_ood,test_ood/channel_blockade_000171.npz,173,True,channel_blockade
channel_blockade_000172,test_ood,test_ood/channel_blockade_000172.npz,85,True,channel_blockade
channel_blockade_000173,test_ood,test_ood/channel_blockade_000173.npz,304,True,channel_blockade
channel_blockade_000174,test_ood,test_ood/channel_blockade_000174.npz,261,True,channel_blockade
channel_blockade_000175,test_ood,test_ood/channel_blockade_000175.npz,116,True,channel_blockade
channel_blockade_000176,test_ood,test_ood/channel_blockade_000176.npz,433,True,channel_blockade
channel_blockade_000177,test_ood,test_ood/channel_blockade_000177.npz,175,True,channel_blockade
channel_blockade_000178,test_ood,test_ood/channel_blockade_000178.npz,432,True,channel_blockade
channel_blockade_000179,test_ood,test_ood/channel_blockade_000179.npz,120,True,channel_blockade
channel_blockade_000180,test_ood,test_ood/channel_blockade_000180.npz,276,True,channel_blockade
channel_blockade_000181,test_ood,test_ood/channel_blockade_000181.npz,60,True,channel_blockade
channel_blockade_000182,test_ood,test_ood/channel_blockade_000182.npz,181,True,channel_blockade
channel_blockade_000183,test_ood,test_ood/channel_blockade_000183.npz,177,True,channel_blockade
channel_blockade_000184,test_ood,test_ood/channel_blockade_000184.npz,174,True,channel_blockade
channel_blockade_000185,test_ood,test_ood/channel_blockade_000185.npz,366,True,channel_blockade
channel_blockade_000186,test_ood,test_ood/channel_blockade_000186.npz,320,True,channel_blockade
channel_blockade_000187,test_ood,test_ood/channel_blockade_000187.npz,45,True,channel_blockade
channel_blockade_000188,test_ood,test_ood/channel_blockade_000188.npz,421,True,channel_blockade
channel_blockade_000189,test_ood,test_ood/channel_blockade_000189.npz,150,True,channel_blockade
channel_blockade_000190,test_ood,test_ood/channel_blockade_000190.npz,471,True,channel_blockade
channel_blockade_000191,test_ood,test_ood/channel_blockade_000191.npz,276,True,channel_blockade
channel_blockade_000192,test_ood,test_ood/channel_blockade_000192.npz,232,True,channel_blockade
channel_blockade_000193,test_ood,test_ood/channel_blockade_000193.npz,262,True,channel_blockade
channel_blockade_000194,test_ood,test_ood/channel_blockade_000194.npz,259,True,channel_blockade
channel_blockade_000195,test_ood,test_ood/channel_blockade_000195.npz,149,True,channel_blockade
channel_blockade_000196,test_ood,test_ood/channel_blockade_000196.npz,275,True,channel_blockade
channel_blockade_000197,test_ood,test_ood/channel_blockade_000197.npz,176,True,channel_blockade
channel_blockade_000198,test_ood,test_ood/channel_blockade_000198.npz,173,True,channel_blockade
channel_blockade_000199,test_ood,test_ood/channel_blockade_000199.npz,85,True,channel_blockade
channel_blockade_000200,test_ood,test_ood/channel_blockade_000200.npz,320,True,channel_blockade
channel_blockade_000201,test_ood,test_ood/channel_blockade_000201.npz,359,True,channel_blockade
channel_blockade_000202,test_ood,test_ood/channel_blockade_000202.npz,85,True,channel_blockade
channel_blockade_000203,test_ood,test_ood/channel_blockade_000203.npz,91,True,channel_blockade
channel_blockade_000204,test_ood,test_ood/channel_blockade_000204.npz,232,True,channel_blockade
channel_blockade_000205,test_ood,test_ood/channel_blockade_000205.npz,85,True,channel_blockade
channel_blockade_000206,test_ood,test_ood/channel_blockade_000206.npz,68,True,channel_blockade
channel_blockade_000207,test_ood,test_ood/channel_blockade_000207.npz,120,True,channel_blockade
channel_blockade_000208,test_ood,test_ood/channel_blockade_000208.npz,261,True,channel_blockade
channel_blockade_000209,test_ood,test_ood/channel_blockade_000209.npz,60,True,channel_blockade
channel_blockade_000210,test_ood,test_ood/channel_blockade_000210.npz,359,True,channel_blockade
channel_blockade_000211,test_ood,test_ood/channel_blockade_000211.npz,262,True,channel_blockade
channel_blockade_000212,test_ood,test_ood/channel_blockade_000212.npz,320,True,channel_blockade
channel_blockade_000213,test_ood,test_ood/channel_blockade_000213.npz,63,True,channel_blockade
channel_blockade_000214,test_ood,test_ood/channel_blockade_000214.npz,120,True,channel_blockade
channel_blockade_000215,test_ood,test_ood/channel_blockade_000215.npz,173,True,channel_blockade
channel_blockade_000216,test_ood,test_ood/channel_blockade_000216.npz,216,True,channel_blockade
channel_blockade_000217,test_ood,test_ood/channel_blockade_000217.npz,275,True,channel_blockade
channel_blockade_000218,test_ood,test_ood/channel_blockade_000218.npz,320,True,channel_blockade
channel_blockade_000219,test_ood,test_ood/channel_blockade_000219.npz,320,True,channel_blockade
channel_blockade_000220,test_ood,test_ood/channel_blockade_000220.npz,92,True,channel_blockade
channel_blockade_000221,test_ood,test_ood/channel_blockade_000221.npz,232,True,channel_blockade
channel_blockade_000222,test_ood,test_ood/channel_blockade_000222.npz,91,True,channel_blockade
channel_blockade_000223,test_ood,test_ood/channel_blockade_000223.npz,116,True,channel_blockade
channel_blockade_000224,test_ood,test_ood/channel_blockade_000224.npz,91,True,channel_blockade
channel_blockade_000225,test_ood,test_ood/channel_blockade_000225.npz,150,True,channel_blockade
channel_blockade_000226,test_ood,test_ood/channel_blockade_000226.npz,261,True,channel_blockade
channel_blockade_000227,test_ood,test_ood/channel_blockade_000227.npz,85,True,channel_blockade
channel_blockade_000228,test_ood,test_ood/channel_blockade_000228.npz,260,True,channel_blockade
channel_blockade_000229,test_ood,test_ood/channel_blockade_000229.npz,183,True,channel_blockade
channel_blockade_000230,test_ood,test_ood/channel_blockade_000230.npz,64,True,channel_blockade
channel_blockade_000231,test_ood,test_ood/channel_blockade_000231.npz,45,True,channel_blockade
channel_blockade_000232,test_ood,test_ood/channel_blockade_000232.npz,150,True,channel_blockade
channel_blockade_000233,test_ood,test_ood/channel_blockade_000233.npz,40,True,channel_blockade
channel_blockade_000234,test_ood,test_ood/channel_blockade_000234.npz,85,True,channel_blockade
channel_blockade_000235,test_ood,test_ood/channel_blockade_000235.npz,368,True,channel_blockade
channel_blockade_000236,test_ood,test_ood/channel_blockade_000236.npz,276,True,channel_blockade
channel_blockade_000237,test_ood,test_ood/channel_blockade_000237.npz,366,True,channel_blockade
channel_blockade_000238,test_ood,test_ood/channel_blockade_000238.npz,421,True,channel_blockade
channel_blockade_000239,test_ood,test_ood/channel_blockade_000239.npz,85,True,channel_blockade
channel_blockade_000240,test_ood,test_ood/channel_blockade_000240.npz,232,True,channel_blockade
channel_blockade_000241,test_ood,test_ood/channel_blockade_000241.npz,318,True,channel_blockade
channel_blockade_000242,test_ood,test_ood/channel_blockade_000242.npz,150,True,channel_blockade
channel_blockade_000243,test_ood,test_ood/channel_blockade_000243.npz,64,True,channel_blockade
channel_blockade_000244,test_ood,test_ood/channel_blockade_000244.npz,109,True,channel_blockade
channel_blockade_000245,test_ood,test_ood/channel_blockade_000245.npz,85,True,channel_blockade
channel_blockade_000246,test_ood,test_ood/channel_blockade_000246.npz,41,True,channel_blockade
channel_blockade_000247,test_ood,test_ood/channel_blockade_000247.npz,332,True,channel_blockade
channel_blockade_000248,test_ood,test_ood/channel_blockade_000248.npz,92,True,channel_blockade
channel_blockade_000249,test_ood,test_ood/channel_blockade_000249.npz,64,True,channel_blockade
channel_blockade_000250,test_ood,test_ood/channel_blockade_000250.npz,149,True,channel_blockade
channel_blockade_000251,test_ood,test_ood/channel_blockade_000251.npz,150,True,channel_blockade
channel_blockade_000252,test_ood,test_ood/channel_blockade_000252.npz,45,True,channel_blockade
channel_blockade_000253,test_ood,test_ood/channel_blockade_000253.npz,432,True,channel_blockade
channel_blockade_000254,test_ood,test_ood/channel_blockade_000254.npz,85,True,channel_blockade
channel_blockade_000255,test_ood,test_ood/channel_blockade_000255.npz,45,True,channel_blockade
channel_blockade_000256,test_ood,test_ood/channel_blockade_000256.npz,366,True,channel_blockade
channel_blockade_000257,test_ood,test_ood/channel_blockade_000257.npz,182,True,channel_blockade
channel_blockade_000258,test_ood,test_ood/channel_blockade_000258.npz,63,True,channel_blockade
channel_blockade_000259,test_ood,test_ood/channel_blockade_000259.npz,175,True,channel_blockade
channel_blockade_000260,test_ood,test_ood/channel_blockade_000260.npz,121,True,channel_blockade
channel_blockade_000261,test_ood,test_ood/channel_blockade_000261.npz,60,True,channel_blockade
channel_blockade_000262,test_ood,test_ood/channel_blockade_000262.npz,121,True,channel_blockade
channel_blockade_000263,test_ood,test_ood/channel_blockade_000263.npz,64,True,channel_blockade
channel_blockade_000264,test_ood,test_ood/channel_blockade_000264.npz,276,True,channel_blockade
channel_blockade_000265,test_ood,test_ood/channel_blockade_000265.npz,85,True,channel_blockade
channel_blockade_000266,test_ood,test_ood/channel_blockade_000266.npz,261,True,channel_blockade
channel_blockade_000267,test_ood,test_ood/channel_blockade_000267.npz,359,True,channel_blockade
channel_blockade_000268,test_ood,test_ood/channel_blockade_000268.npz,320,True,channel_blockade
channel_blockade_000269,test_ood,test_ood/channel_blockade_000269.npz,332,True,channel_blockade
channel_blockade_000270,test_ood,test_ood/channel_blockade_000270.npz,59,True,channel_blockade
channel_blockade_000271,test_ood,test_ood/channel_blockade_000271.npz,120,True,channel_blockade
channel_blockade_000272,test_ood,test_ood/channel_blockade_000272.npz,332,True,channel_blockade
channel_blockade_000273,test_ood,test_ood/channel_blockade_000273.npz,416,True,channel_blockade
channel_blockade_000274,test_ood,test_ood/channel_blockade_000274.npz,138,True,channel_blockade
channel_blockade_000275,test_ood,test_ood/channel_blockade_000275.npz,60,True,channel_blockade
channel_blockade_000276,test_ood,test_ood/channel_blockade_000276.npz,255,True,channel_blockade
channel_blockade_000277,test_ood,test_ood/channel_blockade_000277.npz,276,True,channel_blockade
channel_blockade_000278,test_ood,test_ood/channel_blockade_000278.npz,59,True,channel_blockade
channel_blockade_000279,test_ood,test_ood/channel_blockade_000279.npz,216,True,channel_blockade
channel_blockade_000280,test_ood,test_ood/channel_blockade_000280.npz,121,True,channel_blockade
channel_blockade_000281,test_ood,test_ood/channel_blockade_000281.npz,182,True,channel_blockade
channel_blockade_000282,test_ood,test_ood/channel_blockade_000282.npz,232,True,channel_blockade
channel_blockade_000283,test_ood,test_ood/channel_blockade_000283.npz,182,True,channel_blockade
channel_blockade_000284,test_ood,test_ood/channel_blockade_000284.npz,120,True,channel_blockade
channel_blockade_000285,test_ood,test_ood/channel_blockade_000285.npz,180,True,channel_blockade
channel_blockade_000286,test_ood,test_ood/channel_blockade_000286.npz,63,True,channel_blockade
channel_blockade_000287,test_ood,test_ood/channel_blockade_000287.npz,116,True,channel_blockade
channel_blockade_000288,test_ood,test_ood/channel_blockade_000288.npz,109,True,channel_blockade
channel_blockade_000289,test_ood,test_ood/channel_blockade_000289.npz,63,True,channel_blockade
channel_blockade_000290,test_ood,test_ood/channel_blockade_000290.npz,60,True,channel_blockade
channel_blockade_000291,test_ood,test_ood/channel_blockade_000291.npz,60,True,channel_blockade
channel_blockade_000292,test_ood,test_ood/channel_blockade_000292.npz,149,True,channel_blockade
channel_blockade_000293,test_ood,test_ood/channel_blockade_000293.npz,471,True,channel_blockade
channel_blockade_000294,test_ood,test_ood/channel_blockade_000294.npz,366,True,channel_blockade
channel_blockade_000295,test_ood,test_ood/channel_blockade_000295.npz,121,True,channel_blockade
channel_blockade_000296,test_ood,test_ood/channel_blockade_000296.npz,216,True,channel_blockade
channel_blockade_000297,test_ood,test_ood/channel_blockade_000297.npz,474,True,channel_blockade
channel_blockade_000298,test_ood,test_ood/channel_blockade_000298.npz,59,True,channel_blockade
channel_blockade_000299,test_ood,test_ood/channel_blockade_000299.npz,255,True,channel_blockade
channel_blockade_000300,test_ood,test_ood/channel_blockade_000300.npz,160,True,channel_blockade
channel_blockade_000301,test_ood,test_ood/channel_blockade_000301.npz,366,True,channel_blockade
channel_blockade_000302,test_ood,test_ood/channel_blockade_000302.npz,149,True,channel_blockade
channel_blockade_000303,test_ood,test_ood/channel_blockade_000303.npz,367,True,channel_blockade
channel_blockade_000304,test_ood,test_ood/channel_blockade_000304.npz,193,True,channel_blockade
channel_blockade_000305,test_ood,test_ood/channel_blockade_000305.npz,118,True,channel_blockade
channel_blockade_000306,test_ood,test_ood/channel_blockade_000306.npz,332,True,channel_blockade
channel_blockade_000307,test_ood,test_ood/channel_blockade_000307.npz,149,True,channel_blockade
channel_blockade_000308,test_ood,test_ood/channel_blockade_000308.npz,180,True,channel_blockade
channel_blockade_000309,test_ood,test_ood/channel_blockade_000309.npz,62,True,channel_blockade
channel_blockade_000310,test_ood,test_ood/channel_blockade_000310.npz,120,True,channel_blockade
channel_blockade_000311,test_ood,test_ood/channel_blockade_000311.npz,474,True,channel_blockade
channel_blockade_000312,test_ood,test_ood/channel_blockade_000312.npz,85,True,channel_blockade
channel_blockade_000313,test_ood,test_ood/channel_blockade_000313.npz,121,True,channel_blockade
channel_blockade_000314,test_ood,test_ood/channel_blockade_000314.npz,216,True,channel_blockade
channel_blockade_000315,test_ood,test_ood/channel_blockade_000315.npz,62,True,channel_blockade
channel_blockade_000316,test_ood,test_ood/channel_blockade_000316.npz,180,True,channel_blockade
channel_blockade_000317,test_ood,test_ood/channel_blockade_000317.npz,216,True,channel_blockade
channel_blockade_000318,test_ood,test_ood/channel_blockade_000318.npz,432,True,channel_blockade
channel_blockade_000319,test_ood,test_ood/channel_blockade_000319.npz,116,True,channel_blockade
channel_blockade_000320,test_ood,test_ood/channel_blockade_000320.npz,276,True,channel_blockade
channel_blockade_000321,test_ood,test_ood/channel_blockade_000321.npz,116,True,channel_blockade
channel_blockade_000322,test_ood,test_ood/channel_blockade_000322.npz,91,True,channel_blockade
channel_blockade_000323,test_ood,test_ood/channel_blockade_000323.npz,85,True,channel_blockade
channel_blockade_000324,test_ood,test_ood/channel_blockade_000324.npz,116,True,channel_blockade
channel_blockade_000325,test_ood,test_ood/channel_blockade_000325.npz,64,True,channel_blockade
channel_blockade_000326,test_ood,test_ood/channel_blockade_000326.npz,175,True,channel_blockade
channel_blockade_000327,test_ood,test_ood/channel_blockade_000327.npz,180,True,channel_blockade
channel_blockade_000328,test_ood,test_ood/channel_blockade_000328.npz,45,True,channel_blockade
channel_blockade_000329,test_ood,test_ood/channel_blockade_000329.npz,45,True,channel_blockade
channel_blockade_000330,test_ood,test_ood/channel_blockade_000330.npz,63,True,channel_blockade
channel_blockade_000331,test_ood,test_ood/channel_blockade_000331.npz,415,True,channel_blockade
channel_blockade_000332,test_ood,test_ood/channel_blockade_000332.npz,85,True,channel_blockade
channel_blockade_000333,test_ood,test_ood/channel_blockade_000333.npz,366,True,channel_blockade
channel_blockade_000334,test_ood,test_ood/channel_blockade_000334.npz,432,True,channel_blockade
channel_blockade_000335,test_ood,test_ood/channel_blockade_000335.npz,359,True,channel_blockade
channel_blockade_000336,test_ood,test_ood/channel_blockade_000336.npz,276,True,channel_blockade
channel_blockade_000337,test_ood,test_ood/channel_blockade_000337.npz,45,True,channel_blockade
channel_blockade_000338,test_ood,test_ood/channel_blockade_000338.npz,64,True,channel_blockade
channel_blockade_000339,test_ood,test_ood/channel_blockade_000339.npz,40,True,channel_blockade
channel_blockade_000340,test_ood,test_ood/channel_blockade_000340.npz,91,True,channel_blockade
channel_blockade_000341,test_ood,test_ood/channel_blockade_000341.npz,477,True,channel_blockade
channel_blockade_000342,test_ood,test_ood/channel_blockade_000342.npz,64,True,channel_blockade
channel_blockade_000343,test_ood,test_ood/channel_blockade_000343.npz,41,True,channel_blockade
channel_blockade_000344,test_ood,test_ood/channel_blockade_000344.npz,232,True,channel_blockade
channel_blockade_000345,test_ood,test_ood/channel_blockade_000345.npz,120,True,channel_blockade
channel_blockade_000346,test_ood,test_ood/channel_blockade_000346.npz,180,True,channel_blockade
channel_blockade_000347,test_ood,test_ood/channel_blockade_000347.npz,175,True,channel_blockade
channel_blockade_000348,test_ood,test_ood/channel_blockade_000348.npz,490,True,channel_blockade
channel_blockade_000349,test_ood,test_ood/channel_blockade_000349.npz,116,True,channel_blockade
channel_blockade_000350,test_ood,test_ood/channel_blockade_000350.npz,182,True,channel_blockade
channel_blockade_000351,test_ood,test_ood/channel_blockade_000351.npz,45,True,channel_blockade
channel_blockade_000352,test_ood,test_ood/channel_blockade_000352.npz,401,True,channel_blockade
channel_blockade_000353,test_ood,test_ood/channel_blockade_000353.npz,461,True,channel_blockade
channel_blockade_000354,test_ood,test_ood/channel_blockade_000354.npz,149,True,channel_blockade
channel_blockade_000355,test_ood,test_ood/channel_blockade_000355.npz,490,True,channel_blockade
channel_blockade_000356,test_ood,test_ood/channel_blockade_000356.npz,109,True,channel_blockade
channel_blockade_000357,test_ood,test_ood/channel_blockade_000357.npz,182,True,channel_blockade
channel_blockade_000358,test_ood,test_ood/channel_blockade_000358.npz,138,True,channel_blockade
channel_blockade_000359,test_ood,test_ood/channel_blockade_000359.npz,175,True,channel_blockade
channel_blockade_000360,test_ood,test_ood/channel_blockade_000360.npz,320,True,channel_blockade
channel_blockade_000361,test_ood,test_ood/channel_blockade_000361.npz,304,True,channel_blockade
channel_blockade_000362,test_ood,test_ood/channel_blockade_000362.npz,116,True,channel_blockade
channel_blockade_000363,test_ood,test_ood/channel_blockade_000363.npz,255,True,channel_blockade
channel_blockade_000364,test_ood,test_ood/channel_blockade_000364.npz,41,True,channel_blockade
channel_blockade_000365,test_ood,test_ood/channel_blockade_000365.npz,40,True,channel_blockade
channel_blockade_000366,test_ood,test_ood/channel_blockade_000366.npz,182,True,channel_blockade
channel_blockade_000367,test_ood,test_ood/channel_blockade_000367.npz,183,True,channel_blockade
channel_blockade_000368,test_ood,test_ood/channel_blockade_000368.npz,63,True,channel_blockade
channel_blockade_000369,test_ood,test_ood/channel_blockade_000369.npz,64,True,channel_blockade
channel_blockade_000370,test_ood,test_ood/channel_blockade_000370.npz,216,True,channel_blockade
channel_blockade_000371,test_ood,test_ood/channel_blockade_000371.npz,116,True,channel_blockade
channel_blockade_000372,test_ood,test_ood/channel_blockade_000372.npz,116,True,channel_blockade
channel_blockade_000373,test_ood,test_ood/channel_blockade_000373.npz,461,True,channel_blockade
channel_blockade_000374,test_ood,test_ood/channel_blockade_000374.npz,216,True,channel_blockade
channel_blockade_000375,test_ood,test_ood/channel_blockade_000375.npz,92,True,channel_blockade
channel_blockade_000376,test_ood,test_ood/channel_blockade_000376.npz,121,True,channel_blockade
channel_blockade_000377,test_ood,test_ood/channel_blockade_000377.npz,64,True,channel_blockade
channel_blockade_000378,test_ood,test_ood/channel_blockade_000378.npz,232,True,channel_blockade
channel_blockade_000379,test_ood,test_ood/channel_blockade_000379.npz,232,True,channel_blockade
channel_blockade_000380,test_ood,test_ood/channel_blockade_000380.npz,41,True,channel_blockade
channel_blockade_000381,test_ood,test_ood/channel_blockade_000381.npz,91,True,channel_blockade
channel_blockade_000382,test_ood,test_ood/channel_blockade_000382.npz,471,True,channel_blockade
channel_blockade_000383,test_ood,test_ood/channel_blockade_000383.npz,216,True,channel_blockade
channel_blockade_000384,test_ood,test_ood/channel_blockade_000384.npz,92,True,channel_blockade
channel_blockade_000385,test_ood,test_ood/channel_blockade_000385.npz,433,True,channel_blockade
channel_blockade_000386,test_ood,test_ood/channel_blockade_000386.npz,138,True,channel_blockade
channel_blockade_000387,test_ood,test_ood/channel_blockade_000387.npz,432,True,channel_blockade
channel_blockade_000388,test_ood,test_ood/channel_blockade_000388.npz,432,True,channel_blockade
channel_blockade_000389,test_ood,test_ood/channel_blockade_000389.npz,276,True,channel_blockade
channel_blockade_000390,test_ood,test_ood/channel_blockade_000390.npz,60,True,channel_blockade
channel_blockade_000391,test_ood,test_ood/channel_blockade_000391.npz,109,True,channel_blockade
channel_blockade_000392,test_ood,test_ood/channel_blockade_000392.npz,158,True,channel_blockade
channel_blockade_000393,test_ood,test_ood/channel_blockade_000393.npz,477,True,channel_blockade
channel_blockade_000394,test_ood,test_ood/channel_blockade_000394.npz,359,True,channel_blockade
channel_blockade_000395,test_ood,test_ood/channel_blockade_000395.npz,180,True,channel_blockade
channel_blockade_000396,test_ood,test_ood/channel_blockade_000396.npz,85,True,channel_blockade
channel_blockade_000397,test_ood,test_ood/channel_blockade_000397.npz,41,True,channel_blockade
channel_blockade_000398,test_ood,test_ood/channel_blockade_000398.npz,304,True,channel_blockade
channel_blockade_000399,test_ood,test_ood/channel_blockade_000399.npz,150,True,channel_blockade
channel_blockade_000400,test_ood,test_ood/channel_blockade_000400.npz,41,True,channel_blockade
channel_blockade_000401,test_ood,test_ood/channel_blockade_000401.npz,63,True,channel_blockade
channel_blockade_000402,test_ood,test_ood/channel_blockade_000402.npz,63,True,channel_blockade
channel_blockade_000403,test_ood,test_ood/channel_blockade_000403.npz,68,True,channel_blockade
channel_blockade_000404,test_ood,test_ood/channel_blockade_000404.npz,40,True,channel_blockade
channel_blockade_000405,test_ood,test_ood/channel_blockade_000405.npz,116,True,channel_blockade
channel_blockade_000406,test_ood,test_ood/channel_blockade_000406.npz,45,True,channel_blockade
channel_blockade_000407,test_ood,test_ood/channel_blockade_000407.npz,359,True,channel_blockade
channel_blockade_000408,test_ood,test_ood/channel_blockade_000408.npz,41,True,channel_blockade
channel_blockade_000409,test_ood,test_ood/channel_blockade_000409.npz,320,True,channel_blockade
channel_blockade_000410,test_ood,test_ood/channel_blockade_000410.npz,91,True,channel_blockade
channel_blockade_000411,test_ood,test_ood/channel_blockade_000411.npz,216,True,channel_blockade
channel_blockade_000412,test_ood,test_ood/channel_blockade_000412.npz,60,True,channel_blockade
channel_blockade_000413,test_ood,test_ood/channel_blockade_000413.npz,160,True,channel_blockade
channel_blockade_000414,test_ood,test_ood/channel_blockade_000414.npz,320,True,channel_blockade
channel_blockade_000415,test_ood,test_ood/channel_blockade_000415.npz,41,True,channel_blockade
channel_blockade_000416,test_ood,test_ood/channel_blockade_000416.npz,416,True,channel_blockade
channel_blockade_000417,test_ood,test_ood/channel_blockade_000417.npz,332,True,channel_blockade
channel_blockade_000418,test_ood,test_ood/channel_blockade_000418.npz,40,True,channel_blockade
channel_blockade_000419,test_ood,test_ood/channel_blockade_000419.npz,63,True,channel_blockade
channel_blockade_000420,test_ood,test_ood/channel_blockade_000420.npz,63,True,channel_blockade
channel_blockade_000421,test_ood,test_ood/channel_blockade_000421.npz,181,True,channel_blockade
channel_blockade_000422,test_ood,test_ood/channel_blockade_000422.npz,182,True,channel_blockade
channel_blockade_000423,test_ood,test_ood/channel_blockade_000423.npz,41,True,channel_blockade
channel_blockade_000424,test_ood,test_ood/channel_blockade_000424.npz,121,True,channel_blockade
channel_blockade_000425,test_ood,test_ood/channel_blockade_000425.npz,175,True,channel_blockade
channel_blockade_000426,test_ood,test_ood/channel_blockade_000426.npz,45,True,channel_blockade
channel_blockade_000427,test_ood,test_ood/channel_blockade_000427.npz,41,True,channel_blockade
channel_blockade_000428,test_ood,test_ood/channel_blockade_000428.npz,476,True,channel_blockade
channel_blockade_000429,test_ood,test_ood/channel_blockade_000429.npz,158,True,channel_blockade
channel_blockade_000430,test_ood,test_ood/channel_blockade_000430.npz,91,True,channel_blockade
channel_blockade_000431,test_ood,test_ood/channel_blockade_000431.npz,359,True,channel_blockade
channel_blockade_000432,test_ood,test_ood/channel_blockade_000432.npz,85,True,channel_blockade
channel_blockade_000433,test_ood,test_ood/channel_blockade_000433.npz,183,True,channel_blockade
channel_blockade_000434,test_ood,test_ood/channel_blockade_000434.npz,421,True,channel_blockade
channel_blockade_000435,test_ood,test_ood/channel_blockade_000435.npz,91,True,channel_blockade
channel_blockade_000436,test_ood,test_ood/channel_blockade_000436.npz,367,True,channel_blockade
channel_blockade_000437,test_ood,test_ood/channel_blockade_000437.npz,63,True,channel_blockade
channel_blockade_000438,test_ood,test_ood/channel_blockade_000438.npz,41,True,channel_blockade
channel_blockade_000439,test_ood,test_ood/channel_blockade_000439.npz,149,True,channel_blockade
channel_blockade_000440,test_ood,test_ood/channel_blockade_000440.npz,63,True,channel_blockade
channel_blockade_000441,test_ood,test_ood/channel_blockade_000441.npz,40,True,channel_blockade
channel_blockade_000442,test_ood,test_ood/channel_blockade_000442.npz,216,True,channel_blockade
channel_blockade_000443,test_ood,test_ood/channel_blockade_000443.npz,359,True,channel_blockade
channel_blockade_000444,test_ood,test_ood/channel_blockade_000444.npz,149,True,channel_blockade
channel_blockade_000445,test_ood,test_ood/channel_blockade_000445.npz,183,True,channel_blockade
channel_blockade_000446,test_ood,test_ood/channel_blockade_000446.npz,255,True,channel_blockade
channel_blockade_000447,test_ood,test_ood/channel_blockade_000447.npz,216,True,channel_blockade
channel_blockade_000448,test_ood,test_ood/channel_blockade_000448.npz,149,True,channel_blockade
channel_blockade_000449,test_ood,test_ood/channel_blockade_000449.npz,262,True,channel_blockade
channel_blockade_000450,test_ood,test_ood/channel_blockade_000450.npz,40,True,channel_blockade
channel_blockade_000451,test_ood,test_ood/channel_blockade_000451.npz,261,True,channel_blockade
channel_blockade_000452,test_ood,test_ood/channel_blockade_000452.npz,262,True,channel_blockade
channel_blockade_000453,test_ood,test_ood/channel_blockade_000453.npz,477,True,channel_blockade
channel_blockade_000454,test_ood,test_ood/channel_blockade_000454.npz,109,True,channel_blockade
channel_blockade_000455,test_ood,test_ood/channel_blockade_000455.npz,63,True,channel_blockade
channel_blockade_000456,test_ood,test_ood/channel_blockade_000456.npz,232,True,channel_blockade
channel_blockade_000457,test_ood,test_ood/channel_blockade_000457.npz,60,True,channel_blockade
channel_blockade_000458,test_ood,test_ood/channel_blockade_000458.npz,260,True,channel_blockade
channel_blockade_000459,test_ood,test_ood/channel_blockade_000459.npz,320,True,channel_blockade
channel_blockade_000460,test_ood,test_ood/channel_blockade_000460.npz,120,True,channel_blockade
channel_blockade_000461,test_ood,test_ood/channel_blockade_000461.npz,432,True,channel_blockade
channel_blockade_000462,test_ood,test_ood/channel_blockade_000462.npz,41,True,channel_blockade
channel_blockade_000463,test_ood,test_ood/channel_blockade_000463.npz,193,True,channel_blockade
channel_blockade_000464,test_ood,test_ood/channel_blockade_000464.npz,180,True,channel_blockade
channel_blockade_000465,test_ood,test_ood/channel_blockade_000465.npz,216,True,channel_blockade
channel_blockade_000466,test_ood,test_ood/channel_blockade_000466.npz,276,True,channel_blockade
channel_blockade_000467,test_ood,test_ood/channel_blockade_000467.npz,366,True,channel_blockade
channel_blockade_000468,test_ood,test_ood/channel_blockade_000468.npz,120,True,channel_blockade
channel_blockade_000469,test_ood,test_ood/channel_blockade_000469.npz,138,True,channel_blockade
channel_blockade_000470,test_ood,test_ood/channel_blockade_000470.npz,116,True,channel_blockade
channel_blockade_000471,test_ood,test_ood/channel_blockade_000471.npz,320,True,channel_blockade
channel_blockade_000472,test_ood,test_ood/channel_blockade_000472.npz,474,True,channel_blockade
channel_blockade_000473,test_ood,test_ood/channel_blockade_000473.npz,41,True,channel_blockade
channel_blockade_000474,test_ood,test_ood/channel_blockade_000474.npz,477,True,channel_blockade
channel_blockade_000475,test_ood,test_ood/channel_blockade_000475.npz,183,True,channel_blockade
channel_blockade_000476,test_ood,test_ood/channel_blockade_000476.npz,262,True,channel_blockade
channel_blockade_000477,test_ood,test_ood/channel_blockade_000477.npz,85,True,channel_blockade
channel_blockade_000478,test_ood,test_ood/channel_blockade_000478.npz,262,True,channel_blockade
channel_blockade_000479,test_ood,test_ood/channel_blockade_000479.npz,262,True,channel_blockade
channel_blockade_000480,test_ood,test_ood/channel_blockade_000480.npz,59,True,channel_blockade
channel_blockade_000481,test_ood,test_ood/channel_blockade_000481.npz,158,True,channel_blockade
channel_blockade_000482,test_ood,test_ood/channel_blockade_000482.npz,60,True,channel_blockade
channel_blockade_000483,test_ood,test_ood/channel_blockade_000483.npz,40,True,channel_blockade
channel_blockade_000484,test_ood,test_ood/channel_blockade_000484.npz,319,True,channel_blockade
channel_blockade_000485,test_ood,test_ood/channel_blockade_000485.npz,232,True,channel_blockade
channel_blockade_000486,test_ood,test_ood/channel_blockade_000486.npz,138,True,channel_blockade
channel_blockade_000487,test_ood,test_ood/channel_blockade_000487.npz,150,True,channel_blockade
channel_blockade_000488,test_ood,test_ood/channel_blockade_000488.npz,118,True,channel_blockade
channel_blockade_000489,test_ood,test_ood/channel_blockade_000489.npz,332,True,channel_blockade
channel_blockade_000490,test_ood,test_ood/channel_blockade_000490.npz,216,True,channel_blockade
channel_blockade_000491,test_ood,test_ood/channel_blockade_000491.npz,232,True,channel_blockade
channel_blockade_000492,test_ood,test_ood/channel_blockade_000492.npz,41,True,channel_blockade
channel_blockade_000493,test_ood,test_ood/channel_blockade_000493.npz,85,True,channel_blockade
channel_blockade_000494,test_ood,test_ood/channel_blockade_000494.npz,416,True,channel_blockade
channel_blockade_000495,test_ood,test_ood/channel_blockade_000495.npz,158,True,channel_blockade
channel_blockade_000496,test_ood,test_ood/channel_blockade_000496.npz,41,True,channel_blockade
channel_blockade_000497,test_ood,test_ood/channel_blockade_000497.npz,60,True,channel_blockade
channel_blockade_000498,test_ood,test_ood/channel_blockade_000498.npz,416,True,channel_blockade
channel_blockade_000499,test_ood,test_ood/channel_blockade_000499.npz,319,True,channel_blockade
gj_blockade_000000,test_ood,test_ood/gj_blockade_000000.npz,180,True,gj_blockade
gj_blockade_000001,test_ood,test_ood/gj_blockade_000001.npz,160,True,gj_blockade
gj_blockade_000002,test_ood,test_ood/gj_blockade_000002.npz,366,True,gj_blockade
gj_blockade_000003,test_ood,test_ood/gj_blockade_000003.npz,116,True,gj_blockade
gj_blockade_000004,test_ood,test_ood/gj_blockade_000004.npz,63,True,gj_blockade
gj_blockade_000005,test_ood,test_ood/gj_blockade_000005.npz,304,True,gj_blockade
gj_blockade_000006,test_ood,test_ood/gj_blockade_000006.npz,41,True,gj_blockade
gj_blockade_000007,test_ood,test_ood/gj_blockade_000007.npz,232,True,gj_blockade
gj_blockade_000008,test_ood,test_ood/gj_blockade_000008.npz,41,True,gj_blockade
gj_blockade_000009,test_ood,test_ood/gj_blockade_000009.npz,63,True,gj_blockade
gj_blockade_000010,test_ood,test_ood/gj_blockade_000010.npz,91,True,gj_blockade
gj_blockade_000011,test_ood,test_ood/gj_blockade_000011.npz,232,True,gj_blockade
gj_blockade_000012,test_ood,test_ood/gj_blockade_000012.npz,109,True,gj_blockade
gj_blockade_000013,test_ood,test_ood/gj_blockade_000013.npz,174,True,gj_blockade
gj_blockade_000014,test_ood,test_ood/gj_blockade_000014.npz,121,True,gj_blockade
gj_blockade_000015,test_ood,test_ood/gj_blockade_000015.npz,116,True,gj_blockade
gj_blockade_000016,test_ood,test_ood/gj_blockade_000016.npz,63,True,gj_blockade
gj_blockade_000017,test_ood,test_ood/gj_blockade_000017.npz,45,True,gj_blockade
gj_blockade_000018,test_ood,test_ood/gj_blockade_000018.npz,41,True,gj_blockade
gj_blockade_000019,test_ood,test_ood/gj_blockade_000019.npz,109,True,gj_blockade
gj_blockade_000020,test_ood,test_ood/gj_blockade_000020.npz,85,True,gj_blockade
gj_blockade_000021,test_ood,test_ood/gj_blockade_000021.npz,150,True,gj_blockade
gj_blockade_000022,test_ood,test_ood/gj_blockade_000022.npz,40,True,gj_blockade
gj_blockade_000023,test_ood,test_ood/gj_blockade_000023.npz,180,True,gj_blockade
gj_blockade_000024,test_ood,test_ood/gj_blockade_000024.npz,120,True,gj_blockade
gj_blockade_000025,test_ood,test_ood/gj_blockade_000025.npz,60,True,gj_blockade
gj_blockade_000026,test_ood,test_ood/gj_blockade_000026.npz,62,True,gj_blockade
gj_blockade_000027,test_ood,test_ood/gj_blockade_000027.npz,477,True,gj_blockade
gj_blockade_000028,test_ood,test_ood/gj_blockade_000028.npz,92,True,gj_blockade
gj_blockade_000029,test_ood,test_ood/gj_blockade_000029.npz,63,True,gj_blockade
gj_blockade_000030,test_ood,test_ood/gj_blockade_000030.npz,116,True,gj_blockade
gj_blockade_000031,test_ood,test_ood/gj_blockade_000031.npz,62,True,gj_blockade
gj_blockade_000032,test_ood,test_ood/gj_blockade_000032.npz,59,True,gj_blockade
gj_blockade_000033,test_ood,test_ood/gj_blockade_000033.npz,63,True,gj_blockade
gj_blockade_000034,test_ood,test_ood/gj_blockade_000034.npz,158,True,gj_blockade
gj_blockade_000035,test_ood,test_ood/gj_blockade_000035.npz,183,True,gj_blockade
gj_blockade_000036,test_ood,test_ood/gj_blockade_000036.npz,68,True,gj_blockade
gj_blockade_000037,test_ood,test_ood/gj_blockade_000037.npz,149,True,gj_blockade
gj_blockade_000038,test_ood,test_ood/gj_blockade_000038.npz,432,True,gj_blockade
gj_blockade_000039,test_ood,test_ood/gj_blockade_000039.npz,116,True,gj_blockade
gj_blockade_000040,test_ood,test_ood/gj_blockade_000040.npz,320,True,gj_blockade
gj_blockade_000041,test_ood,test_ood/gj_blockade_000041.npz,175,True,gj_blockade
gj_blockade_000042,test_ood,test_ood/gj_blockade_000042.npz,332,True,gj_blockade
gj_blockade_000043,test_ood,test_ood/gj_blockade_000043.npz,45,True,gj_blockade
gj_blockade_000044,test_ood,test_ood/gj_blockade_000044.npz,149,True,gj_blockade
gj_blockade_000045,test_ood,test_ood/gj_blockade_000045.npz,182,True,gj_blockade
gj_blockade_000046,test_ood,test_ood/gj_blockade_000046.npz,261,True,gj_blockade
gj_blockade_000047,test_ood,test_ood/gj_blockade_000047.npz,160,True,gj_blockade
gj_blockade_000048,test_ood,test_ood/gj_blockade_000048.npz,471,True,gj_blockade
gj_blockade_000049,test_ood,test_ood/gj_blockade_000049.npz,91,True,gj_blockade
gj_blockade_000050,test_ood,test_ood/gj_blockade_000050.npz,366,True,gj_blockade
gj_blockade_000051,test_ood,test_ood/gj_blockade_000051.npz,150,True,gj_blockade
gj_blockade_000052,test_ood,test_ood/gj_blockade_000052.npz,304,True,gj_blockade
gj_blockade_000053,test_ood,test_ood/gj_blockade_000053.npz,85,True,gj_blockade
gj_blockade_000054,test_ood,test_ood/gj_blockade_000054.npz,304,True,gj_blockade
gj_blockade_000055,test_ood,test_ood/gj_blockade_000055.npz,276,True,gj_blockade
gj_blockade_000056,test_ood,test_ood/gj_blockade_000056.npz,41,True,gj_blockade
gj_blockade_000057,test_ood,test_ood/gj_blockade_000057.npz,41,True,gj_blockade
gj_blockade_000058,test_ood,test_ood/gj_blockade_000058.npz,160,True,gj_blockade
gj_blockade_000059,test_ood,test_ood/gj_blockade_000059.npz,216,True,gj_blockade
gj_blockade_000060,test_ood,test_ood/gj_blockade_000060.npz,332,True,gj_blockade
gj_blockade_000061,test_ood,test_ood/gj_blockade_000061.npz,150,True,gj_blockade
gj_blockade_000062,test_ood,test_ood/gj_blockade_000062.npz,359,True,gj_blockade
gj_blockade_000063,test_ood,test_ood/gj_blockade_000063.npz,64,True,gj_blockade
gj_blockade_000064,test_ood,test_ood/gj_blockade_000064.npz,116,True,gj_blockade
gj_blockade_000065,test_ood,test_ood/gj_blockade_000065.npz,150,True,gj_blockade
gj_blockade_000066,test_ood,test_ood/gj_blockade_000066.npz,276,True,gj_blockade
gj_blockade_000067,test_ood,test_ood/gj_blockade_000067.npz,121,True,gj_blockade
gj_blockade_000068,test_ood,test_ood/gj_blockade_000068.npz,45,True,gj_blockade
gj_blockade_000069,test_ood,test_ood/gj_blockade_000069.npz,149,True,gj_blockade
gj_blockade_000070,test_ood,test_ood/gj_blockade_000070.npz,173,True,gj_blockade
gj_blockade_000071,test_ood,test_ood/gj_blockade_000071.npz,160,True,gj_blockade
gj_blockade_000072,test_ood,test_ood/gj_blockade_000072.npz,91,True,gj_blockade
gj_blockade_000073,test_ood,test_ood/gj_blockade_000073.npz,138,True,gj_blockade
gj_blockade_000074,test_ood,test_ood/gj_blockade_000074.npz,41,True,gj_blockade
gj_blockade_000075,test_ood,test_ood/gj_blockade_000075.npz,138,True,gj_blockade
gj_blockade_000076,test_ood,test_ood/gj_blockade_000076.npz,60,True,gj_blockade
gj_blockade_000077,test_ood,test_ood/gj_blockade_000077.npz,121,True,gj_blockade
gj_blockade_000078,test_ood,test_ood/gj_blockade_000078.npz,357,True,gj_blockade
gj_blockade_000079,test_ood,test_ood/gj_blockade_000079.npz,262,True,gj_blockade
gj_blockade_000080,test_ood,test_ood/gj_blockade_000080.npz,116,True,gj_blockade
gj_blockade_000081,test_ood,test_ood/gj_blockade_000081.npz,432,True,gj_blockade
gj_blockade_000082,test_ood,test_ood/gj_blockade_000082.npz,40,True,gj_blockade
gj_blockade_000083,test_ood,test_ood/gj_blockade_000083.npz,276,True,gj_blockade
gj_blockade_000084,test_ood,test_ood/gj_blockade_000084.npz,177,True,gj_blockade
gj_blockade_000085,test_ood,test_ood/gj_blockade_000085.npz,91,True,gj_blockade
gj_blockade_000086,test_ood,test_ood/gj_blockade_000086.npz,255,True,gj_blockade
gj_blockade_000087,test_ood,test_ood/gj_blockade_000087.npz,216,True,gj_blockade
gj_blockade_000088,test_ood,test_ood/gj_blockade_000088.npz,149,True,gj_blockade
gj_blockade_000089,test_ood,test_ood/gj_blockade_000089.npz,91,True,gj_blockade
gj_blockade_000090,test_ood,test_ood/gj_blockade_000090.npz,319,True,gj_blockade
gj_blockade_000091,test_ood,test_ood/gj_blockade_000091.npz,116,True,gj_blockade
gj_blockade_000092,test_ood,test_ood/gj_blockade_000092.npz,41,True,gj_blockade
gj_blockade_000093,test_ood,test_ood/gj_blockade_000093.npz,320,True,gj_blockade
gj_blockade_000094,test_ood,test_ood/gj_blockade_000094.npz,474,True,gj_blockade
gj_blockade_000095,test_ood,test_ood/gj_blockade_000095.npz,160,True,gj_blockade
gj_blockade_000096,test_ood,test_ood/gj_blockade_000096.npz,85,True,gj_blockade
gj_blockade_000097,test_ood,test_ood/gj_blockade_000097.npz,60,True,gj_blockade
gj_blockade_000098,test_ood,test_ood/gj_blockade_000098.npz,232,True,gj_blockade
gj_blockade_000099,test_ood,test_ood/gj_blockade_000099.npz,216,True,gj_blockade
gj_blockade_000100,test_ood,test_ood/gj_blockade_000100.npz,63,True,gj_blockade
gj_blockade_000101,test_ood,test_ood/gj_blockade_000101.npz,149,True,gj_blockade
gj_blockade_000102,test_ood,test_ood/gj_blockade_000102.npz,416,True,gj_blockade
gj_blockade_000103,test_ood,test_ood/gj_blockade_000103.npz,216,True,gj_blockade
gj_blockade_000104,test_ood,test_ood/gj_blockade_000104.npz,367,True,gj_blockade
gj_blockade_000105,test_ood,test_ood/gj_blockade_000105.npz,64,True,gj_blockade
gj_blockade_000106,test_ood,test_ood/gj_blockade_000106.npz,138,True,gj_blockade
gj_blockade_000107,test_ood,test_ood/gj_blockade_000107.npz,182,True,gj_blockade
gj_blockade_000108,test_ood,test_ood/gj_blockade_000108.npz,91,True,gj_blockade
gj_blockade_000109,test_ood,test_ood/gj_blockade_000109.npz,490,True,gj_blockade
gj_blockade_000110,test_ood,test_ood/gj_blockade_000110.npz,40,True,gj_blockade
gj_blockade_000111,test_ood,test_ood/gj_blockade_000111.npz,41,True,gj_blockade
gj_blockade_000112,test_ood,test_ood/gj_blockade_000112.npz,304,True,gj_blockade
gj_blockade_000113,test_ood,test_ood/gj_blockade_000113.npz,150,True,gj_blockade
gj_blockade_000114,test_ood,test_ood/gj_blockade_000114.npz,64,True,gj_blockade
gj_blockade_000115,test_ood,test_ood/gj_blockade_000115.npz,359,True,gj_blockade
gj_blockade_000116,test_ood,test_ood/gj_blockade_000116.npz,149,True,gj_blockade
gj_blockade_000117,test_ood,test_ood/gj_blockade_000117.npz,138,True,gj_blockade
gj_blockade_000118,test_ood,test_ood/gj_blockade_000118.npz,150,True,gj_blockade
gj_blockade_000119,test_ood,test_ood/gj_blockade_000119.npz,60,True,gj_blockade
gj_blockade_000120,test_ood,test_ood/gj_blockade_000120.npz,85,True,gj_blockade
gj_blockade_000121,test_ood,test_ood/gj_blockade_000121.npz,45,True,gj_blockade
gj_blockade_000122,test_ood,test_ood/gj_blockade_000122.npz,255,True,gj_blockade
gj_blockade_000123,test_ood,test_ood/gj_blockade_000123.npz,120,True,gj_blockade
gj_blockade_000124,test_ood,test_ood/gj_blockade_000124.npz,41,True,gj_blockade
gj_blockade_000125,test_ood,test_ood/gj_blockade_000125.npz,255,True,gj_blockade
gj_blockade_000126,test_ood,test_ood/gj_blockade_000126.npz,175,True,gj_blockade
gj_blockade_000127,test_ood,test_ood/gj_blockade_000127.npz,261,True,gj_blockade
gj_blockade_000128,test_ood,test_ood/gj_blockade_000128.npz,332,True,gj_blockade
gj_blockade_000129,test_ood,test_ood/gj_blockade_000129.npz,366,True,gj_blockade
gj_blockade_000130,test_ood,test_ood/gj_blockade_000130.npz,477,True,gj_blockade
gj_blockade_000131,test_ood,test_ood/gj_blockade_000131.npz,477,True,gj_blockade
gj_blockade_000132,test_ood,test_ood/gj_blockade_000132.npz,40,True,gj_blockade
gj_blockade_000133,test_ood,test_ood/gj_blockade_000133.npz,401,True,gj_blockade
gj_blockade_000134,test_ood,test_ood/gj_blockade_000134.npz,182,True,gj_blockade
gj_blockade_000135,test_ood,test_ood/gj_blockade_000135.npz,359,True,gj_blockade
gj_blockade_000136,test_ood,test_ood/gj_blockade_000136.npz,418,True,gj_blockade
gj_blockade_000137,test_ood,test_ood/gj_blockade_000137.npz,173,True,gj_blockade
gj_blockade_000138,test_ood,test_ood/gj_blockade_000138.npz,91,True,gj_blockade
gj_blockade_000139,test_ood,test_ood/gj_blockade_000139.npz,368,True,gj_blockade
gj_blockade_000140,test_ood,test_ood/gj_blockade_000140.npz,182,True,gj_blockade
gj_blockade_000141,test_ood,test_ood/gj_blockade_000141.npz,232,True,gj_blockade
gj_blockade_000142,test_ood,test_ood/gj_blockade_000142.npz,41,True,gj_blockade
gj_blockade_000143,test_ood,test_ood/gj_blockade_000143.npz,150,True,gj_blockade
gj_blockade_000144,test_ood,test_ood/gj_blockade_000144.npz,173,True,gj_blockade
gj_blockade_000145,test_ood,test_ood/gj_blockade_000145.npz,92,True,gj_blockade
gj_blockade_000146,test_ood,test_ood/gj_blockade_000146.npz,262,True,gj_blockade
gj_blockade_000147,test_ood,test_ood/gj_blockade_000147.npz,232,True,gj_blockade
gj_blockade_000148,test_ood,test_ood/gj_blockade_000148.npz,59,True,gj_blockade
gj_blockade_000149,test_ood,test_ood/gj_blockade_000149.npz,232,True,gj_blockade
gj_blockade_000150,test_ood,test_ood/gj_blockade_000150.npz,216,True,gj_blockade
gj_blockade_000151,test_ood,test_ood/gj_blockade_000151.npz,63,True,gj_blockade
gj_blockade_000152,test_ood,test_ood/gj_blockade_000152.npz,120,True,gj_blockade
gj_blockade_000153,test_ood,test_ood/gj_blockade_000153.npz,232,True,gj_blockade
gj_blockade_000154,test_ood,test_ood/gj_blockade_000154.npz,41,True,gj_blockade
gj_blockade_000155,test_ood,test_ood/gj_blockade_000155.npz,320,True,gj_blockade
gj_blockade_000156,test_ood,test_ood/gj_blockade_000156.npz,367,True,gj_blockade
gj_blockade_000157,test_ood,test_ood/gj_blockade_000157.npz,182,True,gj_blockade
gj_blockade_000158,test_ood,test_ood/gj_blockade_000158.npz,64,True,gj_blockade
gj_blockade_000159,test_ood,test_ood/gj_blockade_000159.npz,216,True,gj_blockade
gj_blockade_000160,test_ood,test_ood/gj_blockade_000160.npz,116,True,gj_blockade
gj_blockade_000161,test_ood,test_ood/gj_blockade_000161.npz,63,True,gj_blockade
gj_blockade_000162,test_ood,test_ood/gj_blockade_000162.npz,109,True,gj_blockade
gj_blockade_000163,test_ood,test_ood/gj_blockade_000163.npz,60,True,gj_blockade
gj_blockade_000164,test_ood,test_ood/gj_blockade_000164.npz,158,True,gj_blockade
gj_blockade_000165,test_ood,test_ood/gj_blockade_000165.npz,60,True,gj_blockade
gj_blockade_000166,test_ood,test_ood/gj_blockade_000166.npz,40,True,gj_blockade
gj_blockade_000167,test_ood,test_ood/gj_blockade_000167.npz,416,True,gj_blockade
gj_blockade_000168,test_ood,test_ood/gj_blockade_000168.npz,304,True,gj_blockade
gj_blockade_000169,test_ood,test_ood/gj_blockade_000169.npz,138,True,gj_blockade
gj_blockade_000170,test_ood,test_ood/gj_blockade_000170.npz,332,True,gj_blockade
gj_blockade_000171,test_ood,test_ood/gj_blockade_000171.npz,92,True,gj_blockade
gj_blockade_000172,test_ood,test_ood/gj_blockade_000172.npz,85,True,gj_blockade
gj_blockade_000173,test_ood,test_ood/gj_blockade_000173.npz,121,True,gj_blockade
gj_blockade_000174,test_ood,test_ood/gj_blockade_000174.npz,85,True,gj_blockade
gj_blockade_000175,test_ood,test_ood/gj_blockade_000175.npz,41,True,gj_blockade
gj_blockade_000176,test_ood,test_ood/gj_blockade_000176.npz,85,True,gj_blockade
gj_blockade_000177,test_ood,test_ood/gj_blockade_000177.npz,180,True,gj_blockade
gj_blockade_000178,test_ood,test_ood/gj_blockade_000178.npz,85,True,gj_blockade
gj_blockade_000179,test_ood,test_ood/gj_blockade_000179.npz,359,True,gj_blockade
gj_blockade_000180,test_ood,test_ood/gj_blockade_000180.npz,92,True,gj_blockade
gj_blockade_000181,test_ood,test_ood/gj_blockade_000181.npz,304,True,gj_blockade
gj_blockade_000182,test_ood,test_ood/gj_blockade_000182.npz,118,True,gj_blockade
gj_blockade_000183,test_ood,test_ood/gj_blockade_000183.npz,305,True,gj_blockade
gj_blockade_000184,test_ood,test_ood/gj_blockade_000184.npz,474,True,gj_blockade
gj_blockade_000185,test_ood,test_ood/gj_blockade_000185.npz,305,True,gj_blockade
gj_blockade_000186,test_ood,test_ood/gj_blockade_000186.npz,116,True,gj_blockade
gj_blockade_000187,test_ood,test_ood/gj_blockade_000187.npz,177,True,gj_blockade
gj_blockade_000188,test_ood,test_ood/gj_blockade_000188.npz,232,True,gj_blockade
gj_blockade_000189,test_ood,test_ood/gj_blockade_000189.npz,85,True,gj_blockade
gj_blockade_000190,test_ood,test_ood/gj_blockade_000190.npz,68,True,gj_blockade
gj_blockade_000191,test_ood,test_ood/gj_blockade_000191.npz,431,True,gj_blockade
gj_blockade_000192,test_ood,test_ood/gj_blockade_000192.npz,262,True,gj_blockade
gj_blockade_000193,test_ood,test_ood/gj_blockade_000193.npz,262,True,gj_blockade
gj_blockade_000194,test_ood,test_ood/gj_blockade_000194.npz,150,True,gj_blockade
gj_blockade_000195,test_ood,test_ood/gj_blockade_000195.npz,63,True,gj_blockade
gj_blockade_000196,test_ood,test_ood/gj_blockade_000196.npz,261,True,gj_blockade
gj_blockade_000197,test_ood,test_ood/gj_blockade_000197.npz,320,True,gj_blockade
gj_blockade_000198,test_ood,test_ood/gj_blockade_000198.npz,158,True,gj_blockade
gj_blockade_000199,test_ood,test_ood/gj_blockade_000199.npz,85,True,gj_blockade
gj_blockade_000200,test_ood,test_ood/gj_blockade_000200.npz,138,True,gj_blockade
gj_blockade_000201,test_ood,test_ood/gj_blockade_000201.npz,116,True,gj_blockade
gj_blockade_000202,test_ood,test_ood/gj_blockade_000202.npz,232,True,gj_blockade
gj_blockade_000203,test_ood,test_ood/gj_blockade_000203.npz,63,True,gj_blockade
gj_blockade_000204,test_ood,test_ood/gj_blockade_000204.npz,45,True,gj_blockade
gj_blockade_000205,test_ood,test_ood/gj_blockade_000205.npz,45,True,gj_blockade
gj_blockade_000206,test_ood,test_ood/gj_blockade_000206.npz,62,True,gj_blockade
gj_blockade_000207,test_ood,test_ood/gj_blockade_000207.npz,232,True,gj_blockade
gj_blockade_000208,test_ood,test_ood/gj_blockade_000208.npz,63,True,gj_blockade
gj_blockade_000209,test_ood,test_ood/gj_blockade_000209.npz,91,True,gj_blockade
gj_blockade_000210,test_ood,test_ood/gj_blockade_000210.npz,232,True,gj_blockade
gj_blockade_000211,test_ood,test_ood/gj_blockade_000211.npz,121,True,gj_blockade
gj_blockade_000212,test_ood,test_ood/gj_blockade_000212.npz,41,True,gj_blockade
gj_blockade_000213,test_ood,test_ood/gj_blockade_000213.npz,320,True,gj_blockade
gj_blockade_000214,test_ood,test_ood/gj_blockade_000214.npz,91,True,gj_blockade
gj_blockade_000215,test_ood,test_ood/gj_blockade_000215.npz,121,True,gj_blockade
gj_blockade_000216,test_ood,test_ood/gj_blockade_000216.npz,85,True,gj_blockade
gj_blockade_000217,test_ood,test_ood/gj_blockade_000217.npz,320,True,gj_blockade
gj_blockade_000218,test_ood,test_ood/gj_blockade_000218.npz,91,True,gj_blockade
gj_blockade_000219,test_ood,test_ood/gj_blockade_000219.npz,262,True,gj_blockade
gj_blockade_000220,test_ood,test_ood/gj_blockade_000220.npz,368,True,gj_blockade
gj_blockade_000221,test_ood,test_ood/gj_blockade_000221.npz,180,True,gj_blockade
gj_blockade_000222,test_ood,test_ood/gj_blockade_000222.npz,177,True,gj_blockade
gj_blockade_000223,test_ood,test_ood/gj_blockade_000223.npz,138,True,gj_blockade
gj_blockade_000224,test_ood,test_ood/gj_blockade_000224.npz,120,True,gj_blockade
gj_blockade_000225,test_ood,test_ood/gj_blockade_000225.npz,91,True,gj_blockade
gj_blockade_000226,test_ood,test_ood/gj_blockade_000226.npz,116,True,gj_blockade
gj_blockade_000227,test_ood,test_ood/gj_blockade_000227.npz,59,True,gj_blockade
gj_blockade_000228,test_ood,test_ood/gj_blockade_000228.npz,45,True,gj_blockade
gj_blockade_000229,test_ood,test_ood/gj_blockade_000229.npz,275,True,gj_blockade
gj_blockade_000230,test_ood,test_ood/gj_blockade_000230.npz,160,True,gj_blockade
gj_blockade_000231,test_ood,test_ood/gj_blockade_000231.npz,180,True,gj_blockade
gj_blockade_000232,test_ood,test_ood/gj_blockade_000232.npz,149,True,gj_blockade
gj_blockade_000233,test_ood,test_ood/gj_blockade_000233.npz,180,True,gj_blockade
gj_blockade_000234,test_ood,test_ood/gj_blockade_000234.npz,275,True,gj_blockade
gj_blockade_000235,test_ood,test_ood/gj_blockade_000235.npz,91,True,gj_blockade
gj_blockade_000236,test_ood,test_ood/gj_blockade_000236.npz,320,True,gj_blockade
gj_blockade_000237,test_ood,test_ood/gj_blockade_000237.npz,181,True,gj_blockade
gj_blockade_000238,test_ood,test_ood/gj_blockade_000238.npz,477,True,gj_blockade
gj_blockade_000239,test_ood,test_ood/gj_blockade_000239.npz,216,True,gj_blockade
gj_blockade_000240,test_ood,test_ood/gj_blockade_000240.npz,421,True,gj_blockade
gj_blockade_000241,test_ood,test_ood/gj_blockade_000241.npz,60,True,gj_blockade
gj_blockade_000242,test_ood,test_ood/gj_blockade_000242.npz,60,True,gj_blockade
gj_blockade_000243,test_ood,test_ood/gj_blockade_000243.npz,85,True,gj_blockade
gj_blockade_000244,test_ood,test_ood/gj_blockade_000244.npz,59,True,gj_blockade
gj_blockade_000245,test_ood,test_ood/gj_blockade_000245.npz,60,True,gj_blockade
gj_blockade_000246,test_ood,test_ood/gj_blockade_000246.npz,261,True,gj_blockade
gj_blockade_000247,test_ood,test_ood/gj_blockade_000247.npz,41,True,gj_blockade
gj_blockade_000248,test_ood,test_ood/gj_blockade_000248.npz,63,True,gj_blockade
gj_blockade_000249,test_ood,test_ood/gj_blockade_000249.npz,91,True,gj_blockade
gj_blockade_000250,test_ood,test_ood/gj_blockade_000250.npz,175,True,gj_blockade
gj_blockade_000251,test_ood,test_ood/gj_blockade_000251.npz,471,True,gj_blockade
gj_blockade_000252,test_ood,test_ood/gj_blockade_000252.npz,366,True,gj_blockade
gj_blockade_000253,test_ood,test_ood/gj_blockade_000253.npz,367,True,gj_blockade
gj_blockade_000254,test_ood,test_ood/gj_blockade_000254.npz,64,True,gj_blockade
gj_blockade_000255,test_ood,test_ood/gj_blockade_000255.npz,91,True,gj_blockade
gj_blockade_000256,test_ood,test_ood/gj_blockade_000256.npz,318,True,gj_blockade
gj_blockade_000257,test_ood,test_ood/gj_blockade_000257.npz,45,True,gj_blockade
gj_blockade_000258,test_ood,test_ood/gj_blockade_000258.npz,116,True,gj_blockade
gj_blockade_000259,test_ood,test_ood/gj_blockade_000259.npz,120,True,gj_blockade
gj_blockade_000260,test_ood,test_ood/gj_blockade_000260.npz,116,True,gj_blockade
gj_blockade_000261,test_ood,test_ood/gj_blockade_000261.npz,416,True,gj_blockade
gj_blockade_000262,test_ood,test_ood/gj_blockade_000262.npz,460,True,gj_blockade
gj_blockade_000263,test_ood,test_ood/gj_blockade_000263.npz,490,True,gj_blockade
gj_blockade_000264,test_ood,test_ood/gj_blockade_000264.npz,45,True,gj_blockade
gj_blockade_000265,test_ood,test_ood/gj_blockade_000265.npz,60,True,gj_blockade
gj_blockade_000266,test_ood,test_ood/gj_blockade_000266.npz,180,True,gj_blockade
gj_blockade_000267,test_ood,test_ood/gj_blockade_000267.npz,91,True,gj_blockade
gj_blockade_000268,test_ood,test_ood/gj_blockade_000268.npz,320,True,gj_blockade
gj_blockade_000269,test_ood,test_ood/gj_blockade_000269.npz,232,True,gj_blockade
gj_blockade_000270,test_ood,test_ood/gj_blockade_000270.npz,68,True,gj_blockade
gj_blockade_000271,test_ood,test_ood/gj_blockade_000271.npz,418,True,gj_blockade
gj_blockade_000272,test_ood,test_ood/gj_blockade_000272.npz,40,True,gj_blockade
gj_blockade_000273,test_ood,test_ood/gj_blockade_000273.npz,60,True,gj_blockade
gj_blockade_000274,test_ood,test_ood/gj_blockade_000274.npz,366,True,gj_blockade
gj_blockade_000275,test_ood,test_ood/gj_blockade_000275.npz,471,True,gj_blockade
gj_blockade_000276,test_ood,test_ood/gj_blockade_000276.npz,63,True,gj_blockade
gj_blockade_000277,test_ood,test_ood/gj_blockade_000277.npz,149,True,gj_blockade
gj_blockade_000278,test_ood,test_ood/gj_blockade_000278.npz,181,True,gj_blockade
gj_blockade_000279,test_ood,test_ood/gj_blockade_000279.npz,85,True,gj_blockade
gj_blockade_000280,test_ood,test_ood/gj_blockade_000280.npz,120,True,gj_blockade
gj_blockade_000281,test_ood,test_ood/gj_blockade_000281.npz,158,True,gj_blockade
gj_blockade_000282,test_ood,test_ood/gj_blockade_000282.npz,149,True,gj_blockade
gj_blockade_000283,test_ood,test_ood/gj_blockade_000283.npz,181,True,gj_blockade
gj_blockade_000284,test_ood,test_ood/gj_blockade_000284.npz,85,True,gj_blockade
gj_blockade_000285,test_ood,test_ood/gj_blockade_000285.npz,490,True,gj_blockade
gj_blockade_000286,test_ood,test_ood/gj_blockade_000286.npz,138,True,gj_blockade
gj_blockade_000287,test_ood,test_ood/gj_blockade_000287.npz,63,True,gj_blockade
gj_blockade_000288,test_ood,test_ood/gj_blockade_000288.npz,138,True,gj_blockade
gj_blockade_000289,test_ood,test_ood/gj_blockade_000289.npz,85,True,gj_blockade
gj_blockade_000290,test_ood,test_ood/gj_blockade_000290.npz,120,True,gj_blockade
gj_blockade_000291,test_ood,test_ood/gj_blockade_000291.npz,262,True,gj_blockade
gj_blockade_000292,test_ood,test_ood/gj_blockade_000292.npz,149,True,gj_blockade
gj_blockade_000293,test_ood,test_ood/gj_blockade_000293.npz,320,True,gj_blockade
gj_blockade_000294,test_ood,test_ood/gj_blockade_000294.npz,149,True,gj_blockade
gj_blockade_000295,test_ood,test_ood/gj_blockade_000295.npz,85,True,gj_blockade
gj_blockade_000296,test_ood,test_ood/gj_blockade_000296.npz,92,True,gj_blockade
gj_blockade_000297,test_ood,test_ood/gj_blockade_000297.npz,359,True,gj_blockade
gj_blockade_000298,test_ood,test_ood/gj_blockade_000298.npz,366,True,gj_blockade
gj_blockade_000299,test_ood,test_ood/gj_blockade_000299.npz,432,True,gj_blockade
gj_blockade_000300,test_ood,test_ood/gj_blockade_000300.npz,490,True,gj_blockade
gj_blockade_000301,test_ood,test_ood/gj_blockade_000301.npz,432,True,gj_blockade
gj_blockade_000302,test_ood,test_ood/gj_blockade_000302.npz,91,True,gj_blockade
gj_blockade_000303,test_ood,test_ood/gj_blockade_000303.npz,332,True,gj_blockade
gj_blockade_000304,test_ood,test_ood/gj_blockade_000304.npz,421,True,gj_blockade
gj_blockade_000305,test_ood,test_ood/gj_blockade_000305.npz,255,True,gj_blockade
gj_blockade_000306,test_ood,test_ood/gj_blockade_000306.npz,121,True,gj_blockade
gj_blockade_000307,test_ood,test_ood/gj_blockade_000307.npz,63,True,gj_blockade
gj_blockade_000308,test_ood,test_ood/gj_blockade_000308.npz,85,True,gj_blockade
gj_blockade_000309,test_ood,test_ood/gj_blockade_000309.npz,476,True,gj_blockade
gj_blockade_000310,test_ood,test_ood/gj_blockade_000310.npz,432,True,gj_blockade
gj_blockade_000311,test_ood,test_ood/gj_blockade_000311.npz,45,True,gj_blockade
gj_blockade_000312,test_ood,test_ood/gj_blockade_000312.npz,320,True,gj_blockade
gj_blockade_000313,test_ood,test_ood/gj_blockade_000313.npz,320,True,gj_blockade
gj_blockade_000314,test_ood,test_ood/gj_blockade_000314.npz,421,True,gj_blockade
gj_blockade_000315,test_ood,test_ood/gj_blockade_000315.npz,255,True,gj_blockade
gj_blockade_000316,test_ood,test_ood/gj_blockade_000316.npz,182,True,gj_blockade
gj_blockade_000317,test_ood,test_ood/gj_blockade_000317.npz,92,True,gj_blockade
gj_blockade_000318,test_ood,test_ood/gj_blockade_000318.npz,216,True,gj_blockade
gj_blockade_000319,test_ood,test_ood/gj_blockade_000319.npz,138,True,gj_blockade
gj_blockade_000320,test_ood,test_ood/gj_blockade_000320.npz,262,True,gj_blockade
gj_blockade_000321,test_ood,test_ood/gj_blockade_000321.npz,359,True,gj_blockade
gj_blockade_000322,test_ood,test_ood/gj_blockade_000322.npz,150,True,gj_blockade
gj_blockade_000323,test_ood,test_ood/gj_blockade_000323.npz,416,True,gj_blockade
gj_blockade_000324,test_ood,test_ood/gj_blockade_000324.npz,85,True,gj_blockade
gj_blockade_000325,test_ood,test_ood/gj_blockade_000325.npz,255,True,gj_blockade
gj_blockade_000326,test_ood,test_ood/gj_blockade_000326.npz,85,True,gj_blockade
gj_blockade_000327,test_ood,test_ood/gj_blockade_000327.npz,92,True,gj_blockade
gj_blockade_000328,test_ood,test_ood/gj_blockade_000328.npz,432,True,gj_blockade
gj_blockade_000329,test_ood,test_ood/gj_blockade_000329.npz,216,True,gj_blockade
gj_blockade_000330,test_ood,test_ood/gj_blockade_000330.npz,477,True,gj_blockade
gj_blockade_000331,test_ood,test_ood/gj_blockade_000331.npz,368,True,gj_blockade
gj_blockade_000332,test_ood,test_ood/gj_blockade_000332.npz,150,True,gj_blockade
gj_blockade_000333,test_ood,test_ood/gj_blockade_000333.npz,320,True,gj_blockade
gj_blockade_000334,test_ood,test_ood/gj_blockade_000334.npz,60,True,gj_blockade
gj_blockade_000335,test_ood,test_ood/gj_blockade_000335.npz,64,True,gj_blockade
gj_blockade_000336,test_ood,test_ood/gj_blockade_000336.npz,116,True,gj_blockade
gj_blockade_000337,test_ood,test_ood/gj_blockade_000337.npz,85,True,gj_blockade
gj_blockade_000338,test_ood,test_ood/gj_blockade_000338.npz,121,True,gj_blockade
gj_blockade_000339,test_ood,test_ood/gj_blockade_000339.npz,173,True,gj_blockade
gj_blockade_000340,test_ood,test_ood/gj_blockade_000340.npz,118,True,gj_blockade
gj_blockade_000341,test_ood,test_ood/gj_blockade_000341.npz,261,True,gj_blockade
gj_blockade_000342,test_ood,test_ood/gj_blockade_000342.npz,150,True,gj_blockade
gj_blockade_000343,test_ood,test_ood/gj_blockade_000343.npz,150,True,gj_blockade
gj_blockade_000344,test_ood,test_ood/gj_blockade_000344.npz,216,True,gj_blockade
gj_blockade_000345,test_ood,test_ood/gj_blockade_000345.npz,232,True,gj_blockade
gj_blockade_000346,test_ood,test_ood/gj_blockade_000346.npz,320,True,gj_blockade
gj_blockade_000347,test_ood,test_ood/gj_blockade_000347.npz,175,True,gj_blockade
gj_blockade_000348,test_ood,test_ood/gj_blockade_000348.npz,260,True,gj_blockade
gj_blockade_000349,test_ood,test_ood/gj_blockade_000349.npz,232,True,gj_blockade
gj_blockade_000350,test_ood,test_ood/gj_blockade_000350.npz,64,True,gj_blockade
gj_blockade_000351,test_ood,test_ood/gj_blockade_000351.npz,116,True,gj_blockade
gj_blockade_000352,test_ood,test_ood/gj_blockade_000352.npz,216,True,gj_blockade
gj_blockade_000353,test_ood,test_ood/gj_blockade_000353.npz,276,True,gj_blockade
gj_blockade_000354,test_ood,test_ood/gj_blockade_000354.npz,120,True,gj_blockade
gj_blockade_000355,test_ood,test_ood/gj_blockade_000355.npz,40,True,gj_blockade
gj_blockade_000356,test_ood,test_ood/gj_blockade_000356.npz,85,True,gj_blockade
gj_blockade_000357,test_ood,test_ood/gj_blockade_000357.npz,320,True,gj_blockade
gj_blockade_000358,test_ood,test_ood/gj_blockade_000358.npz,92,True,gj_blockade
gj_blockade_000359,test_ood,test_ood/gj_blockade_000359.npz,116,True,gj_blockade
gj_blockade_000360,test_ood,test_ood/gj_blockade_000360.npz,180,True,gj_blockade
gj_blockade_000361,test_ood,test_ood/gj_blockade_000361.npz,176,True,gj_blockade
gj_blockade_000362,test_ood,test_ood/gj_blockade_000362.npz,461,True,gj_blockade
gj_blockade_000363,test_ood,test_ood/gj_blockade_000363.npz,262,True,gj_blockade
gj_blockade_000364,test_ood,test_ood/gj_blockade_000364.npz,40,True,gj_blockade
gj_blockade_000365,test_ood,test_ood/gj_blockade_000365.npz,116,True,gj_blockade
gj_blockade_000366,test_ood,test_ood/gj_blockade_000366.npz,183,True,gj_blockade
gj_blockade_000367,test_ood,test_ood/gj_blockade_000367.npz,63,True,gj_blockade
gj_blockade_000368,test_ood,test_ood/gj_blockade_000368.npz,418,True,gj_blockade
gj_blockade_000369,test_ood,test_ood/gj_blockade_000369.npz,41,True,gj_blockade
gj_blockade_000370,test_ood,test_ood/gj_blockade_000370.npz,261,True,gj_blockade
gj_blockade_000371,test_ood,test_ood/gj_blockade_000371.npz,45,True,gj_blockade
gj_blockade_000372,test_ood,test_ood/gj_blockade_000372.npz,91,True,gj_blockade
gj_blockade_000373,test_ood,test_ood/gj_blockade_000373.npz,85,True,gj_blockade
gj_blockade_000374,test_ood,test_ood/gj_blockade_000374.npz,216,True,gj_blockade
gj_blockade_000375,test_ood,test_ood/gj_blockade_000375.npz,368,True,gj_blockade
gj_blockade_000376,test_ood,test_ood/gj_blockade_000376.npz,60,True,gj_blockade
gj_blockade_000377,test_ood,test_ood/gj_blockade_000377.npz,64,True,gj_blockade
gj_blockade_000378,test_ood,test_ood/gj_blockade_000378.npz,85,True,gj_blockade
gj_blockade_000379,test_ood,test_ood/gj_blockade_000379.npz,91,True,gj_blockade
gj_blockade_000380,test_ood,test_ood/gj_blockade_000380.npz,60,True,gj_blockade
gj_blockade_000381,test_ood,test_ood/gj_blockade_000381.npz,216,True,gj_blockade
gj_blockade_000382,test_ood,test_ood/gj_blockade_000382.npz,150,True,gj_blockade
gj_blockade_000383,test_ood,test_ood/gj_blockade_000383.npz,60,True,gj_blockade
gj_blockade_000384,test_ood,test_ood/gj_blockade_000384.npz,63,True,gj_blockade
gj_blockade_000385,test_ood,test_ood/gj_blockade_000385.npz,40,True,gj_blockade
gj_blockade_000386,test_ood,test_ood/gj_blockade_000386.npz,41,True,gj_blockade
gj_blockade_000387,test_ood,test_ood/gj_blockade_000387.npz,64,True,gj_blockade
gj_blockade_000388,test_ood,test_ood/gj_blockade_000388.npz,92,True,gj_blockade
gj_blockade_000389,test_ood,test_ood/gj_blockade_000389.npz,118,True,gj_blockade
gj_blockade_000390,test_ood,test_ood/gj_blockade_000390.npz,63,True,gj_blockade
gj_blockade_000391,test_ood,test_ood/gj_blockade_000391.npz,366,True,gj_blockade
gj_blockade_000392,test_ood,test_ood/gj_blockade_000392.npz,116,True,gj_blockade
gj_blockade_000393,test_ood,test_ood/gj_blockade_000393.npz,359,True,gj_blockade
gj_blockade_000394,test_ood,test_ood/gj_blockade_000394.npz,320,True,gj_blockade
gj_blockade_000395,test_ood,test_ood/gj_blockade_000395.npz,476,True,gj_blockade
gj_blockade_000396,test_ood,test_ood/gj_blockade_000396.npz,421,True,gj_blockade
gj_blockade_000397,test_ood,test_ood/gj_blockade_000397.npz,216,True,gj_blockade
gj_blockade_000398,test_ood,test_ood/gj_blockade_000398.npz,41,True,gj_blockade
gj_blockade_000399,test_ood,test_ood/gj_blockade_000399.npz,477,True,gj_blockade
gj_blockade_000400,test_ood,test_ood/gj_blockade_000400.npz,356,True,gj_blockade
gj_blockade_000401,test_ood,test_ood/gj_blockade_000401.npz,276,True,gj_blockade
gj_blockade_000402,test_ood,test_ood/gj_blockade_000402.npz,359,True,gj_blockade
gj_blockade_000403,test_ood,test_ood/gj_blockade_000403.npz,92,True,gj_blockade
gj_blockade_000404,test_ood,test_ood/gj_blockade_000404.npz,304,True,gj_blockade
gj_blockade_000405,test_ood,test_ood/gj_blockade_000405.npz,120,True,gj_blockade
gj_blockade_000406,test_ood,test_ood/gj_blockade_000406.npz,182,True,gj_blockade
gj_blockade_000407,test_ood,test_ood/gj_blockade_000407.npz,433,True,gj_blockade
gj_blockade_000408,test_ood,test_ood/gj_blockade_000408.npz,116,True,gj_blockade
gj_blockade_000409,test_ood,test_ood/gj_blockade_000409.npz,150,True,gj_blockade
gj_blockade_000410,test_ood,test_ood/gj_blockade_000410.npz,40,True,gj_blockade
gj_blockade_000411,test_ood,test_ood/gj_blockade_000411.npz,64,True,gj_blockade
gj_blockade_000412,test_ood,test_ood/gj_blockade_000412.npz,40,True,gj_blockade
gj_blockade_000413,test_ood,test_ood/gj_blockade_000413.npz,183,True,gj_blockade
gj_blockade_000414,test_ood,test_ood/gj_blockade_000414.npz,421,True,gj_blockade
gj_blockade_000415,test_ood,test_ood/gj_blockade_000415.npz,368,True,gj_blockade
gj_blockade_000416,test_ood,test_ood/gj_blockade_000416.npz,85,True,gj_blockade
gj_blockade_000417,test_ood,test_ood/gj_blockade_000417.npz,232,True,gj_blockade
gj_blockade_000418,test_ood,test_ood/gj_blockade_000418.npz,216,True,gj_blockade
gj_blockade_000419,test_ood,test_ood/gj_blockade_000419.npz,41,True,gj_blockade
gj_blockade_000420,test_ood,test_ood/gj_blockade_000420.npz,216,True,gj_blockade
gj_blockade_000421,test_ood,test_ood/gj_blockade_000421.npz,45,True,gj_blockade
gj_blockade_000422,test_ood,test_ood/gj_blockade_000422.npz,474,True,gj_blockade
gj_blockade_000423,test_ood,test_ood/gj_blockade_000423.npz,116,True,gj_blockade
gj_blockade_000424,test_ood,test_ood/gj_blockade_000424.npz,45,True,gj_blockade
gj_blockade_000425,test_ood,test_ood/gj_blockade_000425.npz,262,True,gj_blockade
gj_blockade_000426,test_ood,test_ood/gj_blockade_000426.npz,461,True,gj_blockade
gj_blockade_000427,test_ood,test_ood/gj_blockade_000427.npz,275,True,gj_blockade
gj_blockade_000428,test_ood,test_ood/gj_blockade_000428.npz,173,True,gj_blockade
gj_blockade_000429,test_ood,test_ood/gj_blockade_000429.npz,60,True,gj_blockade
gj_blockade_000430,test_ood,test_ood/gj_blockade_000430.npz,476,True,gj_blockade
gj_blockade_000431,test_ood,test_ood/gj_blockade_000431.npz,366,True,gj_blockade
gj_blockade_000432,test_ood,test_ood/gj_blockade_000432.npz,259,True,gj_blockade
gj_blockade_000433,test_ood,test_ood/gj_blockade_000433.npz,216,True,gj_blockade
gj_blockade_000434,test_ood,test_ood/gj_blockade_000434.npz,60,True,gj_blockade
gj_blockade_000435,test_ood,test_ood/gj_blockade_000435.npz,216,True,gj_blockade
gj_blockade_000436,test_ood,test_ood/gj_blockade_000436.npz,63,True,gj_blockade
gj_blockade_000437,test_ood,test_ood/gj_blockade_000437.npz,182,True,gj_blockade
gj_blockade_000438,test_ood,test_ood/gj_blockade_000438.npz,120,True,gj_blockade
gj_blockade_000439,test_ood,test_ood/gj_blockade_000439.npz,276,True,gj_blockade
gj_blockade_000440,test_ood,test_ood/gj_blockade_000440.npz,109,True,gj_blockade
gj_blockade_000441,test_ood,test_ood/gj_blockade_000441.npz,262,True,gj_blockade
gj_blockade_000442,test_ood,test_ood/gj_blockade_000442.npz,121,True,gj_blockade
gj_blockade_000443,test_ood,test_ood/gj_blockade_000443.npz,366,True,gj_blockade
gj_blockade_000444,test_ood,test_ood/gj_blockade_000444.npz,276,True,gj_blockade
gj_blockade_000445,test_ood,test_ood/gj_blockade_000445.npz,418,True,gj_blockade
gj_blockade_000446,test_ood,test_ood/gj_blockade_000446.npz,232,True,gj_blockade
gj_blockade_000447,test_ood,test_ood/gj_blockade_000447.npz,118,True,gj_blockade
gj_blockade_000448,test_ood,test_ood/gj_blockade_000448.npz,63,True,gj_blockade
gj_blockade_000449,test_ood,test_ood/gj_blockade_000449.npz,261,True,gj_blockade
gj_blockade_000450,test_ood,test_ood/gj_blockade_000450.npz,319,True,gj_blockade
gj_blockade_000451,test_ood,test_ood/gj_blockade_000451.npz,138,True,gj_blockade
gj_blockade_000452,test_ood,test_ood/gj_blockade_000452.npz,332,True,gj_blockade
gj_blockade_000453,test_ood,test_ood/gj_blockade_000453.npz,216,True,gj_blockade
gj_blockade_000454,test_ood,test_ood/gj_blockade_000454.npz,92,True,gj_blockade
gj_blockade_000455,test_ood,test_ood/gj_blockade_000455.npz,304,True,gj_blockade
gj_blockade_000456,test_ood,test_ood/gj_blockade_000456.npz,183,True,gj_blockade
gj_blockade_000457,test_ood,test_ood/gj_blockade_000457.npz,477,True,gj_blockade
gj_blockade_000458,test_ood,test_ood/gj_blockade_000458.npz,401,True,gj_blockade
gj_blockade_000459,test_ood,test_ood/gj_blockade_000459.npz,121,True,gj_blockade
gj_blockade_000460,test_ood,test_ood/gj_blockade_000460.npz,421,True,gj_blockade
gj_blockade_000461,test_ood,test_ood/gj_blockade_000461.npz,120,True,gj_blockade
gj_blockade_000462,test_ood,test_ood/gj_blockade_000462.npz,359,True,gj_blockade
gj_blockade_000463,test_ood,test_ood/gj_blockade_000463.npz,45,True,gj_blockade
gj_blockade_000464,test_ood,test_ood/gj_blockade_000464.npz,262,True,gj_blockade
gj_blockade_000465,test_ood,test_ood/gj_blockade_000465.npz,193,True,gj_blockade
gj_blockade_000466,test_ood,test_ood/gj_blockade_000466.npz,85,True,gj_blockade
gj_blockade_000467,test_ood,test_ood/gj_blockade_000467.npz,64,True,gj_blockade
gj_blockade_000468,test_ood,test_ood/gj_blockade_000468.npz,150,True,gj_blockade
gj_blockade_000469,test_ood,test_ood/gj_blockade_000469.npz,63,True,gj_blockade
gj_blockade_000470,test_ood,test_ood/gj_blockade_000470.npz,160,True,gj_blockade
gj_blockade_000471,test_ood,test_ood/gj_blockade_000471.npz,63,True,gj_blockade
gj_blockade_000472,test_ood,test_ood/gj_blockade_000472.npz,359,True,gj_blockade
gj_blockade_000473,test_ood,test_ood/gj_blockade_000473.npz,63,True,gj_blockade
gj_blockade_000474,test_ood,test_ood/gj_blockade_000474.npz,216,True,gj_blockade
gj_blockade_000475,test_ood,test_ood/gj_blockade_000475.npz,276,True,gj_blockade
gj_blockade_000476,test_ood,test_ood/gj_blockade_000476.npz,45,True,gj_blockade
gj_blockade_000477,test_ood,test_ood/gj_blockade_000477.npz,432,True,gj_blockade
gj_blockade_000478,test_ood,test_ood/gj_blockade_000478.npz,64,True,gj_blockade
gj_blockade_000479,test_ood,test_ood/gj_blockade_000479.npz,60,True,gj_blockade
gj_blockade_000480,test_ood,test_ood/gj_blockade_000480.npz,216,True,gj_blockade
gj_blockade_000481,test_ood,test_ood/gj_blockade_000481.npz,261,True,gj_blockade
gj_blockade_000482,test_ood,test_ood/gj_blockade_000482.npz,183,True,gj_blockade
gj_blockade_000483,test_ood,test_ood/gj_blockade_000483.npz,138,True,gj_blockade
gj_blockade_000484,test_ood,test_ood/gj_blockade_000484.npz,91,True,gj_blockade
gj_blockade_000485,test_ood,test_ood/gj_blockade_000485.npz,460,True,gj_blockade
gj_blockade_000486,test_ood,test_ood/gj_blockade_000486.npz,63,True,gj_blockade
gj_blockade_000487,test_ood,test_ood/gj_blockade_000487.npz,175,True,gj_blockade
gj_blockade_000488,test_ood,test_ood/gj_blockade_000488.npz,416,True,gj_blockade
gj_blockade_000489,test_ood,test_ood/gj_blockade_000489.npz,59,True,gj_blockade
gj_blockade_000490,test_ood,test_ood/gj_blockade_000490.npz,116,True,gj_blockade
gj_blockade_000491,test_ood,test_ood/gj_blockade_000491.npz,85,True,gj_blockade
gj_blockade_000492,test_ood,test_ood/gj_blockade_000492.npz,183,True,gj_blockade
gj_blockade_000493,test_ood,test_ood/gj_blockade_000493.npz,64,True,gj_blockade
gj_blockade_000494,test_ood,test_ood/gj_blockade_000494.npz,415,True,gj_blockade
gj_blockade_000495,test_ood,test_ood/gj_blockade_000495.npz,85,True,gj_blockade
gj_blockade_000496,test_ood,test_ood/gj_blockade_000496.npz,85,True,gj_blockade
gj_blockade_000497,test_ood,test_ood/gj_blockade_000497.npz,45,True,gj_blockade
gj_blockade_000498,test_ood,test_ood/gj_blockade_000498.npz,490,True,gj_blockade
gj_blockade_000499,test_ood,test_ood/gj_blockade_000499.npz,173,True,gj_blockade
exogenous_expression_000000,test_ood,test_ood/exogenous_expression_000000.npz,476,True,exogenous_expression
exogenous_expression_000001,test_ood,test_ood/exogenous_expression_000001.npz,85,True,exogenous_expression
exogenous_expression_000002,test_ood,test_ood/exogenous_expression_000002.npz,216,True,exogenous_expression
exogenous_expression_000003,test_ood,test_ood/exogenous_expression_000003.npz,304,True,exogenous_expression
exogenous_expression_000004,test_ood,test_ood/exogenous_expression_000004.npz,92,True,exogenous_expression
exogenous_expression_000005,test_ood,test_ood/exogenous_expression_000005.npz,216,True,exogenous_expression
exogenous_expression_000006,test_ood,test_ood/exogenous_expression_000006.npz,173,True,exogenous_expression
exogenous_expression_000007,test_ood,test_ood/exogenous_expression_000007.npz,40,True,exogenous_expression
exogenous_expression_000008,test_ood,test_ood/exogenous_expression_000008.npz,116,True,exogenous_expression
exogenous_expression_000009,test_ood,test_ood/exogenous_expression_000009.npz,85,True,exogenous_expression
exogenous_expression_000010,test_ood,test_ood/exogenous_expression_000010.npz,477,True,exogenous_expression
exogenous_expression_000011,test_ood,test_ood/exogenous_expression_000011.npz,262,True,exogenous_expression
exogenous_expression_000012,test_ood,test_ood/exogenous_expression_000012.npz,41,True,exogenous_expression
exogenous_expression_000013,test_ood,test_ood/exogenous_expression_000013.npz,474,True,exogenous_expression
exogenous_expression_000014,test_ood,test_ood/exogenous_expression_000014.npz,305,True,exogenous_expression
exogenous_expression_000015,test_ood,test_ood/exogenous_expression_000015.npz,91,True,exogenous_expression
exogenous_expression_000016,test_ood,test_ood/exogenous_expression_000016.npz,120,True,exogenous_expression
exogenous_expression_000017,test_ood,test_ood/exogenous_expression_000017.npz,60,True,exogenous_expression
exogenous_expression_000018,test_ood,test_ood/exogenous_expression_000018.npz,41,True,exogenous_expression
exogenous_expression_000019,test_ood,test_ood/exogenous_expression_000019.npz,60,True,exogenous_expression
exogenous_expression_000020,test_ood,test_ood/exogenous_expression_000020.npz,60,True,exogenous_expression
exogenous_expression_000021,test_ood,test_ood/exogenous_expression_000021.npz,85,True,exogenous_expression
exogenous_expression_000022,test_ood,test_ood/exogenous_expression_000022.npz,182,True,exogenous_expression
exogenous_expression_000023,test_ood,test_ood/exogenous_expression_000023.npz,91,True,exogenous_expression
exogenous_expression_000024,test_ood,test_ood/exogenous_expression_000024.npz,232,True,exogenous_expression
exogenous_expression_000025,test_ood,test_ood/exogenous_expression_000025.npz,91,True,exogenous_expression
exogenous_expression_000026,test_ood,test_ood/exogenous_expression_000026.npz,216,True,exogenous_expression
exogenous_expression_000027,test_ood,test_ood/exogenous_expression_000027.npz,433,True,exogenous_expression
exogenous_expression_000028,test_ood,test_ood/exogenous_expression_000028.npz,216,True,exogenous_expression
exogenous_expression_000029,test_ood,test_ood/exogenous_expression_000029.npz,477,True,exogenous_expression
exogenous_expression_000030,test_ood,test_ood/exogenous_expression_000030.npz,40,True,exogenous_expression
exogenous_expression_000031,test_ood,test_ood/exogenous_expression_000031.npz,181,True,exogenous_expression
exogenous_expression_000032,test_ood,test_ood/exogenous_expression_000032.npz,490,True,exogenous_expression
exogenous_expression_000033,test_ood,test_ood/exogenous_expression_000033.npz,216,True,exogenous_expression
exogenous_expression_000034,test_ood,test_ood/exogenous_expression_000034.npz,477,True,exogenous_expression
exogenous_expression_000035,test_ood,test_ood/exogenous_expression_000035.npz,177,True,exogenous_expression
exogenous_expression_000036,test_ood,test_ood/exogenous_expression_000036.npz,416,True,exogenous_expression
exogenous_expression_000037,test_ood,test_ood/exogenous_expression_000037.npz,120,True,exogenous_expression
exogenous_expression_000038,test_ood,test_ood/exogenous_expression_000038.npz,149,True,exogenous_expression
exogenous_expression_000039,test_ood,test_ood/exogenous_expression_000039.npz,366,True,exogenous_expression
exogenous_expression_000040,test_ood,test_ood/exogenous_expression_000040.npz,41,True,exogenous_expression
exogenous_expression_000041,test_ood,test_ood/exogenous_expression_000041.npz,41,True,exogenous_expression
exogenous_expression_000042,test_ood,test_ood/exogenous_expression_000042.npz,490,True,exogenous_expression
exogenous_expression_000043,test_ood,test_ood/exogenous_expression_000043.npz,150,True,exogenous_expression
exogenous_expression_000044,test_ood,test_ood/exogenous_expression_000044.npz,91,True,exogenous_expression
exogenous_expression_000045,test_ood,test_ood/exogenous_expression_000045.npz,432,True,exogenous_expression
exogenous_expression_000046,test_ood,test_ood/exogenous_expression_000046.npz,368,True,exogenous_expression
exogenous_expression_000047,test_ood,test_ood/exogenous_expression_000047.npz,149,True,exogenous_expression
exogenous_expression_000048,test_ood,test_ood/exogenous_expression_000048.npz,109,True,exogenous_expression
exogenous_expression_000049,test_ood,test_ood/exogenous_expression_000049.npz,45,True,exogenous_expression
exogenous_expression_000050,test_ood,test_ood/exogenous_expression_000050.npz,138,True,exogenous_expression
exogenous_expression_000051,test_ood,test_ood/exogenous_expression_000051.npz,421,True,exogenous_expression
exogenous_expression_000052,test_ood,test_ood/exogenous_expression_000052.npz,109,True,exogenous_expression
exogenous_expression_000053,test_ood,test_ood/exogenous_expression_000053.npz,68,True,exogenous_expression
exogenous_expression_000054,test_ood,test_ood/exogenous_expression_000054.npz,120,True,exogenous_expression
exogenous_expression_000055,test_ood,test_ood/exogenous_expression_000055.npz,216,True,exogenous_expression
exogenous_expression_000056,test_ood,test_ood/exogenous_expression_000056.npz,320,True,exogenous_expression
exogenous_expression_000057,test_ood,test_ood/exogenous_expression_000057.npz,116,True,exogenous_expression
exogenous_expression_000058,test_ood,test_ood/exogenous_expression_000058.npz,359,True,exogenous_expression
exogenous_expression_000059,test_ood,test_ood/exogenous_expression_000059.npz,121,True,exogenous_expression
exogenous_expression_000060,test_ood,test_ood/exogenous_expression_000060.npz,490,True,exogenous_expression
exogenous_expression_000061,test_ood,test_ood/exogenous_expression_000061.npz,64,True,exogenous_expression
exogenous_expression_000062,test_ood,test_ood/exogenous_expression_000062.npz,367,True,exogenous_expression
exogenous_expression_000063,test_ood,test_ood/exogenous_expression_000063.npz,91,True,exogenous_expression
exogenous_expression_000064,test_ood,test_ood/exogenous_expression_000064.npz,183,True,exogenous_expression
exogenous_expression_000065,test_ood,test_ood/exogenous_expression_000065.npz,262,True,exogenous_expression
exogenous_expression_000066,test_ood,test_ood/exogenous_expression_000066.npz,116,True,exogenous_expression
exogenous_expression_000067,test_ood,test_ood/exogenous_expression_000067.npz,320,True,exogenous_expression
exogenous_expression_000068,test_ood,test_ood/exogenous_expression_000068.npz,180,True,exogenous_expression
exogenous_expression_000069,test_ood,test_ood/exogenous_expression_000069.npz,91,True,exogenous_expression
exogenous_expression_000070,test_ood,test_ood/exogenous_expression_000070.npz,85,True,exogenous_expression
exogenous_expression_000071,test_ood,test_ood/exogenous_expression_000071.npz,64,True,exogenous_expression
exogenous_expression_000072,test_ood,test_ood/exogenous_expression_000072.npz,116,True,exogenous_expression
exogenous_expression_000073,test_ood,test_ood/exogenous_expression_000073.npz,85,True,exogenous_expression
exogenous_expression_000074,test_ood,test_ood/exogenous_expression_000074.npz,121,True,exogenous_expression
exogenous_expression_000075,test_ood,test_ood/exogenous_expression_000075.npz,276,True,exogenous_expression
exogenous_expression_000076,test_ood,test_ood/exogenous_expression_000076.npz,232,True,exogenous_expression
exogenous_expression_000077,test_ood,test_ood/exogenous_expression_000077.npz,59,True,exogenous_expression
exogenous_expression_000078,test_ood,test_ood/exogenous_expression_000078.npz,40,True,exogenous_expression
exogenous_expression_000079,test_ood,test_ood/exogenous_expression_000079.npz,118,True,exogenous_expression
exogenous_expression_000080,test_ood,test_ood/exogenous_expression_000080.npz,91,True,exogenous_expression
exogenous_expression_000081,test_ood,test_ood/exogenous_expression_000081.npz,476,True,exogenous_expression
exogenous_expression_000082,test_ood,test_ood/exogenous_expression_000082.npz,116,True,exogenous_expression
exogenous_expression_000083,test_ood,test_ood/exogenous_expression_000083.npz,432,True,exogenous_expression
exogenous_expression_000084,test_ood,test_ood/exogenous_expression_000084.npz,45,True,exogenous_expression
exogenous_expression_000085,test_ood,test_ood/exogenous_expression_000085.npz,120,True,exogenous_expression
exogenous_expression_000086,test_ood,test_ood/exogenous_expression_000086.npz,85,True,exogenous_expression
exogenous_expression_000087,test_ood,test_ood/exogenous_expression_000087.npz,432,True,exogenous_expression
exogenous_expression_000088,test_ood,test_ood/exogenous_expression_000088.npz,62,True,exogenous_expression
exogenous_expression_000089,test_ood,test_ood/exogenous_expression_000089.npz,359,True,exogenous_expression
exogenous_expression_000090,test_ood,test_ood/exogenous_expression_000090.npz,261,True,exogenous_expression
exogenous_expression_000091,test_ood,test_ood/exogenous_expression_000091.npz,45,True,exogenous_expression
exogenous_expression_000092,test_ood,test_ood/exogenous_expression_000092.npz,175,True,exogenous_expression
exogenous_expression_000093,test_ood,test_ood/exogenous_expression_000093.npz,471,True,exogenous_expression
exogenous_expression_000094,test_ood,test_ood/exogenous_expression_000094.npz,232,True,exogenous_expression
exogenous_expression_000095,test_ood,test_ood/exogenous_expression_000095.npz,121,True,exogenous_expression
exogenous_expression_000096,test_ood,test_ood/exogenous_expression_000096.npz,216,True,exogenous_expression
exogenous_expression_000097,test_ood,test_ood/exogenous_expression_000097.npz,216,True,exogenous_expression
exogenous_expression_000098,test_ood,test_ood/exogenous_expression_000098.npz,216,True,exogenous_expression
exogenous_expression_000099,test_ood,test_ood/exogenous_expression_000099.npz,232,True,exogenous_expression
exogenous_expression_000100,test_ood,test_ood/exogenous_expression_000100.npz,417,True,exogenous_expression
exogenous_expression_000101,test_ood,test_ood/exogenous_expression_000101.npz,45,True,exogenous_expression
exogenous_expression_000102,test_ood,test_ood/exogenous_expression_000102.npz,232,True,exogenous_expression
exogenous_expression_000103,test_ood,test_ood/exogenous_expression_000103.npz,60,True,exogenous_expression
exogenous_expression_000104,test_ood,test_ood/exogenous_expression_000104.npz,359,True,exogenous_expression
exogenous_expression_000105,test_ood,test_ood/exogenous_expression_000105.npz,116,True,exogenous_expression
exogenous_expression_000106,test_ood,test_ood/exogenous_expression_000106.npz,320,True,exogenous_expression
exogenous_expression_000107,test_ood,test_ood/exogenous_expression_000107.npz,232,True,exogenous_expression
exogenous_expression_000108,test_ood,test_ood/exogenous_expression_000108.npz,40,True,exogenous_expression
exogenous_expression_000109,test_ood,test_ood/exogenous_expression_000109.npz,118,True,exogenous_expression
exogenous_expression_000110,test_ood,test_ood/exogenous_expression_000110.npz,158,True,exogenous_expression
exogenous_expression_000111,test_ood,test_ood/exogenous_expression_000111.npz,490,True,exogenous_expression
exogenous_expression_000112,test_ood,test_ood/exogenous_expression_000112.npz,45,True,exogenous_expression
exogenous_expression_000113,test_ood,test_ood/exogenous_expression_000113.npz,138,True,exogenous_expression
exogenous_expression_000114,test_ood,test_ood/exogenous_expression_000114.npz,41,True,exogenous_expression
exogenous_expression_000115,test_ood,test_ood/exogenous_expression_000115.npz,332,True,exogenous_expression
exogenous_expression_000116,test_ood,test_ood/exogenous_expression_000116.npz,59,True,exogenous_expression
exogenous_expression_000117,test_ood,test_ood/exogenous_expression_000117.npz,121,True,exogenous_expression
exogenous_expression_000118,test_ood,test_ood/exogenous_expression_000118.npz,45,True,exogenous_expression
exogenous_expression_000119,test_ood,test_ood/exogenous_expression_000119.npz,216,True,exogenous_expression
exogenous_expression_000120,test_ood,test_ood/exogenous_expression_000120.npz,85,True,exogenous_expression
exogenous_expression_000121,test_ood,test_ood/exogenous_expression_000121.npz,255,True,exogenous_expression
exogenous_expression_000122,test_ood,test_ood/exogenous_expression_000122.npz,109,True,exogenous_expression
exogenous_expression_000123,test_ood,test_ood/exogenous_expression_000123.npz,262,True,exogenous_expression
exogenous_expression_000124,test_ood,test_ood/exogenous_expression_000124.npz,63,True,exogenous_expression
exogenous_expression_000125,test_ood,test_ood/exogenous_expression_000125.npz,64,True,exogenous_expression
exogenous_expression_000126,test_ood,test_ood/exogenous_expression_000126.npz,40,True,exogenous_expression
exogenous_expression_000127,test_ood,test_ood/exogenous_expression_000127.npz,60,True,exogenous_expression
exogenous_expression_000128,test_ood,test_ood/exogenous_expression_000128.npz,356,True,exogenous_expression
exogenous_expression_000129,test_ood,test_ood/exogenous_expression_000129.npz,149,True,exogenous_expression
exogenous_expression_000130,test_ood,test_ood/exogenous_expression_000130.npz,259,True,exogenous_expression
exogenous_expression_000131,test_ood,test_ood/exogenous_expression_000131.npz,91,True,exogenous_expression
exogenous_expression_000132,test_ood,test_ood/exogenous_expression_000132.npz,304,True,exogenous_expression
exogenous_expression_000133,test_ood,test_ood/exogenous_expression_000133.npz,40,True,exogenous_expression
exogenous_expression_000134,test_ood,test_ood/exogenous_expression_000134.npz,92,True,exogenous_expression
exogenous_expression_000135,test_ood,test_ood/exogenous_expression_000135.npz,149,True,exogenous_expression
exogenous_expression_000136,test_ood,test_ood/exogenous_expression_000136.npz,63,True,exogenous_expression
exogenous_expression_000137,test_ood,test_ood/exogenous_expression_000137.npz,64,True,exogenous_expression
exogenous_expression_000138,test_ood,test_ood/exogenous_expression_000138.npz,150,True,exogenous_expression
exogenous_expression_000139,test_ood,test_ood/exogenous_expression_000139.npz,276,True,exogenous_expression
exogenous_expression_000140,test_ood,test_ood/exogenous_expression_000140.npz,359,True,exogenous_expression
exogenous_expression_000141,test_ood,test_ood/exogenous_expression_000141.npz,232,True,exogenous_expression
exogenous_expression_000142,test_ood,test_ood/exogenous_expression_000142.npz,275,True,exogenous_expression
exogenous_expression_000143,test_ood,test_ood/exogenous_expression_000143.npz,85,True,exogenous_expression
exogenous_expression_000144,test_ood,test_ood/exogenous_expression_000144.npz,359,True,exogenous_expression
exogenous_expression_000145,test_ood,test_ood/exogenous_expression_000145.npz,60,True,exogenous_expression
exogenous_expression_000146,test_ood,test_ood/exogenous_expression_000146.npz,91,True,exogenous_expression
exogenous_expression_000147,test_ood,test_ood/exogenous_expression_000147.npz,109,True,exogenous_expression
exogenous_expression_000148,test_ood,test_ood/exogenous_expression_000148.npz,304,True,exogenous_expression
exogenous_expression_000149,test_ood,test_ood/exogenous_expression_000149.npz,160,True,exogenous_expression
exogenous_expression_000150,test_ood,test_ood/exogenous_expression_000150.npz,173,True,exogenous_expression
exogenous_expression_000151,test_ood,test_ood/exogenous_expression_000151.npz,477,True,exogenous_expression
exogenous_expression_000152,test_ood,test_ood/exogenous_expression_000152.npz,432,True,exogenous_expression
exogenous_expression_000153,test_ood,test_ood/exogenous_expression_000153.npz,150,True,exogenous_expression
exogenous_expression_000154,test_ood,test_ood/exogenous_expression_000154.npz,474,True,exogenous_expression
exogenous_expression_000155,test_ood,test_ood/exogenous_expression_000155.npz,120,True,exogenous_expression
exogenous_expression_000156,test_ood,test_ood/exogenous_expression_000156.npz,261,True,exogenous_expression
exogenous_expression_000157,test_ood,test_ood/exogenous_expression_000157.npz,63,True,exogenous_expression
exogenous_expression_000158,test_ood,test_ood/exogenous_expression_000158.npz,116,True,exogenous_expression
exogenous_expression_000159,test_ood,test_ood/exogenous_expression_000159.npz,260,True,exogenous_expression
exogenous_expression_000160,test_ood,test_ood/exogenous_expression_000160.npz,63,True,exogenous_expression
exogenous_expression_000161,test_ood,test_ood/exogenous_expression_000161.npz,421,True,exogenous_expression
exogenous_expression_000162,test_ood,test_ood/exogenous_expression_000162.npz,150,True,exogenous_expression
exogenous_expression_000163,test_ood,test_ood/exogenous_expression_000163.npz,64,True,exogenous_expression
exogenous_expression_000164,test_ood,test_ood/exogenous_expression_000164.npz,63,True,exogenous_expression
exogenous_expression_000165,test_ood,test_ood/exogenous_expression_000165.npz,92,True,exogenous_expression
exogenous_expression_000166,test_ood,test_ood/exogenous_expression_000166.npz,471,True,exogenous_expression
exogenous_expression_000167,test_ood,test_ood/exogenous_expression_000167.npz,64,True,exogenous_expression
exogenous_expression_000168,test_ood,test_ood/exogenous_expression_000168.npz,216,True,exogenous_expression
exogenous_expression_000169,test_ood,test_ood/exogenous_expression_000169.npz,416,True,exogenous_expression
exogenous_expression_000170,test_ood,test_ood/exogenous_expression_000170.npz,85,True,exogenous_expression
exogenous_expression_000171,test_ood,test_ood/exogenous_expression_000171.npz,116,True,exogenous_expression
exogenous_expression_000172,test_ood,test_ood/exogenous_expression_000172.npz,216,True,exogenous_expression
exogenous_expression_000173,test_ood,test_ood/exogenous_expression_000173.npz,320,True,exogenous_expression
exogenous_expression_000174,test_ood,test_ood/exogenous_expression_000174.npz,175,True,exogenous_expression
exogenous_expression_000175,test_ood,test_ood/exogenous_expression_000175.npz,216,True,exogenous_expression
exogenous_expression_000176,test_ood,test_ood/exogenous_expression_000176.npz,91,True,exogenous_expression
exogenous_expression_000177,test_ood,test_ood/exogenous_expression_000177.npz,149,True,exogenous_expression
exogenous_expression_000178,test_ood,test_ood/exogenous_expression_000178.npz,490,True,exogenous_expression
exogenous_expression_000179,test_ood,test_ood/exogenous_expression_000179.npz,150,True,exogenous_expression
exogenous_expression_000180,test_ood,test_ood/exogenous_expression_000180.npz,232,True,exogenous_expression
exogenous_expression_000181,test_ood,test_ood/exogenous_expression_000181.npz,85,True,exogenous_expression
exogenous_expression_000182,test_ood,test_ood/exogenous_expression_000182.npz,367,True,exogenous_expression
exogenous_expression_000183,test_ood,test_ood/exogenous_expression_000183.npz,368,True,exogenous_expression
exogenous_expression_000184,test_ood,test_ood/exogenous_expression_000184.npz,276,True,exogenous_expression
exogenous_expression_000185,test_ood,test_ood/exogenous_expression_000185.npz,180,True,exogenous_expression
exogenous_expression_000186,test_ood,test_ood/exogenous_expression_000186.npz,91,True,exogenous_expression
exogenous_expression_000187,test_ood,test_ood/exogenous_expression_000187.npz,85,True,exogenous_expression
exogenous_expression_000188,test_ood,test_ood/exogenous_expression_000188.npz,421,True,exogenous_expression
exogenous_expression_000189,test_ood,test_ood/exogenous_expression_000189.npz,320,True,exogenous_expression
exogenous_expression_000190,test_ood,test_ood/exogenous_expression_000190.npz,275,True,exogenous_expression
exogenous_expression_000191,test_ood,test_ood/exogenous_expression_000191.npz,149,True,exogenous_expression
exogenous_expression_000192,test_ood,test_ood/exogenous_expression_000192.npz,121,True,exogenous_expression
exogenous_expression_000193,test_ood,test_ood/exogenous_expression_000193.npz,255,True,exogenous_expression
exogenous_expression_000194,test_ood,test_ood/exogenous_expression_000194.npz,180,True,exogenous_expression
exogenous_expression_000195,test_ood,test_ood/exogenous_expression_000195.npz,262,True,exogenous_expression
exogenous_expression_000196,test_ood,test_ood/exogenous_expression_000196.npz,120,True,exogenous_expression
exogenous_expression_000197,test_ood,test_ood/exogenous_expression_000197.npz,91,True,exogenous_expression
exogenous_expression_000198,test_ood,test_ood/exogenous_expression_000198.npz,261,True,exogenous_expression
exogenous_expression_000199,test_ood,test_ood/exogenous_expression_000199.npz,180,True,exogenous_expression
exogenous_expression_000200,test_ood,test_ood/exogenous_expression_000200.npz,150,True,exogenous_expression
exogenous_expression_000201,test_ood,test_ood/exogenous_expression_000201.npz,180,True,exogenous_expression
exogenous_expression_000202,test_ood,test_ood/exogenous_expression_000202.npz,63,True,exogenous_expression
exogenous_expression_000203,test_ood,test_ood/exogenous_expression_000203.npz,92,True,exogenous_expression
exogenous_expression_000204,test_ood,test_ood/exogenous_expression_000204.npz,40,True,exogenous_expression
exogenous_expression_000205,test_ood,test_ood/exogenous_expression_000205.npz,304,True,exogenous_expression
exogenous_expression_000206,test_ood,test_ood/exogenous_expression_000206.npz,216,True,exogenous_expression
exogenous_expression_000207,test_ood,test_ood/exogenous_expression_000207.npz,181,True,exogenous_expression
exogenous_expression_000208,test_ood,test_ood/exogenous_expression_000208.npz,474,True,exogenous_expression
exogenous_expression_000209,test_ood,test_ood/exogenous_expression_000209.npz,85,True,exogenous_expression
exogenous_expression_000210,test_ood,test_ood/exogenous_expression_000210.npz,261,True,exogenous_expression
exogenous_expression_000211,test_ood,test_ood/exogenous_expression_000211.npz,41,True,exogenous_expression
exogenous_expression_000212,test_ood,test_ood/exogenous_expression_000212.npz,216,True,exogenous_expression
exogenous_expression_000213,test_ood,test_ood/exogenous_expression_000213.npz,41,True,exogenous_expression
exogenous_expression_000214,test_ood,test_ood/exogenous_expression_000214.npz,182,True,exogenous_expression
exogenous_expression_000215,test_ood,test_ood/exogenous_expression_000215.npz,320,True,exogenous_expression
exogenous_expression_000216,test_ood,test_ood/exogenous_expression_000216.npz,120,True,exogenous_expression
exogenous_expression_000217,test_ood,test_ood/exogenous_expression_000217.npz,416,True,exogenous_expression
exogenous_expression_000218,test_ood,test_ood/exogenous_expression_000218.npz,60,True,exogenous_expression
exogenous_expression_000219,test_ood,test_ood/exogenous_expression_000219.npz,366,True,exogenous_expression
exogenous_expression_000220,test_ood,test_ood/exogenous_expression_000220.npz,359,True,exogenous_expression
exogenous_expression_000221,test_ood,test_ood/exogenous_expression_000221.npz,41,True,exogenous_expression
exogenous_expression_000222,test_ood,test_ood/exogenous_expression_000222.npz,183,True,exogenous_expression
exogenous_expression_000223,test_ood,test_ood/exogenous_expression_000223.npz,216,True,exogenous_expression
exogenous_expression_000224,test_ood,test_ood/exogenous_expression_000224.npz,359,True,exogenous_expression
exogenous_expression_000225,test_ood,test_ood/exogenous_expression_000225.npz,416,True,exogenous_expression
exogenous_expression_000226,test_ood,test_ood/exogenous_expression_000226.npz,116,True,exogenous_expression
exogenous_expression_000227,test_ood,test_ood/exogenous_expression_000227.npz,158,True,exogenous_expression
exogenous_expression_000228,test_ood,test_ood/exogenous_expression_000228.npz,177,True,exogenous_expression
exogenous_expression_000229,test_ood,test_ood/exogenous_expression_000229.npz,40,True,exogenous_expression
exogenous_expression_000230,test_ood,test_ood/exogenous_expression_000230.npz,121,True,exogenous_expression
exogenous_expression_000231,test_ood,test_ood/exogenous_expression_000231.npz,138,True,exogenous_expression
exogenous_expression_000232,test_ood,test_ood/exogenous_expression_000232.npz,64,True,exogenous_expression
exogenous_expression_000233,test_ood,test_ood/exogenous_expression_000233.npz,160,True,exogenous_expression
exogenous_expression_000234,test_ood,test_ood/exogenous_expression_000234.npz,85,True,exogenous_expression
exogenous_expression_000235,test_ood,test_ood/exogenous_expression_000235.npz,138,True,exogenous_expression
exogenous_expression_000236,test_ood,test_ood/exogenous_expression_000236.npz,63,True,exogenous_expression
exogenous_expression_000237,test_ood,test_ood/exogenous_expression_000237.npz,175,True,exogenous_expression
exogenous_expression_000238,test_ood,test_ood/exogenous_expression_000238.npz,85,True,exogenous_expression
exogenous_expression_000239,test_ood,test_ood/exogenous_expression_000239.npz,216,True,exogenous_expression
exogenous_expression_000240,test_ood,test_ood/exogenous_expression_000240.npz,174,True,exogenous_expression
exogenous_expression_000241,test_ood,test_ood/exogenous_expression_000241.npz,320,True,exogenous_expression
exogenous_expression_000242,test_ood,test_ood/exogenous_expression_000242.npz,173,True,exogenous_expression
exogenous_expression_000243,test_ood,test_ood/exogenous_expression_000243.npz,85,True,exogenous_expression
exogenous_expression_000244,test_ood,test_ood/exogenous_expression_000244.npz,63,True,exogenous_expression
exogenous_expression_000245,test_ood,test_ood/exogenous_expression_000245.npz,366,True,exogenous_expression
exogenous_expression_000246,test_ood,test_ood/exogenous_expression_000246.npz,150,True,exogenous_expression
exogenous_expression_000247,test_ood,test_ood/exogenous_expression_000247.npz,320,True,exogenous_expression
exogenous_expression_000248,test_ood,test_ood/exogenous_expression_000248.npz,432,True,exogenous_expression
exogenous_expression_000249,test_ood,test_ood/exogenous_expression_000249.npz,490,True,exogenous_expression
exogenous_expression_000250,test_ood,test_ood/exogenous_expression_000250.npz,85,True,exogenous_expression
exogenous_expression_000251,test_ood,test_ood/exogenous_expression_000251.npz,45,True,exogenous_expression
exogenous_expression_000252,test_ood,test_ood/exogenous_expression_000252.npz,85,True,exogenous_expression
exogenous_expression_000253,test_ood,test_ood/exogenous_expression_000253.npz,85,True,exogenous_expression
exogenous_expression_000254,test_ood,test_ood/exogenous_expression_000254.npz,63,True,exogenous_expression
exogenous_expression_000255,test_ood,test_ood/exogenous_expression_000255.npz,182,True,exogenous_expression
exogenous_expression_000256,test_ood,test_ood/exogenous_expression_000256.npz,92,True,exogenous_expression
exogenous_expression_000257,test_ood,test_ood/exogenous_expression_000257.npz,63,True,exogenous_expression
exogenous_expression_000258,test_ood,test_ood/exogenous_expression_000258.npz,461,True,exogenous_expression
exogenous_expression_000259,test_ood,test_ood/exogenous_expression_000259.npz,64,True,exogenous_expression
exogenous_expression_000260,test_ood,test_ood/exogenous_expression_000260.npz,85,True,exogenous_expression
exogenous_expression_000261,test_ood,test_ood/exogenous_expression_000261.npz,255,True,exogenous_expression
exogenous_expression_000262,test_ood,test_ood/exogenous_expression_000262.npz,262,True,exogenous_expression
exogenous_expression_000263,test_ood,test_ood/exogenous_expression_000263.npz,332,True,exogenous_expression
exogenous_expression_000264,test_ood,test_ood/exogenous_expression_000264.npz,59,True,exogenous_expression
exogenous_expression_000265,test_ood,test_ood/exogenous_expression_000265.npz,116,True,exogenous_expression
exogenous_expression_000266,test_ood,test_ood/exogenous_expression_000266.npz,477,True,exogenous_expression
exogenous_expression_000267,test_ood,test_ood/exogenous_expression_000267.npz,180,True,exogenous_expression
exogenous_expression_000268,test_ood,test_ood/exogenous_expression_000268.npz,85,True,exogenous_expression
exogenous_expression_000269,test_ood,test_ood/exogenous_expression_000269.npz,63,True,exogenous_expression
exogenous_expression_000270,test_ood,test_ood/exogenous_expression_000270.npz,261,True,exogenous_expression
exogenous_expression_000271,test_ood,test_ood/exogenous_expression_000271.npz,320,True,exogenous_expression
exogenous_expression_000272,test_ood,test_ood/exogenous_expression_000272.npz,332,True,exogenous_expression
exogenous_expression_000273,test_ood,test_ood/exogenous_expression_000273.npz,85,True,exogenous_expression
exogenous_expression_000274,test_ood,test_ood/exogenous_expression_000274.npz,68,True,exogenous_expression
exogenous_expression_000275,test_ood,test_ood/exogenous_expression_000275.npz,461,True,exogenous_expression
exogenous_expression_000276,test_ood,test_ood/exogenous_expression_000276.npz,477,True,exogenous_expression
exogenous_expression_000277,test_ood,test_ood/exogenous_expression_000277.npz,59,True,exogenous_expression
exogenous_expression_000278,test_ood,test_ood/exogenous_expression_000278.npz,63,True,exogenous_expression
exogenous_expression_000279,test_ood,test_ood/exogenous_expression_000279.npz,421,True,exogenous_expression
exogenous_expression_000280,test_ood,test_ood/exogenous_expression_000280.npz,59,True,exogenous_expression
exogenous_expression_000281,test_ood,test_ood/exogenous_expression_000281.npz,216,True,exogenous_expression
exogenous_expression_000282,test_ood,test_ood/exogenous_expression_000282.npz,92,True,exogenous_expression
exogenous_expression_000283,test_ood,test_ood/exogenous_expression_000283.npz,432,True,exogenous_expression
exogenous_expression_000284,test_ood,test_ood/exogenous_expression_000284.npz,64,True,exogenous_expression
exogenous_expression_000285,test_ood,test_ood/exogenous_expression_000285.npz,91,True,exogenous_expression
exogenous_expression_000286,test_ood,test_ood/exogenous_expression_000286.npz,45,True,exogenous_expression
exogenous_expression_000287,test_ood,test_ood/exogenous_expression_000287.npz,41,True,exogenous_expression
exogenous_expression_000288,test_ood,test_ood/exogenous_expression_000288.npz,490,True,exogenous_expression
exogenous_expression_000289,test_ood,test_ood/exogenous_expression_000289.npz,232,True,exogenous_expression
exogenous_expression_000290,test_ood,test_ood/exogenous_expression_000290.npz,368,True,exogenous_expression
exogenous_expression_000291,test_ood,test_ood/exogenous_expression_000291.npz,85,True,exogenous_expression
exogenous_expression_000292,test_ood,test_ood/exogenous_expression_000292.npz,120,True,exogenous_expression
exogenous_expression_000293,test_ood,test_ood/exogenous_expression_000293.npz,63,True,exogenous_expression
exogenous_expression_000294,test_ood,test_ood/exogenous_expression_000294.npz,91,True,exogenous_expression
exogenous_expression_000295,test_ood,test_ood/exogenous_expression_000295.npz,177,True,exogenous_expression
exogenous_expression_000296,test_ood,test_ood/exogenous_expression_000296.npz,118,True,exogenous_expression
exogenous_expression_000297,test_ood,test_ood/exogenous_expression_000297.npz,41,True,exogenous_expression
exogenous_expression_000298,test_ood,test_ood/exogenous_expression_000298.npz,85,True,exogenous_expression
exogenous_expression_000299,test_ood,test_ood/exogenous_expression_000299.npz,41,True,exogenous_expression
exogenous_expression_000300,test_ood,test_ood/exogenous_expression_000300.npz,41,True,exogenous_expression
exogenous_expression_000301,test_ood,test_ood/exogenous_expression_000301.npz,180,True,exogenous_expression
exogenous_expression_000302,test_ood,test_ood/exogenous_expression_000302.npz,182,True,exogenous_expression
exogenous_expression_000303,test_ood,test_ood/exogenous_expression_000303.npz,149,True,exogenous_expression
exogenous_expression_000304,test_ood,test_ood/exogenous_expression_000304.npz,40,True,exogenous_expression
exogenous_expression_000305,test_ood,test_ood/exogenous_expression_000305.npz,182,True,exogenous_expression
exogenous_expression_000306,test_ood,test_ood/exogenous_expression_000306.npz,40,True,exogenous_expression
exogenous_expression_000307,test_ood,test_ood/exogenous_expression_000307.npz,120,True,exogenous_expression
exogenous_expression_000308,test_ood,test_ood/exogenous_expression_000308.npz,182,True,exogenous_expression
exogenous_expression_000309,test_ood,test_ood/exogenous_expression_000309.npz,85,True,exogenous_expression
exogenous_expression_000310,test_ood,test_ood/exogenous_expression_000310.npz,138,True,exogenous_expression
exogenous_expression_000311,test_ood,test_ood/exogenous_expression_000311.npz,216,True,exogenous_expression
exogenous_expression_000312,test_ood,test_ood/exogenous_expression_000312.npz,45,True,exogenous_expression
exogenous_expression_000313,test_ood,test_ood/exogenous_expression_000313.npz,181,True,exogenous_expression
exogenous_expression_000314,test_ood,test_ood/exogenous_expression_000314.npz,41,True,exogenous_expression
exogenous_expression_000315,test_ood,test_ood/exogenous_expression_000315.npz,232,True,exogenous_expression
exogenous_expression_000316,test_ood,test_ood/exogenous_expression_000316.npz,476,True,exogenous_expression
exogenous_expression_000317,test_ood,test_ood/exogenous_expression_000317.npz,149,True,exogenous_expression
exogenous_expression_000318,test_ood,test_ood/exogenous_expression_000318.npz,40,True,exogenous_expression
exogenous_expression_000319,test_ood,test_ood/exogenous_expression_000319.npz,232,True,exogenous_expression
exogenous_expression_000320,test_ood,test_ood/exogenous_expression_000320.npz,421,True,exogenous_expression
exogenous_expression_000321,test_ood,test_ood/exogenous_expression_000321.npz,359,True,exogenous_expression
exogenous_expression_000322,test_ood,test_ood/exogenous_expression_000322.npz,91,True,exogenous_expression
exogenous_expression_000323,test_ood,test_ood/exogenous_expression_000323.npz,91,True,exogenous_expression
exogenous_expression_000324,test_ood,test_ood/exogenous_expression_000324.npz,175,True,exogenous_expression
exogenous_expression_000325,test_ood,test_ood/exogenous_expression_000325.npz,160,True,exogenous_expression
exogenous_expression_000326,test_ood,test_ood/exogenous_expression_000326.npz,433,True,exogenous_expression
exogenous_expression_000327,test_ood,test_ood/exogenous_expression_000327.npz,332,True,exogenous_expression
exogenous_expression_000328,test_ood,test_ood/exogenous_expression_000328.npz,45,True,exogenous_expression
exogenous_expression_000329,test_ood,test_ood/exogenous_expression_000329.npz,109,True,exogenous_expression
exogenous_expression_000330,test_ood,test_ood/exogenous_expression_000330.npz,45,True,exogenous_expression
exogenous_expression_000331,test_ood,test_ood/exogenous_expression_000331.npz,255,True,exogenous_expression
exogenous_expression_000332,test_ood,test_ood/exogenous_expression_000332.npz,368,True,exogenous_expression
exogenous_expression_000333,test_ood,test_ood/exogenous_expression_000333.npz,401,True,exogenous_expression
exogenous_expression_000334,test_ood,test_ood/exogenous_expression_000334.npz,150,True,exogenous_expression
exogenous_expression_000335,test_ood,test_ood/exogenous_expression_000335.npz,91,True,exogenous_expression
exogenous_expression_000336,test_ood,test_ood/exogenous_expression_000336.npz,45,True,exogenous_expression
exogenous_expression_000337,test_ood,test_ood/exogenous_expression_000337.npz,261,True,exogenous_expression
exogenous_expression_000338,test_ood,test_ood/exogenous_expression_000338.npz,320,True,exogenous_expression
exogenous_expression_000339,test_ood,test_ood/exogenous_expression_000339.npz,149,True,exogenous_expression
exogenous_expression_000340,test_ood,test_ood/exogenous_expression_000340.npz,120,True,exogenous_expression
exogenous_expression_000341,test_ood,test_ood/exogenous_expression_000341.npz,138,True,exogenous_expression
exogenous_expression_000342,test_ood,test_ood/exogenous_expression_000342.npz,40,True,exogenous_expression
exogenous_expression_000343,test_ood,test_ood/exogenous_expression_000343.npz,490,True,exogenous_expression
exogenous_expression_000344,test_ood,test_ood/exogenous_expression_000344.npz,85,True,exogenous_expression
exogenous_expression_000345,test_ood,test_ood/exogenous_expression_000345.npz,63,True,exogenous_expression
exogenous_expression_000346,test_ood,test_ood/exogenous_expression_000346.npz,304,True,exogenous_expression
exogenous_expression_000347,test_ood,test_ood/exogenous_expression_000347.npz,45,True,exogenous_expression
exogenous_expression_000348,test_ood,test_ood/exogenous_expression_000348.npz,232,True,exogenous_expression
exogenous_expression_000349,test_ood,test_ood/exogenous_expression_000349.npz,62,True,exogenous_expression
exogenous_expression_000350,test_ood,test_ood/exogenous_expression_000350.npz,92,True,exogenous_expression
exogenous_expression_000351,test_ood,test_ood/exogenous_expression_000351.npz,41,True,exogenous_expression
exogenous_expression_000352,test_ood,test_ood/exogenous_expression_000352.npz,416,True,exogenous_expression
exogenous_expression_000353,test_ood,test_ood/exogenous_expression_000353.npz,276,True,exogenous_expression
exogenous_expression_000354,test_ood,test_ood/exogenous_expression_000354.npz,60,True,exogenous_expression
exogenous_expression_000355,test_ood,test_ood/exogenous_expression_000355.npz,40,True,exogenous_expression
exogenous_expression_000356,test_ood,test_ood/exogenous_expression_000356.npz,45,True,exogenous_expression
exogenous_expression_000357,test_ood,test_ood/exogenous_expression_000357.npz,85,True,exogenous_expression
exogenous_expression_000358,test_ood,test_ood/exogenous_expression_000358.npz,418,True,exogenous_expression
exogenous_expression_000359,test_ood,test_ood/exogenous_expression_000359.npz,418,True,exogenous_expression
exogenous_expression_000360,test_ood,test_ood/exogenous_expression_000360.npz,262,True,exogenous_expression
exogenous_expression_000361,test_ood,test_ood/exogenous_expression_000361.npz,150,True,exogenous_expression
exogenous_expression_000362,test_ood,test_ood/exogenous_expression_000362.npz,138,True,exogenous_expression
exogenous_expression_000363,test_ood,test_ood/exogenous_expression_000363.npz,85,True,exogenous_expression
exogenous_expression_000364,test_ood,test_ood/exogenous_expression_000364.npz,356,True,exogenous_expression
exogenous_expression_000365,test_ood,test_ood/exogenous_expression_000365.npz,116,True,exogenous_expression
exogenous_expression_000366,test_ood,test_ood/exogenous_expression_000366.npz,63,True,exogenous_expression
exogenous_expression_000367,test_ood,test_ood/exogenous_expression_000367.npz,216,True,exogenous_expression
exogenous_expression_000368,test_ood,test_ood/exogenous_expression_000368.npz,418,True,exogenous_expression
exogenous_expression_000369,test_ood,test_ood/exogenous_expression_000369.npz,121,True,exogenous_expression
exogenous_expression_000370,test_ood,test_ood/exogenous_expression_000370.npz,116,True,exogenous_expression
exogenous_expression_000371,test_ood,test_ood/exogenous_expression_000371.npz,120,True,exogenous_expression
exogenous_expression_000372,test_ood,test_ood/exogenous_expression_000372.npz,183,True,exogenous_expression
exogenous_expression_000373,test_ood,test_ood/exogenous_expression_000373.npz,64,True,exogenous_expression
exogenous_expression_000374,test_ood,test_ood/exogenous_expression_000374.npz,176,True,exogenous_expression
exogenous_expression_000375,test_ood,test_ood/exogenous_expression_000375.npz,149,True,exogenous_expression
exogenous_expression_000376,test_ood,test_ood/exogenous_expression_000376.npz,91,True,exogenous_expression
exogenous_expression_000377,test_ood,test_ood/exogenous_expression_000377.npz,41,True,exogenous_expression
exogenous_expression_000378,test_ood,test_ood/exogenous_expression_000378.npz,68,True,exogenous_expression
exogenous_expression_000379,test_ood,test_ood/exogenous_expression_000379.npz,60,True,exogenous_expression
exogenous_expression_000380,test_ood,test_ood/exogenous_expression_000380.npz,183,True,exogenous_expression
exogenous_expression_000381,test_ood,test_ood/exogenous_expression_000381.npz,262,True,exogenous_expression
exogenous_expression_000382,test_ood,test_ood/exogenous_expression_000382.npz,366,True,exogenous_expression
exogenous_expression_000383,test_ood,test_ood/exogenous_expression_000383.npz,60,True,exogenous_expression
exogenous_expression_000384,test_ood,test_ood/exogenous_expression_000384.npz,216,True,exogenous_expression
exogenous_expression_000385,test_ood,test_ood/exogenous_expression_000385.npz,45,True,exogenous_expression
exogenous_expression_000386,test_ood,test_ood/exogenous_expression_000386.npz,41,True,exogenous_expression
exogenous_expression_000387,test_ood,test_ood/exogenous_expression_000387.npz,421,True,exogenous_expression
exogenous_expression_000388,test_ood,test_ood/exogenous_expression_000388.npz,63,True,exogenous_expression
exogenous_expression_000389,test_ood,test_ood/exogenous_expression_000389.npz,471,True,exogenous_expression
exogenous_expression_000390,test_ood,test_ood/exogenous_expression_000390.npz,320,True,exogenous_expression
exogenous_expression_000391,test_ood,test_ood/exogenous_expression_000391.npz,63,True,exogenous_expression
exogenous_expression_000392,test_ood,test_ood/exogenous_expression_000392.npz,332,True,exogenous_expression
exogenous_expression_000393,test_ood,test_ood/exogenous_expression_000393.npz,305,True,exogenous_expression
exogenous_expression_000394,test_ood,test_ood/exogenous_expression_000394.npz,460,True,exogenous_expression
exogenous_expression_000395,test_ood,test_ood/exogenous_expression_000395.npz,45,True,exogenous_expression
exogenous_expression_000396,test_ood,test_ood/exogenous_expression_000396.npz,320,True,exogenous_expression
exogenous_expression_000397,test_ood,test_ood/exogenous_expression_000397.npz,149,True,exogenous_expression
exogenous_expression_000398,test_ood,test_ood/exogenous_expression_000398.npz,276,True,exogenous_expression
exogenous_expression_000399,test_ood,test_ood/exogenous_expression_000399.npz,149,True,exogenous_expression
exogenous_expression_000400,test_ood,test_ood/exogenous_expression_000400.npz,182,True,exogenous_expression
exogenous_expression_000401,test_ood,test_ood/exogenous_expression_000401.npz,64,True,exogenous_expression
exogenous_expression_000402,test_ood,test_ood/exogenous_expression_000402.npz,232,True,exogenous_expression
exogenous_expression_000403,test_ood,test_ood/exogenous_expression_000403.npz,45,True,exogenous_expression
exogenous_expression_000404,test_ood,test_ood/exogenous_expression_000404.npz,432,True,exogenous_expression
exogenous_expression_000405,test_ood,test_ood/exogenous_expression_000405.npz,275,True,exogenous_expression
exogenous_expression_000406,test_ood,test_ood/exogenous_expression_000406.npz,138,True,exogenous_expression
exogenous_expression_000407,test_ood,test_ood/exogenous_expression_000407.npz,64,True,exogenous_expression
exogenous_expression_000408,test_ood,test_ood/exogenous_expression_000408.npz,320,True,exogenous_expression
exogenous_expression_000409,test_ood,test_ood/exogenous_expression_000409.npz,262,True,exogenous_expression
exogenous_expression_000410,test_ood,test_ood/exogenous_expression_000410.npz,60,True,exogenous_expression
exogenous_expression_000411,test_ood,test_ood/exogenous_expression_000411.npz,216,True,exogenous_expression
exogenous_expression_000412,test_ood,test_ood/exogenous_expression_000412.npz,149,True,exogenous_expression
exogenous_expression_000413,test_ood,test_ood/exogenous_expression_000413.npz,433,True,exogenous_expression
exogenous_expression_000414,test_ood,test_ood/exogenous_expression_000414.npz,232,True,exogenous_expression
exogenous_expression_000415,test_ood,test_ood/exogenous_expression_000415.npz,477,True,exogenous_expression
exogenous_expression_000416,test_ood,test_ood/exogenous_expression_000416.npz,175,True,exogenous_expression
exogenous_expression_000417,test_ood,test_ood/exogenous_expression_000417.npz,261,True,exogenous_expression
exogenous_expression_000418,test_ood,test_ood/exogenous_expression_000418.npz,276,True,exogenous_expression
exogenous_expression_000419,test_ood,test_ood/exogenous_expression_000419.npz,138,True,exogenous_expression
exogenous_expression_000420,test_ood,test_ood/exogenous_expression_000420.npz,177,True,exogenous_expression
exogenous_expression_000421,test_ood,test_ood/exogenous_expression_000421.npz,367,True,exogenous_expression
exogenous_expression_000422,test_ood,test_ood/exogenous_expression_000422.npz,60,True,exogenous_expression
exogenous_expression_000423,test_ood,test_ood/exogenous_expression_000423.npz,259,True,exogenous_expression
exogenous_expression_000424,test_ood,test_ood/exogenous_expression_000424.npz,63,True,exogenous_expression
exogenous_expression_000425,test_ood,test_ood/exogenous_expression_000425.npz,60,True,exogenous_expression
exogenous_expression_000426,test_ood,test_ood/exogenous_expression_000426.npz,92,True,exogenous_expression
exogenous_expression_000427,test_ood,test_ood/exogenous_expression_000427.npz,182,True,exogenous_expression
exogenous_expression_000428,test_ood,test_ood/exogenous_expression_000428.npz,182,True,exogenous_expression
exogenous_expression_000429,test_ood,test_ood/exogenous_expression_000429.npz,160,True,exogenous_expression
exogenous_expression_000430,test_ood,test_ood/exogenous_expression_000430.npz,120,True,exogenous_expression
exogenous_expression_000431,test_ood,test_ood/exogenous_expression_000431.npz,320,True,exogenous_expression
exogenous_expression_000432,test_ood,test_ood/exogenous_expression_000432.npz,421,True,exogenous_expression
exogenous_expression_000433,test_ood,test_ood/exogenous_expression_000433.npz,320,True,exogenous_expression
exogenous_expression_000434,test_ood,test_ood/exogenous_expression_000434.npz,320,True,exogenous_expression
exogenous_expression_000435,test_ood,test_ood/exogenous_expression_000435.npz,416,True,exogenous_expression
exogenous_expression_000436,test_ood,test_ood/exogenous_expression_000436.npz,116,True,exogenous_expression
exogenous_expression_000437,test_ood,test_ood/exogenous_expression_000437.npz,158,True,exogenous_expression
exogenous_expression_000438,test_ood,test_ood/exogenous_expression_000438.npz,85,True,exogenous_expression
exogenous_expression_000439,test_ood,test_ood/exogenous_expression_000439.npz,304,True,exogenous_expression
exogenous_expression_000440,test_ood,test_ood/exogenous_expression_000440.npz,366,True,exogenous_expression
exogenous_expression_000441,test_ood,test_ood/exogenous_expression_000441.npz,415,True,exogenous_expression
exogenous_expression_000442,test_ood,test_ood/exogenous_expression_000442.npz,175,True,exogenous_expression
exogenous_expression_000443,test_ood,test_ood/exogenous_expression_000443.npz,216,True,exogenous_expression
exogenous_expression_000444,test_ood,test_ood/exogenous_expression_000444.npz,45,True,exogenous_expression
exogenous_expression_000445,test_ood,test_ood/exogenous_expression_000445.npz,182,True,exogenous_expression
exogenous_expression_000446,test_ood,test_ood/exogenous_expression_000446.npz,359,True,exogenous_expression
exogenous_expression_000447,test_ood,test_ood/exogenous_expression_000447.npz,149,True,exogenous_expression
exogenous_expression_000448,test_ood,test_ood/exogenous_expression_000448.npz,138,True,exogenous_expression
exogenous_expression_000449,test_ood,test_ood/exogenous_expression_000449.npz,85,True,exogenous_expression
exogenous_expression_000450,test_ood,test_ood/exogenous_expression_000450.npz,63,True,exogenous_expression
exogenous_expression_000451,test_ood,test_ood/exogenous_expression_000451.npz,175,True,exogenous_expression
exogenous_expression_000452,test_ood,test_ood/exogenous_expression_000452.npz,109,True,exogenous_expression
exogenous_expression_000453,test_ood,test_ood/exogenous_expression_000453.npz,367,True,exogenous_expression
exogenous_expression_000454,test_ood,test_ood/exogenous_expression_000454.npz,116,True,exogenous_expression
exogenous_expression_000455,test_ood,test_ood/exogenous_expression_000455.npz,180,True,exogenous_expression
exogenous_expression_000456,test_ood,test_ood/exogenous_expression_000456.npz,262,True,exogenous_expression
exogenous_expression_000457,test_ood,test_ood/exogenous_expression_000457.npz,41,True,exogenous_expression
exogenous_expression_000458,test_ood,test_ood/exogenous_expression_000458.npz,63,True,exogenous_expression
exogenous_expression_000459,test_ood,test_ood/exogenous_expression_000459.npz,183,True,exogenous_expression
exogenous_expression_000460,test_ood,test_ood/exogenous_expression_000460.npz,232,True,exogenous_expression
exogenous_expression_000461,test_ood,test_ood/exogenous_expression_000461.npz,320,True,exogenous_expression
exogenous_expression_000462,test_ood,test_ood/exogenous_expression_000462.npz,85,True,exogenous_expression
exogenous_expression_000463,test_ood,test_ood/exogenous_expression_000463.npz,320,True,exogenous_expression
exogenous_expression_000464,test_ood,test_ood/exogenous_expression_000464.npz,116,True,exogenous_expression
exogenous_expression_000465,test_ood,test_ood/exogenous_expression_000465.npz,109,True,exogenous_expression
exogenous_expression_000466,test_ood,test_ood/exogenous_expression_000466.npz,64,True,exogenous_expression
exogenous_expression_000467,test_ood,test_ood/exogenous_expression_000467.npz,60,True,exogenous_expression
exogenous_expression_000468,test_ood,test_ood/exogenous_expression_000468.npz,63,True,exogenous_expression
exogenous_expression_000469,test_ood,test_ood/exogenous_expression_000469.npz,45,True,exogenous_expression
exogenous_expression_000470,test_ood,test_ood/exogenous_expression_000470.npz,368,True,exogenous_expression
exogenous_expression_000471,test_ood,test_ood/exogenous_expression_000471.npz,120,True,exogenous_expression
exogenous_expression_000472,test_ood,test_ood/exogenous_expression_000472.npz,474,True,exogenous_expression
exogenous_expression_000473,test_ood,test_ood/exogenous_expression_000473.npz,433,True,exogenous_expression
exogenous_expression_000474,test_ood,test_ood/exogenous_expression_000474.npz,173,True,exogenous_expression
exogenous_expression_000475,test_ood,test_ood/exogenous_expression_000475.npz,232,True,exogenous_expression
exogenous_expression_000476,test_ood,test_ood/exogenous_expression_000476.npz,92,True,exogenous_expression
exogenous_expression_000477,test_ood,test_ood/exogenous_expression_000477.npz,359,True,exogenous_expression
exogenous_expression_000478,test_ood,test_ood/exogenous_expression_000478.npz,121,True,exogenous_expression
exogenous_expression_000479,test_ood,test_ood/exogenous_expression_000479.npz,85,True,exogenous_expression
exogenous_expression_000480,test_ood,test_ood/exogenous_expression_000480.npz,232,True,exogenous_expression
exogenous_expression_000481,test_ood,test_ood/exogenous_expression_000481.npz,116,True,exogenous_expression
exogenous_expression_000482,test_ood,test_ood/exogenous_expression_000482.npz,60,True,exogenous_expression
exogenous_expression_000483,test_ood,test_ood/exogenous_expression_000483.npz,150,True,exogenous_expression
exogenous_expression_000484,test_ood,test_ood/exogenous_expression_000484.npz,41,True,exogenous_expression
exogenous_expression_000485,test_ood,test_ood/exogenous_expression_000485.npz,85,True,exogenous_expression
exogenous_expression_000486,test_ood,test_ood/exogenous_expression_000486.npz,160,True,exogenous_expression
exogenous_expression_000487,test_ood,test_ood/exogenous_expression_000487.npz,150,True,exogenous_expression
exogenous_expression_000488,test_ood,test_ood/exogenous_expression_000488.npz,85,True,exogenous_expression
exogenous_expression_000489,test_ood,test_ood/exogenous_expression_000489.npz,116,True,exogenous_expression
exogenous_expression_000490,test_ood,test_ood/exogenous_expression_000490.npz,359,True,exogenous_expression
exogenous_expression_000491,test_ood,test_ood/exogenous_expression_000491.npz,121,True,exogenous_expression
exogenous_expression_000492,test_ood,test_ood/exogenous_expression_000492.npz,85,True,exogenous_expression
exogenous_expression_000493,test_ood,test_ood/exogenous_expression_000493.npz,63,True,exogenous_expression
exogenous_expression_000494,test_ood,test_ood/exogenous_expression_000494.npz,432,True,exogenous_expression
exogenous_expression_000495,test_ood,test_ood/exogenous_expression_000495.npz,63,True,exogenous_expression
exogenous_expression_000496,test_ood,test_ood/exogenous_expression_000496.npz,91,True,exogenous_expression
exogenous_expression_000497,test_ood,test_ood/exogenous_expression_000497.npz,460,True,exogenous_expression
exogenous_expression_000498,test_ood,test_ood/exogenous_expression_000498.npz,91,True,exogenous_expression
exogenous_expression_000499,test_ood,test_ood/exogenous_expression_000499.npz,59,True,exogenous_expression
spatial_gradient_000000,test_ood,test_ood/spatial_gradient_000000.npz,262,True,spatial_gradient
spatial_gradient_000001,test_ood,test_ood/spatial_gradient_000001.npz,116,True,spatial_gradient
spatial_gradient_000002,test_ood,test_ood/spatial_gradient_000002.npz,138,True,spatial_gradient
spatial_gradient_000003,test_ood,test_ood/spatial_gradient_000003.npz,275,True,spatial_gradient
spatial_gradient_000004,test_ood,test_ood/spatial_gradient_000004.npz,477,True,spatial_gradient
spatial_gradient_000005,test_ood,test_ood/spatial_gradient_000005.npz,41,True,spatial_gradient
spatial_gradient_000006,test_ood,test_ood/spatial_gradient_000006.npz,60,True,spatial_gradient
spatial_gradient_000007,test_ood,test_ood/spatial_gradient_000007.npz,276,True,spatial_gradient
spatial_gradient_000008,test_ood,test_ood/spatial_gradient_000008.npz,109,True,spatial_gradient
spatial_gradient_000009,test_ood,test_ood/spatial_gradient_000009.npz,304,True,spatial_gradient
spatial_gradient_000010,test_ood,test_ood/spatial_gradient_000010.npz,232,True,spatial_gradient
spatial_gradient_000011,test_ood,test_ood/spatial_gradient_000011.npz,109,True,spatial_gradient
spatial_gradient_000012,test_ood,test_ood/spatial_gradient_000012.npz,59,True,spatial_gradient
spatial_gradient_000013,test_ood,test_ood/spatial_gradient_000013.npz,183,True,spatial_gradient
spatial_gradient_000014,test_ood,test_ood/spatial_gradient_000014.npz,149,True,spatial_gradient
spatial_gradient_000015,test_ood,test_ood/spatial_gradient_000015.npz,232,True,spatial_gradient
spatial_gradient_000016,test_ood,test_ood/spatial_gradient_000016.npz,477,True,spatial_gradient
spatial_gradient_000017,test_ood,test_ood/spatial_gradient_000017.npz,63,True,spatial_gradient
spatial_gradient_000018,test_ood,test_ood/spatial_gradient_000018.npz,320,True,spatial_gradient
spatial_gradient_000019,test_ood,test_ood/spatial_gradient_000019.npz,60,True,spatial_gradient
spatial_gradient_000020,test_ood,test_ood/spatial_gradient_000020.npz,181,True,spatial_gradient
spatial_gradient_000021,test_ood,test_ood/spatial_gradient_000021.npz,63,True,spatial_gradient
spatial_gradient_000022,test_ood,test_ood/spatial_gradient_000022.npz,259,True,spatial_gradient
spatial_gradient_000023,test_ood,test_ood/spatial_gradient_000023.npz,85,True,spatial_gradient
spatial_gradient_000024,test_ood,test_ood/spatial_gradient_000024.npz,149,True,spatial_gradient
spatial_gradient_000025,test_ood,test_ood/spatial_gradient_000025.npz,193,True,spatial_gradient
spatial_gradient_000026,test_ood,test_ood/spatial_gradient_000026.npz,366,True,spatial_gradient
spatial_gradient_000027,test_ood,test_ood/spatial_gradient_000027.npz,91,True,spatial_gradient
spatial_gradient_000028,test_ood,test_ood/spatial_gradient_000028.npz,174,True,spatial_gradient
spatial_gradient_000029,test_ood,test_ood/spatial_gradient_000029.npz,63,True,spatial_gradient
spatial_gradient_000030,test_ood,test_ood/spatial_gradient_000030.npz,150,True,spatial_gradient
spatial_gradient_000031,test_ood,test_ood/spatial_gradient_000031.npz,461,True,spatial_gradient
spatial_gradient_000032,test_ood,test_ood/spatial_gradient_000032.npz,320,True,spatial_gradient
spatial_gradient_000033,test_ood,test_ood/spatial_gradient_000033.npz,216,True,spatial_gradient
spatial_gradient_000034,test_ood,test_ood/spatial_gradient_000034.npz,276,True,spatial_gradient
spatial_gradient_000035,test_ood,test_ood/spatial_gradient_000035.npz,45,True,spatial_gradient
spatial_gradient_000036,test_ood,test_ood/spatial_gradient_000036.npz,40,True,spatial_gradient
spatial_gradient_000037,test_ood,test_ood/spatial_gradient_000037.npz,357,True,spatial_gradient
spatial_gradient_000038,test_ood,test_ood/spatial_gradient_000038.npz,368,True,spatial_gradient
spatial_gradient_000039,test_ood,test_ood/spatial_gradient_000039.npz,45,True,spatial_gradient
spatial_gradient_000040,test_ood,test_ood/spatial_gradient_000040.npz,320,True,spatial_gradient
spatial_gradient_000041,test_ood,test_ood/spatial_gradient_000041.npz,173,True,spatial_gradient
spatial_gradient_000042,test_ood,test_ood/spatial_gradient_000042.npz,368,True,spatial_gradient
spatial_gradient_000043,test_ood,test_ood/spatial_gradient_000043.npz,60,True,spatial_gradient
spatial_gradient_000044,test_ood,test_ood/spatial_gradient_000044.npz,60,True,spatial_gradient
spatial_gradient_000045,test_ood,test_ood/spatial_gradient_000045.npz,45,True,spatial_gradient
spatial_gradient_000046,test_ood,test_ood/spatial_gradient_000046.npz,175,True,spatial_gradient
spatial_gradient_000047,test_ood,test_ood/spatial_gradient_000047.npz,232,True,spatial_gradient
spatial_gradient_000048,test_ood,test_ood/spatial_gradient_000048.npz,63,True,spatial_gradient
spatial_gradient_000049,test_ood,test_ood/spatial_gradient_000049.npz,262,True,spatial_gradient
spatial_gradient_000050,test_ood,test_ood/spatial_gradient_000050.npz,60,True,spatial_gradient
spatial_gradient_000051,test_ood,test_ood/spatial_gradient_000051.npz,431,True,spatial_gradient
spatial_gradient_000052,test_ood,test_ood/spatial_gradient_000052.npz,180,True,spatial_gradient
spatial_gradient_000053,test_ood,test_ood/spatial_gradient_000053.npz,60,True,spatial_gradient
spatial_gradient_000054,test_ood,test_ood/spatial_gradient_000054.npz,359,True,spatial_gradient
spatial_gradient_000055,test_ood,test_ood/spatial_gradient_000055.npz,255,True,spatial_gradient
spatial_gradient_000056,test_ood,test_ood/spatial_gradient_000056.npz,216,True,spatial_gradient
spatial_gradient_000057,test_ood,test_ood/spatial_gradient_000057.npz,85,True,spatial_gradient
spatial_gradient_000058,test_ood,test_ood/spatial_gradient_000058.npz,416,True,spatial_gradient
spatial_gradient_000059,test_ood,test_ood/spatial_gradient_000059.npz,158,True,spatial_gradient
spatial_gradient_000060,test_ood,test_ood/spatial_gradient_000060.npz,64,True,spatial_gradient
spatial_gradient_000061,test_ood,test_ood/spatial_gradient_000061.npz,64,True,spatial_gradient
spatial_gradient_000062,test_ood,test_ood/spatial_gradient_000062.npz,63,True,spatial_gradient
spatial_gradient_000063,test_ood,test_ood/spatial_gradient_000063.npz,121,True,spatial_gradient
spatial_gradient_000064,test_ood,test_ood/spatial_gradient_000064.npz,85,True,spatial_gradient
spatial_gradient_000065,test_ood,test_ood/spatial_gradient_000065.npz,120,True,spatial_gradient
spatial_gradient_000066,test_ood,test_ood/spatial_gradient_000066.npz,45,True,spatial_gradient
spatial_gradient_000067,test_ood,test_ood/spatial_gradient_000067.npz,232,True,spatial_gradient
spatial_gradient_000068,test_ood,test_ood/spatial_gradient_000068.npz,121,True,spatial_gradient
spatial_gradient_000069,test_ood,test_ood/spatial_gradient_000069.npz,304,True,spatial_gradient
spatial_gradient_000070,test_ood,test_ood/spatial_gradient_000070.npz,60,True,spatial_gradient
spatial_gradient_000071,test_ood,test_ood/spatial_gradient_000071.npz,359,True,spatial_gradient
spatial_gradient_000072,test_ood,test_ood/spatial_gradient_000072.npz,216,True,spatial_gradient
spatial_gradient_000073,test_ood,test_ood/spatial_gradient_000073.npz,40,True,spatial_gradient
spatial_gradient_000074,test_ood,test_ood/spatial_gradient_000074.npz,40,True,spatial_gradient
spatial_gradient_000075,test_ood,test_ood/spatial_gradient_000075.npz,91,True,spatial_gradient
spatial_gradient_000076,test_ood,test_ood/spatial_gradient_000076.npz,259,True,spatial_gradient
spatial_gradient_000077,test_ood,test_ood/spatial_gradient_000077.npz,59,True,spatial_gradient
spatial_gradient_000078,test_ood,test_ood/spatial_gradient_000078.npz,232,True,spatial_gradient
spatial_gradient_000079,test_ood,test_ood/spatial_gradient_000079.npz,41,True,spatial_gradient
spatial_gradient_000080,test_ood,test_ood/spatial_gradient_000080.npz,121,True,spatial_gradient
spatial_gradient_000081,test_ood,test_ood/spatial_gradient_000081.npz,262,True,spatial_gradient
spatial_gradient_000082,test_ood,test_ood/spatial_gradient_000082.npz,116,True,spatial_gradient
spatial_gradient_000083,test_ood,test_ood/spatial_gradient_000083.npz,320,True,spatial_gradient
spatial_gradient_000084,test_ood,test_ood/spatial_gradient_000084.npz,432,True,spatial_gradient
spatial_gradient_000085,test_ood,test_ood/spatial_gradient_000085.npz,120,True,spatial_gradient
spatial_gradient_000086,test_ood,test_ood/spatial_gradient_000086.npz,116,True,spatial_gradient
spatial_gradient_000087,test_ood,test_ood/spatial_gradient_000087.npz,421,True,spatial_gradient
spatial_gradient_000088,test_ood,test_ood/spatial_gradient_000088.npz,41,True,spatial_gradient
spatial_gradient_000089,test_ood,test_ood/spatial_gradient_000089.npz,175,True,spatial_gradient
spatial_gradient_000090,test_ood,test_ood/spatial_gradient_000090.npz,418,True,spatial_gradient
spatial_gradient_000091,test_ood,test_ood/spatial_gradient_000091.npz,121,True,spatial_gradient
spatial_gradient_000092,test_ood,test_ood/spatial_gradient_000092.npz,332,True,spatial_gradient
spatial_gradient_000093,test_ood,test_ood/spatial_gradient_000093.npz,45,True,spatial_gradient
spatial_gradient_000094,test_ood,test_ood/spatial_gradient_000094.npz,359,True,spatial_gradient
spatial_gradient_000095,test_ood,test_ood/spatial_gradient_000095.npz,182,True,spatial_gradient
spatial_gradient_000096,test_ood,test_ood/spatial_gradient_000096.npz,262,True,spatial_gradient
spatial_gradient_000097,test_ood,test_ood/spatial_gradient_000097.npz,476,True,spatial_gradient
spatial_gradient_000098,test_ood,test_ood/spatial_gradient_000098.npz,63,True,spatial_gradient
spatial_gradient_000099,test_ood,test_ood/spatial_gradient_000099.npz,63,True,spatial_gradient
spatial_gradient_000100,test_ood,test_ood/spatial_gradient_000100.npz,421,True,spatial_gradient
spatial_gradient_000101,test_ood,test_ood/spatial_gradient_000101.npz,490,True,spatial_gradient
spatial_gradient_000102,test_ood,test_ood/spatial_gradient_000102.npz,366,True,spatial_gradient
spatial_gradient_000103,test_ood,test_ood/spatial_gradient_000103.npz,474,True,spatial_gradient
spatial_gradient_000104,test_ood,test_ood/spatial_gradient_000104.npz,180,True,spatial_gradient
spatial_gradient_000105,test_ood,test_ood/spatial_gradient_000105.npz,64,True,spatial_gradient
spatial_gradient_000106,test_ood,test_ood/spatial_gradient_000106.npz,320,True,spatial_gradient
spatial_gradient_000107,test_ood,test_ood/spatial_gradient_000107.npz,60,True,spatial_gradient
spatial_gradient_000108,test_ood,test_ood/spatial_gradient_000108.npz,40,True,spatial_gradient
spatial_gradient_000109,test_ood,test_ood/spatial_gradient_000109.npz,41,True,spatial_gradient
spatial_gradient_000110,test_ood,test_ood/spatial_gradient_000110.npz,120,True,spatial_gradient
spatial_gradient_000111,test_ood,test_ood/spatial_gradient_000111.npz,432,True,spatial_gradient
spatial_gradient_000112,test_ood,test_ood/spatial_gradient_000112.npz,60,True,spatial_gradient
spatial_gradient_000113,test_ood,test_ood/spatial_gradient_000113.npz,261,True,spatial_gradient
spatial_gradient_000114,test_ood,test_ood/spatial_gradient_000114.npz,85,True,spatial_gradient
spatial_gradient_000115,test_ood,test_ood/spatial_gradient_000115.npz,304,True,spatial_gradient
spatial_gradient_000116,test_ood,test_ood/spatial_gradient_000116.npz,85,True,spatial_gradient
spatial_gradient_000117,test_ood,test_ood/spatial_gradient_000117.npz,471,True,spatial_gradient
spatial_gradient_000118,test_ood,test_ood/spatial_gradient_000118.npz,173,True,spatial_gradient
spatial_gradient_000119,test_ood,test_ood/spatial_gradient_000119.npz,85,True,spatial_gradient
spatial_gradient_000120,test_ood,test_ood/spatial_gradient_000120.npz,91,True,spatial_gradient
spatial_gradient_000121,test_ood,test_ood/spatial_gradient_000121.npz,91,True,spatial_gradient
spatial_gradient_000122,test_ood,test_ood/spatial_gradient_000122.npz,116,True,spatial_gradient
spatial_gradient_000123,test_ood,test_ood/spatial_gradient_000123.npz,368,True,spatial_gradient
spatial_gradient_000124,test_ood,test_ood/spatial_gradient_000124.npz,150,True,spatial_gradient
spatial_gradient_000125,test_ood,test_ood/spatial_gradient_000125.npz,85,True,spatial_gradient
spatial_gradient_000126,test_ood,test_ood/spatial_gradient_000126.npz,367,True,spatial_gradient
spatial_gradient_000127,test_ood,test_ood/spatial_gradient_000127.npz,359,True,spatial_gradient
spatial_gradient_000128,test_ood,test_ood/spatial_gradient_000128.npz,41,True,spatial_gradient
spatial_gradient_000129,test_ood,test_ood/spatial_gradient_000129.npz,85,True,spatial_gradient
spatial_gradient_000130,test_ood,test_ood/spatial_gradient_000130.npz,120,True,spatial_gradient
spatial_gradient_000131,test_ood,test_ood/spatial_gradient_000131.npz,85,True,spatial_gradient
spatial_gradient_000132,test_ood,test_ood/spatial_gradient_000132.npz,276,True,spatial_gradient
spatial_gradient_000133,test_ood,test_ood/spatial_gradient_000133.npz,40,True,spatial_gradient
spatial_gradient_000134,test_ood,test_ood/spatial_gradient_000134.npz,160,True,spatial_gradient
spatial_gradient_000135,test_ood,test_ood/spatial_gradient_000135.npz,41,True,spatial_gradient
spatial_gradient_000136,test_ood,test_ood/spatial_gradient_000136.npz,182,True,spatial_gradient
spatial_gradient_000137,test_ood,test_ood/spatial_gradient_000137.npz,216,True,spatial_gradient
spatial_gradient_000138,test_ood,test_ood/spatial_gradient_000138.npz,45,True,spatial_gradient
spatial_gradient_000139,test_ood,test_ood/spatial_gradient_000139.npz,60,True,spatial_gradient
spatial_gradient_000140,test_ood,test_ood/spatial_gradient_000140.npz,180,True,spatial_gradient
spatial_gradient_000141,test_ood,test_ood/spatial_gradient_000141.npz,149,True,spatial_gradient
spatial_gradient_000142,test_ood,test_ood/spatial_gradient_000142.npz,149,True,spatial_gradient
spatial_gradient_000143,test_ood,test_ood/spatial_gradient_000143.npz,216,True,spatial_gradient
spatial_gradient_000144,test_ood,test_ood/spatial_gradient_000144.npz,138,True,spatial_gradient
spatial_gradient_000145,test_ood,test_ood/spatial_gradient_000145.npz,138,True,spatial_gradient
spatial_gradient_000146,test_ood,test_ood/spatial_gradient_000146.npz,320,True,spatial_gradient
spatial_gradient_000147,test_ood,test_ood/spatial_gradient_000147.npz,63,True,spatial_gradient
spatial_gradient_000148,test_ood,test_ood/spatial_gradient_000148.npz,85,True,spatial_gradient
spatial_gradient_000149,test_ood,test_ood/spatial_gradient_000149.npz,60,True,spatial_gradient
spatial_gradient_000150,test_ood,test_ood/spatial_gradient_000150.npz,85,True,spatial_gradient
spatial_gradient_000151,test_ood,test_ood/spatial_gradient_000151.npz,490,True,spatial_gradient
spatial_gradient_000152,test_ood,test_ood/spatial_gradient_000152.npz,116,True,spatial_gradient
spatial_gradient_000153,test_ood,test_ood/spatial_gradient_000153.npz,232,True,spatial_gradient
spatial_gradient_000154,test_ood,test_ood/spatial_gradient_000154.npz,261,True,spatial_gradient
spatial_gradient_000155,test_ood,test_ood/spatial_gradient_000155.npz,116,True,spatial_gradient
spatial_gradient_000156,test_ood,test_ood/spatial_gradient_000156.npz,150,True,spatial_gradient
spatial_gradient_000157,test_ood,test_ood/spatial_gradient_000157.npz,260,True,spatial_gradient
spatial_gradient_000158,test_ood,test_ood/spatial_gradient_000158.npz,60,True,spatial_gradient
spatial_gradient_000159,test_ood,test_ood/spatial_gradient_000159.npz,216,True,spatial_gradient
spatial_gradient_000160,test_ood,test_ood/spatial_gradient_000160.npz,85,True,spatial_gradient
spatial_gradient_000161,test_ood,test_ood/spatial_gradient_000161.npz,85,True,spatial_gradient
spatial_gradient_000162,test_ood,test_ood/spatial_gradient_000162.npz,173,True,spatial_gradient
spatial_gradient_000163,test_ood,test_ood/spatial_gradient_000163.npz,359,True,spatial_gradient
spatial_gradient_000164,test_ood,test_ood/spatial_gradient_000164.npz,116,True,spatial_gradient
spatial_gradient_000165,test_ood,test_ood/spatial_gradient_000165.npz,175,True,spatial_gradient
spatial_gradient_000166,test_ood,test_ood/spatial_gradient_000166.npz,366,True,spatial_gradient
spatial_gradient_000167,test_ood,test_ood/spatial_gradient_000167.npz,368,True,spatial_gradient
spatial_gradient_000168,test_ood,test_ood/spatial_gradient_000168.npz,173,True,spatial_gradient
spatial_gradient_000169,test_ood,test_ood/spatial_gradient_000169.npz,232,True,spatial_gradient
spatial_gradient_000170,test_ood,test_ood/spatial_gradient_000170.npz,63,True,spatial_gradient
spatial_gradient_000171,test_ood,test_ood/spatial_gradient_000171.npz,332,True,spatial_gradient
spatial_gradient_000172,test_ood,test_ood/spatial_gradient_000172.npz,63,True,spatial_gradient
spatial_gradient_000173,test_ood,test_ood/spatial_gradient_000173.npz,262,True,spatial_gradient
spatial_gradient_000174,test_ood,test_ood/spatial_gradient_000174.npz,91,True,spatial_gradient
spatial_gradient_000175,test_ood,test_ood/spatial_gradient_000175.npz,116,True,spatial_gradient
spatial_gradient_000176,test_ood,test_ood/spatial_gradient_000176.npz,120,True,spatial_gradient
spatial_gradient_000177,test_ood,test_ood/spatial_gradient_000177.npz,45,True,spatial_gradient
spatial_gradient_000178,test_ood,test_ood/spatial_gradient_000178.npz,216,True,spatial_gradient
spatial_gradient_000179,test_ood,test_ood/spatial_gradient_000179.npz,63,True,spatial_gradient
spatial_gradient_000180,test_ood,test_ood/spatial_gradient_000180.npz,421,True,spatial_gradient
spatial_gradient_000181,test_ood,test_ood/spatial_gradient_000181.npz,116,True,spatial_gradient
spatial_gradient_000182,test_ood,test_ood/spatial_gradient_000182.npz,182,True,spatial_gradient
spatial_gradient_000183,test_ood,test_ood/spatial_gradient_000183.npz,477,True,spatial_gradient
spatial_gradient_000184,test_ood,test_ood/spatial_gradient_000184.npz,366,True,spatial_gradient
spatial_gradient_000185,test_ood,test_ood/spatial_gradient_000185.npz,92,True,spatial_gradient
spatial_gradient_000186,test_ood,test_ood/spatial_gradient_000186.npz,85,True,spatial_gradient
spatial_gradient_000187,test_ood,test_ood/spatial_gradient_000187.npz,318,True,spatial_gradient
spatial_gradient_000188,test_ood,test_ood/spatial_gradient_000188.npz,109,True,spatial_gradient
spatial_gradient_000189,test_ood,test_ood/spatial_gradient_000189.npz,182,True,spatial_gradient
spatial_gradient_000190,test_ood,test_ood/spatial_gradient_000190.npz,421,True,spatial_gradient
spatial_gradient_000191,test_ood,test_ood/spatial_gradient_000191.npz,418,True,spatial_gradient
spatial_gradient_000192,test_ood,test_ood/spatial_gradient_000192.npz,232,True,spatial_gradient
spatial_gradient_000193,test_ood,test_ood/spatial_gradient_000193.npz,216,True,spatial_gradient
spatial_gradient_000194,test_ood,test_ood/spatial_gradient_000194.npz,183,True,spatial_gradient
spatial_gradient_000195,test_ood,test_ood/spatial_gradient_000195.npz,320,True,spatial_gradient
spatial_gradient_000196,test_ood,test_ood/spatial_gradient_000196.npz,261,True,spatial_gradient
spatial_gradient_000197,test_ood,test_ood/spatial_gradient_000197.npz,304,True,spatial_gradient
spatial_gradient_000198,test_ood,test_ood/spatial_gradient_000198.npz,276,True,spatial_gradient
spatial_gradient_000199,test_ood,test_ood/spatial_gradient_000199.npz,304,True,spatial_gradient
spatial_gradient_000200,test_ood,test_ood/spatial_gradient_000200.npz,60,True,spatial_gradient
spatial_gradient_000201,test_ood,test_ood/spatial_gradient_000201.npz,116,True,spatial_gradient
spatial_gradient_000202,test_ood,test_ood/spatial_gradient_000202.npz,41,True,spatial_gradient
spatial_gradient_000203,test_ood,test_ood/spatial_gradient_000203.npz,116,True,spatial_gradient
spatial_gradient_000204,test_ood,test_ood/spatial_gradient_000204.npz,262,True,spatial_gradient
spatial_gradient_000205,test_ood,test_ood/spatial_gradient_000205.npz,45,True,spatial_gradient
spatial_gradient_000206,test_ood,test_ood/spatial_gradient_000206.npz,182,True,spatial_gradient
spatial_gradient_000207,test_ood,test_ood/spatial_gradient_000207.npz,216,True,spatial_gradient
spatial_gradient_000208,test_ood,test_ood/spatial_gradient_000208.npz,45,True,spatial_gradient
spatial_gradient_000209,test_ood,test_ood/spatial_gradient_000209.npz,91,True,spatial_gradient
spatial_gradient_000210,test_ood,test_ood/spatial_gradient_000210.npz,474,True,spatial_gradient
spatial_gradient_000211,test_ood,test_ood/spatial_gradient_000211.npz,366,True,spatial_gradient
spatial_gradient_000212,test_ood,test_ood/spatial_gradient_000212.npz,91,True,spatial_gradient
spatial_gradient_000213,test_ood,test_ood/spatial_gradient_000213.npz,85,True,spatial_gradient
spatial_gradient_000214,test_ood,test_ood/spatial_gradient_000214.npz,415,True,spatial_gradient
spatial_gradient_000215,test_ood,test_ood/spatial_gradient_000215.npz,109,True,spatial_gradient
spatial_gradient_000216,test_ood,test_ood/spatial_gradient_000216.npz,85,True,spatial_gradient
spatial_gradient_000217,test_ood,test_ood/spatial_gradient_000217.npz,216,True,spatial_gradient
spatial_gradient_000218,test_ood,test_ood/spatial_gradient_000218.npz,175,True,spatial_gradient
spatial_gradient_000219,test_ood,test_ood/spatial_gradient_000219.npz,262,True,spatial_gradient
spatial_gradient_000220,test_ood,test_ood/spatial_gradient_000220.npz,45,True,spatial_gradient
spatial_gradient_000221,test_ood,test_ood/spatial_gradient_000221.npz,461,True,spatial_gradient
spatial_gradient_000222,test_ood,test_ood/spatial_gradient_000222.npz,304,True,spatial_gradient
spatial_gradient_000223,test_ood,test_ood/spatial_gradient_000223.npz,320,True,spatial_gradient
spatial_gradient_000224,test_ood,test_ood/spatial_gradient_000224.npz,149,True,spatial_gradient
spatial_gradient_000225,test_ood,test_ood/spatial_gradient_000225.npz,490,True,spatial_gradient
spatial_gradient_000226,test_ood,test_ood/spatial_gradient_000226.npz,116,True,spatial_gradient
spatial_gradient_000227,test_ood,test_ood/spatial_gradient_000227.npz,359,True,spatial_gradient
spatial_gradient_000228,test_ood,test_ood/spatial_gradient_000228.npz,63,True,spatial_gradient
spatial_gradient_000229,test_ood,test_ood/spatial_gradient_000229.npz,120,True,spatial_gradient
spatial_gradient_000230,test_ood,test_ood/spatial_gradient_000230.npz,232,True,spatial_gradient
spatial_gradient_000231,test_ood,test_ood/spatial_gradient_000231.npz,216,True,spatial_gradient
spatial_gradient_000232,test_ood,test_ood/spatial_gradient_000232.npz,320,True,spatial_gradient
spatial_gradient_000233,test_ood,test_ood/spatial_gradient_000233.npz,40,True,spatial_gradient
spatial_gradient_000234,test_ood,test_ood/spatial_gradient_000234.npz,319,True,spatial_gradient
spatial_gradient_000235,test_ood,test_ood/spatial_gradient_000235.npz,40,True,spatial_gradient
spatial_gradient_000236,test_ood,test_ood/spatial_gradient_000236.npz,262,True,spatial_gradient
spatial_gradient_000237,test_ood,test_ood/spatial_gradient_000237.npz,150,True,spatial_gradient
spatial_gradient_000238,test_ood,test_ood/spatial_gradient_000238.npz,183,True,spatial_gradient
spatial_gradient_000239,test_ood,test_ood/spatial_gradient_000239.npz,116,True,spatial_gradient
spatial_gradient_000240,test_ood,test_ood/spatial_gradient_000240.npz,62,True,spatial_gradient
spatial_gradient_000241,test_ood,test_ood/spatial_gradient_000241.npz,41,True,spatial_gradient
spatial_gradient_000242,test_ood,test_ood/spatial_gradient_000242.npz,121,True,spatial_gradient
spatial_gradient_000243,test_ood,test_ood/spatial_gradient_000243.npz,160,True,spatial_gradient
spatial_gradient_000244,test_ood,test_ood/spatial_gradient_000244.npz,91,True,spatial_gradient
spatial_gradient_000245,test_ood,test_ood/spatial_gradient_000245.npz,366,True,spatial_gradient
spatial_gradient_000246,test_ood,test_ood/spatial_gradient_000246.npz,416,True,spatial_gradient
spatial_gradient_000247,test_ood,test_ood/spatial_gradient_000247.npz,138,True,spatial_gradient
spatial_gradient_000248,test_ood,test_ood/spatial_gradient_000248.npz,416,True,spatial_gradient
spatial_gradient_000249,test_ood,test_ood/spatial_gradient_000249.npz,416,True,spatial_gradient
spatial_gradient_000250,test_ood,test_ood/spatial_gradient_000250.npz,118,True,spatial_gradient
spatial_gradient_000251,test_ood,test_ood/spatial_gradient_000251.npz,158,True,spatial_gradient
spatial_gradient_000252,test_ood,test_ood/spatial_gradient_000252.npz,401,True,spatial_gradient
spatial_gradient_000253,test_ood,test_ood/spatial_gradient_000253.npz,64,True,spatial_gradient
spatial_gradient_000254,test_ood,test_ood/spatial_gradient_000254.npz,357,True,spatial_gradient
spatial_gradient_000255,test_ood,test_ood/spatial_gradient_000255.npz,45,True,spatial_gradient
spatial_gradient_000256,test_ood,test_ood/spatial_gradient_000256.npz,91,True,spatial_gradient
spatial_gradient_000257,test_ood,test_ood/spatial_gradient_000257.npz,41,True,spatial_gradient
spatial_gradient_000258,test_ood,test_ood/spatial_gradient_000258.npz,63,True,spatial_gradient
spatial_gradient_000259,test_ood,test_ood/spatial_gradient_000259.npz,138,True,spatial_gradient
spatial_gradient_000260,test_ood,test_ood/spatial_gradient_000260.npz,85,True,spatial_gradient
spatial_gradient_000261,test_ood,test_ood/spatial_gradient_000261.npz,216,True,spatial_gradient
spatial_gradient_000262,test_ood,test_ood/spatial_gradient_000262.npz,85,True,spatial_gradient
spatial_gradient_000263,test_ood,test_ood/spatial_gradient_000263.npz,92,True,spatial_gradient
spatial_gradient_000264,test_ood,test_ood/spatial_gradient_000264.npz,160,True,spatial_gradient
spatial_gradient_000265,test_ood,test_ood/spatial_gradient_000265.npz,416,True,spatial_gradient
spatial_gradient_000266,test_ood,test_ood/spatial_gradient_000266.npz,85,True,spatial_gradient
spatial_gradient_000267,test_ood,test_ood/spatial_gradient_000267.npz,91,True,spatial_gradient
spatial_gradient_000268,test_ood,test_ood/spatial_gradient_000268.npz,149,True,spatial_gradient
spatial_gradient_000269,test_ood,test_ood/spatial_gradient_000269.npz,193,True,spatial_gradient
spatial_gradient_000270,test_ood,test_ood/spatial_gradient_000270.npz,359,True,spatial_gradient
spatial_gradient_000271,test_ood,test_ood/spatial_gradient_000271.npz,63,True,spatial_gradient
spatial_gradient_000272,test_ood,test_ood/spatial_gradient_000272.npz,64,True,spatial_gradient
spatial_gradient_000273,test_ood,test_ood/spatial_gradient_000273.npz,158,True,spatial_gradient
spatial_gradient_000274,test_ood,test_ood/spatial_gradient_000274.npz,116,True,spatial_gradient
spatial_gradient_000275,test_ood,test_ood/spatial_gradient_000275.npz,138,True,spatial_gradient
spatial_gradient_000276,test_ood,test_ood/spatial_gradient_000276.npz,477,True,spatial_gradient
spatial_gradient_000277,test_ood,test_ood/spatial_gradient_000277.npz,121,True,spatial_gradient
spatial_gradient_000278,test_ood,test_ood/spatial_gradient_000278.npz,59,True,spatial_gradient
spatial_gradient_000279,test_ood,test_ood/spatial_gradient_000279.npz,138,True,spatial_gradient
spatial_gradient_000280,test_ood,test_ood/spatial_gradient_000280.npz,182,True,spatial_gradient
spatial_gradient_000281,test_ood,test_ood/spatial_gradient_000281.npz,150,True,spatial_gradient
spatial_gradient_000282,test_ood,test_ood/spatial_gradient_000282.npz,64,True,spatial_gradient
spatial_gradient_000283,test_ood,test_ood/spatial_gradient_000283.npz,120,True,spatial_gradient
spatial_gradient_000284,test_ood,test_ood/spatial_gradient_000284.npz,276,True,spatial_gradient
spatial_gradient_000285,test_ood,test_ood/spatial_gradient_000285.npz,304,True,spatial_gradient
spatial_gradient_000286,test_ood,test_ood/spatial_gradient_000286.npz,460,True,spatial_gradient
spatial_gradient_000287,test_ood,test_ood/spatial_gradient_000287.npz,85,True,spatial_gradient
spatial_gradient_000288,test_ood,test_ood/spatial_gradient_000288.npz,121,True,spatial_gradient
spatial_gradient_000289,test_ood,test_ood/spatial_gradient_000289.npz,149,True,spatial_gradient
spatial_gradient_000290,test_ood,test_ood/spatial_gradient_000290.npz,64,True,spatial_gradient
spatial_gradient_000291,test_ood,test_ood/spatial_gradient_000291.npz,138,True,spatial_gradient
spatial_gradient_000292,test_ood,test_ood/spatial_gradient_000292.npz,304,True,spatial_gradient
spatial_gradient_000293,test_ood,test_ood/spatial_gradient_000293.npz,366,True,spatial_gradient
spatial_gradient_000294,test_ood,test_ood/spatial_gradient_000294.npz,433,True,spatial_gradient
spatial_gradient_000295,test_ood,test_ood/spatial_gradient_000295.npz,471,True,spatial_gradient
spatial_gradient_000296,test_ood,test_ood/spatial_gradient_000296.npz,332,True,spatial_gradient
spatial_gradient_000297,test_ood,test_ood/spatial_gradient_000297.npz,91,True,spatial_gradient
spatial_gradient_000298,test_ood,test_ood/spatial_gradient_000298.npz,85,True,spatial_gradient
spatial_gradient_000299,test_ood,test_ood/spatial_gradient_000299.npz,41,True,spatial_gradient
spatial_gradient_000300,test_ood,test_ood/spatial_gradient_000300.npz,216,True,spatial_gradient
spatial_gradient_000301,test_ood,test_ood/spatial_gradient_000301.npz,477,True,spatial_gradient
spatial_gradient_000302,test_ood,test_ood/spatial_gradient_000302.npz,45,True,spatial_gradient
spatial_gradient_000303,test_ood,test_ood/spatial_gradient_000303.npz,150,True,spatial_gradient
spatial_gradient_000304,test_ood,test_ood/spatial_gradient_000304.npz,63,True,spatial_gradient
spatial_gradient_000305,test_ood,test_ood/spatial_gradient_000305.npz,121,True,spatial_gradient
spatial_gradient_000306,test_ood,test_ood/spatial_gradient_000306.npz,63,True,spatial_gradient
spatial_gradient_000307,test_ood,test_ood/spatial_gradient_000307.npz,432,True,spatial_gradient
spatial_gradient_000308,test_ood,test_ood/spatial_gradient_000308.npz,41,True,spatial_gradient
spatial_gradient_000309,test_ood,test_ood/spatial_gradient_000309.npz,92,True,spatial_gradient
spatial_gradient_000310,test_ood,test_ood/spatial_gradient_000310.npz,116,True,spatial_gradient
spatial_gradient_000311,test_ood,test_ood/spatial_gradient_000311.npz,45,True,spatial_gradient
spatial_gradient_000312,test_ood,test_ood/spatial_gradient_000312.npz,232,True,spatial_gradient
spatial_gradient_000313,test_ood,test_ood/spatial_gradient_000313.npz,150,True,spatial_gradient
spatial_gradient_000314,test_ood,test_ood/spatial_gradient_000314.npz,320,True,spatial_gradient
spatial_gradient_000315,test_ood,test_ood/spatial_gradient_000315.npz,471,True,spatial_gradient
spatial_gradient_000316,test_ood,test_ood/spatial_gradient_000316.npz,45,True,spatial_gradient
spatial_gradient_000317,test_ood,test_ood/spatial_gradient_000317.npz,149,True,spatial_gradient
spatial_gradient_000318,test_ood,test_ood/spatial_gradient_000318.npz,91,True,spatial_gradient
spatial_gradient_000319,test_ood,test_ood/spatial_gradient_000319.npz,85,True,spatial_gradient
spatial_gradient_000320,test_ood,test_ood/spatial_gradient_000320.npz,262,True,spatial_gradient
spatial_gradient_000321,test_ood,test_ood/spatial_gradient_000321.npz,176,True,spatial_gradient
spatial_gradient_000322,test_ood,test_ood/spatial_gradient_000322.npz,64,True,spatial_gradient
spatial_gradient_000323,test_ood,test_ood/spatial_gradient_000323.npz,305,True,spatial_gradient
spatial_gradient_000324,test_ood,test_ood/spatial_gradient_000324.npz,320,True,spatial_gradient
spatial_gradient_000325,test_ood,test_ood/spatial_gradient_000325.npz,91,True,spatial_gradient
spatial_gradient_000326,test_ood,test_ood/spatial_gradient_000326.npz,60,True,spatial_gradient
spatial_gradient_000327,test_ood,test_ood/spatial_gradient_000327.npz,415,True,spatial_gradient
spatial_gradient_000328,test_ood,test_ood/spatial_gradient_000328.npz,41,True,spatial_gradient
spatial_gradient_000329,test_ood,test_ood/spatial_gradient_000329.npz,118,True,spatial_gradient
spatial_gradient_000330,test_ood,test_ood/spatial_gradient_000330.npz,471,True,spatial_gradient
spatial_gradient_000331,test_ood,test_ood/spatial_gradient_000331.npz,490,True,spatial_gradient
spatial_gradient_000332,test_ood,test_ood/spatial_gradient_000332.npz,85,True,spatial_gradient
spatial_gradient_000333,test_ood,test_ood/spatial_gradient_000333.npz,320,True,spatial_gradient
spatial_gradient_000334,test_ood,test_ood/spatial_gradient_000334.npz,275,True,spatial_gradient
spatial_gradient_000335,test_ood,test_ood/spatial_gradient_000335.npz,60,True,spatial_gradient
spatial_gradient_000336,test_ood,test_ood/spatial_gradient_000336.npz,91,True,spatial_gradient
spatial_gradient_000337,test_ood,test_ood/spatial_gradient_000337.npz,320,True,spatial_gradient
spatial_gradient_000338,test_ood,test_ood/spatial_gradient_000338.npz,60,True,spatial_gradient
spatial_gradient_000339,test_ood,test_ood/spatial_gradient_000339.npz,433,True,spatial_gradient
spatial_gradient_000340,test_ood,test_ood/spatial_gradient_000340.npz,182,True,spatial_gradient
spatial_gradient_000341,test_ood,test_ood/spatial_gradient_000341.npz,91,True,spatial_gradient
spatial_gradient_000342,test_ood,test_ood/spatial_gradient_000342.npz,59,True,spatial_gradient
spatial_gradient_000343,test_ood,test_ood/spatial_gradient_000343.npz,85,True,spatial_gradient
spatial_gradient_000344,test_ood,test_ood/spatial_gradient_000344.npz,59,True,spatial_gradient
spatial_gradient_000345,test_ood,test_ood/spatial_gradient_000345.npz,490,True,spatial_gradient
spatial_gradient_000346,test_ood,test_ood/spatial_gradient_000346.npz,41,True,spatial_gradient
spatial_gradient_000347,test_ood,test_ood/spatial_gradient_000347.npz,63,True,spatial_gradient
spatial_gradient_000348,test_ood,test_ood/spatial_gradient_000348.npz,41,True,spatial_gradient
spatial_gradient_000349,test_ood,test_ood/spatial_gradient_000349.npz,60,True,spatial_gradient
spatial_gradient_000350,test_ood,test_ood/spatial_gradient_000350.npz,109,True,spatial_gradient
spatial_gradient_000351,test_ood,test_ood/spatial_gradient_000351.npz,216,True,spatial_gradient
spatial_gradient_000352,test_ood,test_ood/spatial_gradient_000352.npz,149,True,spatial_gradient
spatial_gradient_000353,test_ood,test_ood/spatial_gradient_000353.npz,180,True,spatial_gradient
spatial_gradient_000354,test_ood,test_ood/spatial_gradient_000354.npz,40,True,spatial_gradient
spatial_gradient_000355,test_ood,test_ood/spatial_gradient_000355.npz,175,True,spatial_gradient
spatial_gradient_000356,test_ood,test_ood/spatial_gradient_000356.npz,432,True,spatial_gradient
spatial_gradient_000357,test_ood,test_ood/spatial_gradient_000357.npz,138,True,spatial_gradient
spatial_gradient_000358,test_ood,test_ood/spatial_gradient_000358.npz,63,True,spatial_gradient
spatial_gradient_000359,test_ood,test_ood/spatial_gradient_000359.npz,477,True,spatial_gradient
spatial_gradient_000360,test_ood,test_ood/spatial_gradient_000360.npz,64,True,spatial_gradient
spatial_gradient_000361,test_ood,test_ood/spatial_gradient_000361.npz,305,True,spatial_gradient
spatial_gradient_000362,test_ood,test_ood/spatial_gradient_000362.npz,232,True,spatial_gradient
spatial_gradient_000363,test_ood,test_ood/spatial_gradient_000363.npz,432,True,spatial_gradient
spatial_gradient_000364,test_ood,test_ood/spatial_gradient_000364.npz,276,True,spatial_gradient
spatial_gradient_000365,test_ood,test_ood/spatial_gradient_000365.npz,41,True,spatial_gradient
spatial_gradient_000366,test_ood,test_ood/spatial_gradient_000366.npz,60,True,spatial_gradient
spatial_gradient_000367,test_ood,test_ood/spatial_gradient_000367.npz,216,True,spatial_gradient
spatial_gradient_000368,test_ood,test_ood/spatial_gradient_000368.npz,116,True,spatial_gradient
spatial_gradient_000369,test_ood,test_ood/spatial_gradient_000369.npz,85,True,spatial_gradient
spatial_gradient_000370,test_ood,test_ood/spatial_gradient_000370.npz,320,True,spatial_gradient
spatial_gradient_000371,test_ood,test_ood/spatial_gradient_000371.npz,255,True,spatial_gradient
spatial_gradient_000372,test_ood,test_ood/spatial_gradient_000372.npz,116,True,spatial_gradient
spatial_gradient_000373,test_ood,test_ood/spatial_gradient_000373.npz,138,True,spatial_gradient
spatial_gradient_000374,test_ood,test_ood/spatial_gradient_000374.npz,41,True,spatial_gradient
spatial_gradient_000375,test_ood,test_ood/spatial_gradient_000375.npz,41,True,spatial_gradient
spatial_gradient_000376,test_ood,test_ood/spatial_gradient_000376.npz,418,True,spatial_gradient
spatial_gradient_000377,test_ood,test_ood/spatial_gradient_000377.npz,40,True,spatial_gradient
spatial_gradient_000378,test_ood,test_ood/spatial_gradient_000378.npz,63,True,spatial_gradient
spatial_gradient_000379,test_ood,test_ood/spatial_gradient_000379.npz,121,True,spatial_gradient
spatial_gradient_000380,test_ood,test_ood/spatial_gradient_000380.npz,232,True,spatial_gradient
spatial_gradient_000381,test_ood,test_ood/spatial_gradient_000381.npz,150,True,spatial_gradient
spatial_gradient_000382,test_ood,test_ood/spatial_gradient_000382.npz,92,True,spatial_gradient
spatial_gradient_000383,test_ood,test_ood/spatial_gradient_000383.npz,40,True,spatial_gradient
spatial_gradient_000384,test_ood,test_ood/spatial_gradient_000384.npz,158,True,spatial_gradient
spatial_gradient_000385,test_ood,test_ood/spatial_gradient_000385.npz,367,True,spatial_gradient
spatial_gradient_000386,test_ood,test_ood/spatial_gradient_000386.npz,262,True,spatial_gradient
spatial_gradient_000387,test_ood,test_ood/spatial_gradient_000387.npz,261,True,spatial_gradient
spatial_gradient_000388,test_ood,test_ood/spatial_gradient_000388.npz,60,True,spatial_gradient
spatial_gradient_000389,test_ood,test_ood/spatial_gradient_000389.npz,60,True,spatial_gradient
spatial_gradient_000390,test_ood,test_ood/spatial_gradient_000390.npz,109,True,spatial_gradient
spatial_gradient_000391,test_ood,test_ood/spatial_gradient_000391.npz,177,True,spatial_gradient
spatial_gradient_000392,test_ood,test_ood/spatial_gradient_000392.npz,180,True,spatial_gradient
spatial_gradient_000393,test_ood,test_ood/spatial_gradient_000393.npz,63,True,spatial_gradient
spatial_gradient_000394,test_ood,test_ood/spatial_gradient_000394.npz,121,True,spatial_gradient
spatial_gradient_000395,test_ood,test_ood/spatial_gradient_000395.npz,176,True,spatial_gradient
spatial_gradient_000396,test_ood,test_ood/spatial_gradient_000396.npz,432,True,spatial_gradient
spatial_gradient_000397,test_ood,test_ood/spatial_gradient_000397.npz,177,True,spatial_gradient
spatial_gradient_000398,test_ood,test_ood/spatial_gradient_000398.npz,490,True,spatial_gradient
spatial_gradient_000399,test_ood,test_ood/spatial_gradient_000399.npz,473,True,spatial_gradient
spatial_gradient_000400,test_ood,test_ood/spatial_gradient_000400.npz,92,True,spatial_gradient
spatial_gradient_000401,test_ood,test_ood/spatial_gradient_000401.npz,160,True,spatial_gradient
spatial_gradient_000402,test_ood,test_ood/spatial_gradient_000402.npz,85,True,spatial_gradient
spatial_gradient_000403,test_ood,test_ood/spatial_gradient_000403.npz,116,True,spatial_gradient
spatial_gradient_000404,test_ood,test_ood/spatial_gradient_000404.npz,45,True,spatial_gradient
spatial_gradient_000405,test_ood,test_ood/spatial_gradient_000405.npz,432,True,spatial_gradient
spatial_gradient_000406,test_ood,test_ood/spatial_gradient_000406.npz,59,True,spatial_gradient
spatial_gradient_000407,test_ood,test_ood/spatial_gradient_000407.npz,138,True,spatial_gradient
spatial_gradient_000408,test_ood,test_ood/spatial_gradient_000408.npz,40,True,spatial_gradient
spatial_gradient_000409,test_ood,test_ood/spatial_gradient_000409.npz,85,True,spatial_gradient
spatial_gradient_000410,test_ood,test_ood/spatial_gradient_000410.npz,138,True,spatial_gradient
spatial_gradient_000411,test_ood,test_ood/spatial_gradient_000411.npz,150,True,spatial_gradient
spatial_gradient_000412,test_ood,test_ood/spatial_gradient_000412.npz,85,True,spatial_gradient
spatial_gradient_000413,test_ood,test_ood/spatial_gradient_000413.npz,262,True,spatial_gradient
spatial_gradient_000414,test_ood,test_ood/spatial_gradient_000414.npz,116,True,spatial_gradient
spatial_gradient_000415,test_ood,test_ood/spatial_gradient_000415.npz,41,True,spatial_gradient
spatial_gradient_000416,test_ood,test_ood/spatial_gradient_000416.npz,255,True,spatial_gradient
spatial_gradient_000417,test_ood,test_ood/spatial_gradient_000417.npz,261,True,spatial_gradient
spatial_gradient_000418,test_ood,test_ood/spatial_gradient_000418.npz,120,True,spatial_gradient
spatial_gradient_000419,test_ood,test_ood/spatial_gradient_000419.npz,180,True,spatial_gradient
spatial_gradient_000420,test_ood,test_ood/spatial_gradient_000420.npz,474,True,spatial_gradient
spatial_gradient_000421,test_ood,test_ood/spatial_gradient_000421.npz,150,True,spatial_gradient
spatial_gradient_000422,test_ood,test_ood/spatial_gradient_000422.npz,149,True,spatial_gradient
spatial_gradient_000423,test_ood,test_ood/spatial_gradient_000423.npz,149,True,spatial_gradient
spatial_gradient_000424,test_ood,test_ood/spatial_gradient_000424.npz,92,True,spatial_gradient
spatial_gradient_000425,test_ood,test_ood/spatial_gradient_000425.npz,91,True,spatial_gradient
spatial_gradient_000426,test_ood,test_ood/spatial_gradient_000426.npz,160,True,spatial_gradient
spatial_gradient_000427,test_ood,test_ood/spatial_gradient_000427.npz,359,True,spatial_gradient
spatial_gradient_000428,test_ood,test_ood/spatial_gradient_000428.npz,64,True,spatial_gradient
spatial_gradient_000429,test_ood,test_ood/spatial_gradient_000429.npz,304,True,spatial_gradient
spatial_gradient_000430,test_ood,test_ood/spatial_gradient_000430.npz,260,True,spatial_gradient
spatial_gradient_000431,test_ood,test_ood/spatial_gradient_000431.npz,490,True,spatial_gradient
spatial_gradient_000432,test_ood,test_ood/spatial_gradient_000432.npz,63,True,spatial_gradient
spatial_gradient_000433,test_ood,test_ood/spatial_gradient_000433.npz,116,True,spatial_gradient
spatial_gradient_000434,test_ood,test_ood/spatial_gradient_000434.npz,150,True,spatial_gradient
spatial_gradient_000435,test_ood,test_ood/spatial_gradient_000435.npz,416,True,spatial_gradient
spatial_gradient_000436,test_ood,test_ood/spatial_gradient_000436.npz,421,True,spatial_gradient
spatial_gradient_000437,test_ood,test_ood/spatial_gradient_000437.npz,45,True,spatial_gradient
spatial_gradient_000438,test_ood,test_ood/spatial_gradient_000438.npz,366,True,spatial_gradient
spatial_gradient_000439,test_ood,test_ood/spatial_gradient_000439.npz,275,True,spatial_gradient
spatial_gradient_000440,test_ood,test_ood/spatial_gradient_000440.npz,85,True,spatial_gradient
spatial_gradient_000441,test_ood,test_ood/spatial_gradient_000441.npz,232,True,spatial_gradient
spatial_gradient_000442,test_ood,test_ood/spatial_gradient_000442.npz,476,True,spatial_gradient
spatial_gradient_000443,test_ood,test_ood/spatial_gradient_000443.npz,85,True,spatial_gradient
spatial_gradient_000444,test_ood,test_ood/spatial_gradient_000444.npz,85,True,spatial_gradient
spatial_gradient_000445,test_ood,test_ood/spatial_gradient_000445.npz,91,True,spatial_gradient
spatial_gradient_000446,test_ood,test_ood/spatial_gradient_000446.npz,332,True,spatial_gradient
spatial_gradient_000447,test_ood,test_ood/spatial_gradient_000447.npz,366,True,spatial_gradient
spatial_gradient_000448,test_ood,test_ood/spatial_gradient_000448.npz,92,True,spatial_gradient
spatial_gradient_000449,test_ood,test_ood/spatial_gradient_000449.npz,261,True,spatial_gradient
spatial_gradient_000450,test_ood,test_ood/spatial_gradient_000450.npz,174,True,spatial_gradient
spatial_gradient_000451,test_ood,test_ood/spatial_gradient_000451.npz,116,True,spatial_gradient
spatial_gradient_000452,test_ood,test_ood/spatial_gradient_000452.npz,368,True,spatial_gradient
spatial_gradient_000453,test_ood,test_ood/spatial_gradient_000453.npz,150,True,spatial_gradient
spatial_gradient_000454,test_ood,test_ood/spatial_gradient_000454.npz,320,True,spatial_gradient
spatial_gradient_000455,test_ood,test_ood/spatial_gradient_000455.npz,461,True,spatial_gradient
spatial_gradient_000456,test_ood,test_ood/spatial_gradient_000456.npz,418,True,spatial_gradient
spatial_gradient_000457,test_ood,test_ood/spatial_gradient_000457.npz,183,True,spatial_gradient
spatial_gradient_000458,test_ood,test_ood/spatial_gradient_000458.npz,92,True,spatial_gradient
spatial_gradient_000459,test_ood,test_ood/spatial_gradient_000459.npz,64,True,spatial_gradient
spatial_gradient_000460,test_ood,test_ood/spatial_gradient_000460.npz,91,True,spatial_gradient
spatial_gradient_000461,test_ood,test_ood/spatial_gradient_000461.npz,64,True,spatial_gradient
spatial_gradient_000462,test_ood,test_ood/spatial_gradient_000462.npz,45,True,spatial_gradient
spatial_gradient_000463,test_ood,test_ood/spatial_gradient_000463.npz,150,True,spatial_gradient
spatial_gradient_000464,test_ood,test_ood/spatial_gradient_000464.npz,173,True,spatial_gradient
spatial_gradient_000465,test_ood,test_ood/spatial_gradient_000465.npz,433,True,spatial_gradient
spatial_gradient_000466,test_ood,test_ood/spatial_gradient_000466.npz,121,True,spatial_gradient
spatial_gradient_000467,test_ood,test_ood/spatial_gradient_000467.npz,359,True,spatial_gradient
spatial_gradient_000468,test_ood,test_ood/spatial_gradient_000468.npz,216,True,spatial_gradient
spatial_gradient_000469,test_ood,test_ood/spatial_gradient_000469.npz,232,True,spatial_gradient
spatial_gradient_000470,test_ood,test_ood/spatial_gradient_000470.npz,421,True,spatial_gradient
spatial_gradient_000471,test_ood,test_ood/spatial_gradient_000471.npz,68,True,spatial_gradient
spatial_gradient_000472,test_ood,test_ood/spatial_gradient_000472.npz,91,True,spatial_gradient
spatial_gradient_000473,test_ood,test_ood/spatial_gradient_000473.npz,182,True,spatial_gradient
spatial_gradient_000474,test_ood,test_ood/spatial_gradient_000474.npz,262,True,spatial_gradient
spatial_gradient_000475,test_ood,test_ood/spatial_gradient_000475.npz,63,True,spatial_gradient
spatial_gradient_000476,test_ood,test_ood/spatial_gradient_000476.npz,320,True,spatial_gradient
spatial_gradient_000477,test_ood,test_ood/spatial_gradient_000477.npz,367,True,spatial_gradient
spatial_gradient_000478,test_ood,test_ood/spatial_gradient_000478.npz,276,True,spatial_gradient
spatial_gradient_000479,test_ood,test_ood/spatial_gradient_000479.npz,175,True,spatial_gradient
spatial_gradient_000480,test_ood,test_ood/spatial_gradient_000480.npz,64,True,spatial_gradient
spatial_gradient_000481,test_ood,test_ood/spatial_gradient_000481.npz,149,True,spatial_gradient
spatial_gradient_000482,test_ood,test_ood/spatial_gradient_000482.npz,63,True,spatial_gradient
spatial_gradient_000483,test_ood,test_ood/spatial_gradient_000483.npz,232,True,spatial_gradient
spatial_gradient_000484,test_ood,test_ood/spatial_gradient_000484.npz,63,True,spatial_gradient
spatial_gradient_000485,test_ood,test_ood/spatial_gradient_000485.npz,255,True,spatial_gradient
spatial_gradient_000486,test_ood,test_ood/spatial_gradient_000486.npz,91,True,spatial_gradient
spatial_gradient_000487,test_ood,test_ood/spatial_gradient_000487.npz,120,True,spatial_gradient
spatial_gradient_000488,test_ood,test_ood/spatial_gradient_000488.npz,182,True,spatial_gradient
spatial_gradient_000489,test_ood,test_ood/spatial_gradient_000489.npz,150,True,spatial_gradient
spatial_gradient_000490,test_ood,test_ood/spatial_gradient_000490.npz,109,True,spatial_gradient
spatial_gradient_000491,test_ood,test_ood/spatial_gradient_000491.npz,261,True,spatial_gradient
spatial_gradient_000492,test_ood,test_ood/spatial_gradient_000492.npz,255,True,spatial_gradient
spatial_gradient_000493,test_ood,test_ood/spatial_gradient_000493.npz,216,True,spatial_gradient
spatial_gradient_000494,test_ood,test_ood/spatial_gradient_000494.npz,85,True,spatial_gradient
spatial_gradient_000495,test_ood,test_ood/spatial_gradient_000495.npz,63,True,spatial_gradient
spatial_gradient_000496,test_ood,test_ood/spatial_gradient_000496.npz,41,True,spatial_gradient
spatial_gradient_000497,test_ood,test_ood/spatial_gradient_000497.npz,40,True,spatial_gradient
spatial_gradient_000498,test_ood,test_ood/spatial_gradient_000498.npz,121,True,spatial_gradient
spatial_gradient_000499,test_ood,test_ood/spatial_gradient_000499.npz,359,True,spatial_gradient
